Timestamp,BMS_maxRegenPower,BMS_maxDischargePower,BMS_preconditionAllowed,SOCave292,DI_uiSpeed,BattVoltage132,RawBattCurrent132,VCRIGHT_tempAmbientRaw,ChargeLineVoltage264,ChargeLineCurrent264,ChargeLinePower264,BMSdissipation312,BMSminPackTemperature,BMSmaxPackTemperature,Odometer3B6,TotalDischargeKWh3D2,TotalChargeKWh3D2,VCFRONT_tempAmbient,UI_batteryPreconditioningRequest,GPSLatitude04F,GPSLongitude04F,UI_Range,BMS_kwhRegenChargeTotal,BMS_kwhDriveDischargeTotal,FCMaxPowerLimit541,FCMaxCurrentLimit541,FCPowerLimit244,FCCurrentLimit244,FCMaxVlimit244,FCMinVlimit244,FC_dcCurrent,FC_dcVoltage
2024-08-10 06:39:51+00:00,85.0,19.305,1.0,51.3,,353.88989999999995,-25.716,19.5,1.72494,0.0,0.0,0.0,27.25,28.5,4294967.295,10989.974,11651.184,19.5,0.0,47.85321,3.542981,124.0,,9453.84,259.981056,500.023134,259.981056,25.854426,469.920672,209.91157200000004,14.37011964,353.1885368
2024-08-10 06:39:52+00:00,85.0,19.3102,1.0,51.3,,355.2619,-47.287,19.5,1.71828,0.0,0.0,0.0,27.25,28.5,4294967.295,10989.974,11651.188,19.5,0.0,47.85321,3.542981,124.0,,,259.981056,500.023134,259.981056,55.56138120000001,469.920672,209.91157200000004,41.35254611999999,354.59478707999995
2024-08-10 06:39:53+00:00,85.0,19.318,1.0,51.3,,356.25090000000006,-60.5825,19.5,1.7282700000000002,0.0,0.0,0.0,27.25,28.5,4294967.295,10989.974,11651.194,19.5,0.0,47.85321,3.542981,124.0,,,259.981056,500.023134,259.981056,76.574511,469.920672,209.91157200000004,60.46143609999999,355.5176388
2024-08-10 06:39:54+00:00,85.0,19.3245,1.0,51.3,,357.2203,-73.098,19.5,1.7282700000000002,0.0,0.0,0.0,27.0,28.5,4294967.295,10989.974,11651.2,19.5,0.0,47.85321,3.542981,124.0,,,259.981056,500.023134,259.981056,93.38355,469.920672,209.91157200000004,75.79102856,356.6016234
2024-08-10 06:39:55+00:00,85.0,19.331,1.0,51.3,,358.0656,-83.984,19.5,1.72494,0.0,0.0,0.0,27.0,28.5,4294967.295,10989.974,11651.208,19.5,0.0,47.85321,3.542981,124.0,,,259.981056,500.023134,259.981056,107.006562,469.920672,209.91157200000004,88.21290567999999,357.5977173
2024-08-10 06:39:56+00:00,85.0,19.34281818181818,1.0,51.30909090909092,,358.842,-93.6135,19.5,1.7282700000000002,0.0,0.0,0.02,26.75,28.75,4294967.295,10989.974,11651.216,19.5,0.0,47.85321,3.542981,124.0,,,259.981056,500.023134,259.981056,118.871766,469.920672,209.91157200000004,98.99415752,358.62310807999995
2024-08-10 06:39:57+00:00,85.0,19.3531,1.0,51.4,,359.6085,-102.6395,19.5,1.7282700000000002,0.0,0.0,0.02,26.75,28.75,4294967.295,10989.974,11651.226,19.5,0.0,47.85321,3.542981,124.0,,,259.981056,500.023134,259.981056,129.9020112,469.920672,209.91157200000004,108.999042,359.6045536
2024-08-10 06:39:58+00:00,85.0,19.3622,1.0,51.4,,360.3164,-110.044,19.5,1.7282700000000002,0.0,0.0,0.02,26.5,28.75,4294967.295,10989.974,11651.238,19.5,0.0,47.85321,3.542981,124.0,,,259.981056,500.023134,259.981056,138.940074,469.920672,209.91157200000004,117.18752,360.6006475
2024-08-10 06:39:59+00:00,85.0,19.3713,1.0,51.4,,360.9577000000001,-117.7295,19.5,1.7316000000000005,0.0,0.0,0.04,26.5,28.75,4294967.295,10989.974,11651.248,19.5,0.0,47.85321,3.542981,124.0,,,259.981056,500.023134,259.981056,146.41075800000002,469.920672,209.91157200000004,123.96242349999996,361.0108038
2024-08-10 06:40:00+00:00,85.0,19.383,1.0,51.4,,361.7085,-127.094,19.5,1.7282700000000002,0.0,0.0,0.06,26.5,28.75,4294967.295,10989.974,11651.26,19.5,0.0,47.85321,3.542981,124.0,,,259.981056,500.023134,259.981056,156.73788,469.920672,209.91157200000004,133.35939775999998,361.6260383
2024-08-10 06:40:01+00:00,85.0,19.3947,1.0,51.4,,362.5134,-136.779,19.5,1.7282700000000002,0.0,0.0,0.08,26.75,28.75,4294967.295,10989.974,11651.274,19.5,0.0,47.85321,3.542981,124.0,,,259.981056,500.023134,259.981056,167.94390600000003,469.920672,209.91157200000004,143.554712,362.6074838
2024-08-10 06:40:02+00:00,85.0,19.4051,1.0,51.5,,363.249,-145.4785,19.5,1.72494,0.0,0.0,0.1,26.75,28.75,4294967.295,10989.974,11651.288,19.5,0.0,47.85321,3.542981,124.0,2443.464,,259.981056,500.023134,259.981056,178.05130200000002,469.920672,209.91157200000004,152.7832292,363.6035777
2024-08-10 06:40:03+00:00,85.0,19.4155,1.0,51.5,,364.1122,-154.6975,19.5,1.7282700000000002,0.0,0.0,0.12,26.75,28.75,4294967.295,10989.974,11651.304,19.5,0.0,47.85321,3.542981,124.0,,9453.84,259.981056,500.023134,259.981056,186.547374,469.920672,209.91157200000004,160.51028129999997,364.4898083
2024-08-10 06:40:04+00:00,85.0,19.4272,1.0,51.5,,364.8575757575758,-162.5919192,19.5,1.7149500000000004,0.0,0.0,0.16,26.75,28.75,4294967.295,10989.974,11651.32,19.5,0.0,47.85321,3.542981,124.0,,,259.981056,500.023134,259.981056,197.460432,469.920672,209.91157200000004,170.3760056,364.9658826
2024-08-10 06:40:05+00:00,85.0,19.4376,1.0,51.52,,365.6516831683168,-171.9821782,19.5,1.7316000000000005,0.0,0.0,0.2,26.75,28.75,4294967.295,10989.974,11651.336,19.5,0.0,47.85321,3.542981,124.0,,,259.981056,500.023134,259.981056,207.348102,469.920672,209.91157200000004,179.35549935999998,365.5811171
2024-08-10 06:40:06+00:00,85.0,19.4493,1.0,51.6,,366.4862626262626,-182.5348485,19.5,1.7349300000000003,0.0,0.0,0.24,26.75,28.75,4294967.295,10989.974,11651.356,19.5,0.0,47.85321,3.542981,124.0,,,259.981056,500.023134,259.981056,218.554128,469.920672,209.91157200000004,189.5947589,366.6065079
2024-08-10 06:40:07+00:00,85.0,19.461,1.0,51.6,,367.2514,-191.2105,19.5,1.7316000000000005,0.0,0.0,0.28,26.75,28.75,4294967.295,10989.974,11651.372,19.5,0.0,47.85321,3.542981,124.0,,,259.981056,500.023134,259.981056,229.320702,469.920672,209.91157200000004,199.3799168,367.5879534
2024-08-10 06:40:08+00:00,85.0,19.4727,1.0,51.6,,368.06,-200.7628713,19.5,1.7316000000000005,0.0,0.0,0.34,26.75,28.75,4294967.295,10989.974,11651.394,19.5,0.0,47.85321,3.542981,124.0,,,259.981056,500.023134,259.981056,239.208372,469.920672,209.91157200000004,208.3594106,368.5840473
2024-08-10 06:40:09+00:00,85.0,19.4844,1.0,51.7,,368.9336,-210.5745,19.5,1.7316000000000005,0.0,0.0,0.4,26.75,28.75,4294967.295,10989.974,11651.416,19.5,0.0,47.85321,3.542981,124.0,,,259.981056,500.023134,259.981056,249.1399872,469.920672,209.91157200000004,217.3682012,369.6094381
2024-08-10 06:40:10+00:00,85.0,19.4948,1.0,51.7,,369.8379,-219.9105,19.5,1.7349300000000003,0.0,0.0,0.46,26.75,28.75,4294967.295,10989.974,11651.438,19.5,0.0,47.85321,3.542981,124.0,,,259.981056,500.023134,259.981056,260.37531,469.920672,209.91157200000004,227.5635154,370.0195944
2024-08-10 06:40:11+00:00,85.0,19.5052,1.0,51.720000000000006,,370.4786,-227.1135,19.5,1.7316000000000005,0.0,0.0,0.54,27.0,29.0,4294967.295,10989.974,11651.46,19.5,0.0,47.85321,3.542981,124.0,,,259.981056,500.023134,259.981056,269.823528,469.920672,209.91157200000004,236.1767981,370.5908836
2024-08-10 06:40:12+00:00,85.0,19.5156,1.0,51.8,,371.1408,-233.989,19.5,1.7382600000000004,0.0,0.0,0.62,27.0,29.0,4294967.295,10989.974,11651.484,19.5,0.0,47.85321,3.542981,124.0,,,259.981056,500.023134,259.981056,278.17311600000005,469.920672,209.91157200000004,243.7793385,371.5869775
2024-08-10 06:40:13+00:00,85.0,19.526,1.0,51.8,,371.7866,-241.2175,19.5,1.7282700000000002,0.0,0.0,0.7000000000000001,27.0,29.0,4294967.295,10989.974,11651.508,19.5,0.0,47.85321,3.542981,124.0,,,259.981056,500.023134,259.981056,286.302978,469.920672,209.91157200000004,251.1914491,371.9971338
2024-08-10 06:40:14+00:00,85.0,19.5377,1.0,51.870000000000005,,372.49770000000007,-249.184,19.5,1.72494,0.0,0.0,0.78,27.0,29.0,4294967.295,10989.974,11651.534,19.5,0.0,47.85321,3.542981,124.0,2443.464,,259.981056,500.023134,259.981056,295.311744,469.920672,209.91157200000004,259.409224,372.6123683
2024-08-10 06:40:15+00:00,85.0,19.5468,1.0,51.9,,372.9644,-254.028,19.5,1.7116200000000004,0.0,0.0,0.88,27.0,29.0,4294967.295,10989.974,11651.56,19.5,0.0,47.85321,3.542981,125.0,,9453.84,259.981056,500.023134,259.981056,304.5841812,469.920672,209.91157200000004,267.80278007999993,373.5938138
2024-08-10 06:40:16+00:00,85.0,19.5559,1.0,51.93000000000001,,372.8451515151515,-248.820202,19.5,1.7316000000000005,0.0,0.0,0.96,27.0,29.0,4294967.295,10989.974,11651.586,19.5,0.0,47.85321,3.542981,125.0,,,259.981056,500.023134,259.981056,304.1300808,469.920672,209.91157200000004,267.3926238,373.9746732
2024-08-10 06:40:17+00:00,85.0,19.565,1.0,52.0,,372.98029702970297,-248.450495,19.5,1.7316000000000005,0.0,0.0,1.06,27.0,29.0,4294967.295,10989.974,11651.612,19.5,0.0,47.85321,3.542981,125.0,,,259.981056,500.023134,259.981056,301.464072,469.920672,209.91157200000004,264.99027959999995,373.9746732
2024-08-10 06:40:18+00:00,85.0,19.5754,1.0,52.0,,373.0868,-247.827,19.5,1.7316000000000005,0.0,0.0,1.14,27.0,29.0,4294967.295,10989.974,11651.638,19.5,0.0,47.85321,3.542981,125.0,,,259.981056,500.023134,259.981056,300.804894,469.920672,209.91157200000004,264.3750451,373.9746732
2024-08-10 06:40:19+00:00,85.0,19.5806,1.0,52.09,,373.2272,-246.557,19.5,1.7282700000000002,0.0,0.0,1.22,27.0,29.0,4294967.295,10989.974,11651.664,19.5,0.0,47.85321,3.542981,125.0,,,259.981056,500.023134,259.981056,300.36544200000003,469.920672,209.91157200000004,263.9648888,373.9746732
2024-08-10 06:40:20+00:00,85.0,19.591,1.0,52.1,,373.320101,-245.2393939,19.5,1.7282700000000002,0.0,0.0,1.3,27.0,29.0,4294967.295,10989.974,11651.688,19.5,0.0,47.85321,3.542981,125.0,,,259.981056,500.023134,259.981056,299.70626400000003,469.920672,209.91157200000004,263.3935996,373.9746732
2024-08-10 06:40:21+00:00,85.0,19.5975,1.0,52.14,,373.3173267326733,-243.0415842,19.5,1.7282700000000002,0.0,0.0,1.38,27.0,29.0,4294967.295,10989.974,11651.714,19.5,0.0,47.85321,3.542981,125.0,,,259.981056,500.023134,259.981056,297.948456,469.920672,209.91157200000004,261.7822712,373.9746732
2024-08-10 06:40:22+00:00,85.0,19.604,1.0,52.2,,373.2831313131313,-241.4080808,19.5,1.7282700000000002,0.0,0.0,1.46,27.0,29.0,4294967.295,10989.974,11651.738,19.5,0.0,47.85321,3.542981,125.0,,,259.981056,500.023134,259.981056,296.410374,469.920672,209.91157200000004,260.39066943999995,373.9746732
2024-08-10 06:40:23+00:00,85.0,19.6105,1.0,52.2,,373.2905940594059,-240.0361386,19.5,1.7316000000000005,0.0,0.0,1.54,27.0,29.25,4294967.295,10989.974,11651.764,19.5,0.0,47.85321,3.542981,125.0,,,259.981056,500.023134,259.981056,295.97092200000003,469.920672,209.91157200000004,260.00981,373.9746732
2024-08-10 06:40:24+00:00,85.0,19.617,1.0,52.290000000000006,,373.2870707070707,-238.3348485,19.5,1.7316000000000005,0.0,0.0,1.6,27.0,29.25,4294967.295,10989.974,11651.79,19.5,0.0,47.85321,3.542981,125.0,,,259.981056,500.023134,259.981056,294.65256600000004,469.920672,209.91157200000004,258.779341,373.9746732
2024-08-10 06:40:25+00:00,85.0,19.6196,1.0,52.3,,373.2862376237624,-236.0222772,19.5,1.72161,0.0,0.0,1.66,27.0,29.25,4294967.295,10989.974,11651.814,19.5,0.0,47.85321,3.542981,125.0,,,259.981056,500.023134,259.981056,292.455306,469.920672,209.91157200000004,256.7725048,373.9746732
2024-08-10 06:40:26+00:00,85.0,19.63,1.0,52.34000000000001,,373.3888888888889,-234.7808081,19.5,1.7282700000000002,0.0,0.0,1.74,27.25,29.25,4294967.295,10989.974,11651.838,19.5,0.0,47.85321,3.542981,125.0,2443.464,,259.981056,500.023134,259.981056,290.91722400000003,469.920672,209.91157200000004,255.3662545,373.9746732
2024-08-10 06:40:27+00:00,85.0,19.63,1.0,52.4,,373.3243564356436,-232.3856436,19.5,1.7316000000000005,0.0,0.0,1.8,27.25,29.25,4294967.295,10989.974,11651.862,19.5,0.0,47.85321,3.542981,126.0,,9453.84,259.981056,500.023134,259.981056,288.500238,469.920672,209.91157200000004,253.1543401,373.9746732
2024-08-10 06:40:28+00:00,85.0,19.6365,1.0,52.4,,373.2751515151515,-230.2560606,19.5,1.7316000000000005,0.0,0.0,1.84,27.25,29.25,4294967.295,10989.974,11651.886,19.5,0.0,47.85321,3.542981,126.0,,,259.981056,500.023134,259.981056,286.52270400000003,469.920672,209.91157200000004,251.3818788,373.9746732
2024-08-10 06:40:29+00:00,85.0,19.643,1.0,52.48,,373.2041584158416,-227.8732673,19.5,1.7349300000000003,0.0,0.0,1.9,27.25,29.25,4294967.295,10989.974,11651.91,19.5,0.0,47.85321,3.542981,126.0,,,259.981056,500.023134,259.981056,284.764896,469.920672,209.91157200000004,249.7705504,373.9746732
2024-08-10 06:40:30+00:00,85.0,19.643,1.0,52.5,,373.21949494949496,-226.2545455,19.5,1.7282700000000002,0.0,0.0,1.96,27.25,29.25,4294967.295,10989.974,11651.934,19.5,0.0,47.85321,3.542981,126.0,,,259.981056,500.023134,259.981056,283.226814,469.920672,209.91157200000004,248.3789486,373.9746732
2024-08-10 06:40:31+00:00,85.0,19.643,1.0,52.510000000000005,,373.1525742574258,-224.6653465,19.5,1.7316000000000005,0.0,0.0,2.0,27.25,29.25,4294967.295,10989.974,11651.956,19.5,0.0,47.85321,3.542981,126.0,,,259.981056,500.023134,259.981056,282.12818400000003,469.920672,209.91157200000004,247.3828547,373.9746732
2024-08-10 06:40:32+00:00,85.0,19.656,1.0,52.6,,373.02,-222.3575758,19.5,1.7316000000000005,0.0,0.0,2.04,27.25,29.25,4294967.295,10989.974,11651.98,19.5,0.0,47.85321,3.542981,126.0,,,259.981056,500.023134,259.981056,280.040787,469.920672,209.91157200000004,245.4712333,373.9746732
2024-08-10 06:40:33+00:00,85.0,19.656,1.0,52.6,,372.9801,-220.8685,19.5,1.7349300000000003,0.0,0.0,2.08,27.25,29.5,4294967.295,10989.974,11652.002,19.5,0.0,47.85321,3.542981,126.0,,,259.981056,500.023134,259.981056,277.73366400000003,469.920672,209.91157200000004,243.398479,373.9746732
2024-08-10 06:40:34+00:00,85.0,19.656,1.0,52.64,,372.8703,-218.5455,19.5,1.7349300000000003,0.0,0.0,2.12,27.25,29.5,4294967.295,10989.974,11652.026,19.5,0.0,47.85321,3.542981,126.0,,,259.981056,500.023134,259.981056,275.975856,469.920672,209.91157200000004,241.7871506,373.9746732
2024-08-10 06:40:35+00:00,85.0,19.656,1.0,52.7,,372.878,-217.151,19.5,1.7316000000000005,0.0,0.0,2.16,27.25,29.5,4294967.295,10989.974,11652.048,19.5,0.0,47.85321,3.542981,126.0,,,259.981056,500.023134,259.981056,274.437774,469.920672,209.91157200000004,240.3955488,373.9746732
2024-08-10 06:40:36+00:00,85.0,19.6586,1.0,52.7,,372.8711,-215.8785,19.5,1.75158,0.0,0.0,2.2,27.25,29.5,4294967.295,10989.974,11652.072,19.5,0.0,47.85321,3.542981,126.0,,,259.981056,500.023134,259.981056,273.33914400000003,469.920672,209.91157200000004,239.3994549,373.40338403999993
2024-08-10 06:40:37+00:00,85.0,19.669,1.0,52.760000000000005,,372.7764,-214.1725,19.5,1.7349300000000003,0.0,0.0,2.24,27.5,29.5,4294967.295,10989.974,11652.092,19.5,0.0,47.85321,3.542981,126.0,,,259.981056,500.023134,259.981056,272.240514,469.920672,209.91157200000004,238.3740641,373.0225246
2024-08-10 06:40:38+00:00,85.0,19.669,1.0,52.8,,372.7126,-212.8595,19.5,1.7349300000000003,0.0,0.0,2.26,27.5,29.5,4294967.295,10989.974,11652.116,19.5,0.0,47.85321,3.542981,126.0,2443.464,,259.981056,500.023134,259.981056,270.482706,469.920672,209.91157200000004,236.7773842,373.0225246
2024-08-10 06:40:39+00:00,85.0,19.669,1.0,52.8,,372.6546,-211.671,19.5,1.7316000000000005,0.0,0.0,2.28,27.5,29.5,4294967.295,10989.974,11652.136,19.5,0.0,47.85321,3.542981,126.0,,9453.84,259.981056,500.023134,259.981056,268.94462400000003,469.920672,209.91157200000004,235.3711339,373.0225246
2024-08-10 06:40:40+00:00,85.0,19.669,1.0,52.870000000000005,,372.5638,-210.2405,19.5,1.7316000000000005,0.0,0.0,2.32,27.5,29.5,4294967.295,10989.974,11652.158,19.5,0.0,47.85321,3.542981,126.0,,,259.981056,500.023134,259.981056,267.845994,469.920672,209.91157200000004,234.3896884,373.0225246
2024-08-10 06:40:41+00:00,85.0,19.669,1.0,52.9,,372.5694,-208.852,19.5,1.7316000000000005,0.0,0.0,2.34,27.5,29.5,4294967.295,10989.974,11652.18,19.5,0.0,47.85321,3.542981,128.0,,,259.981056,500.023134,259.981056,266.30791200000004,469.920672,209.91157200000004,232.9834382,373.0225246
2024-08-10 06:40:42+00:00,85.0,19.669,1.0,52.9,,372.6161,-207.7585,19.5,1.7316000000000005,0.0,0.0,2.36,27.5,29.75,4294967.295,10989.974,11652.202,19.5,0.0,47.85321,3.542981,128.0,,,259.981056,500.023134,259.981056,264.55010400000003,469.920672,209.91157200000004,231.3867582,373.0225246
2024-08-10 06:40:43+00:00,85.0,19.669,1.0,52.98,,372.5194,-206.0415,19.5,1.7316000000000005,0.0,0.0,2.38,27.5,29.75,4294967.295,10989.974,11652.224,19.5,0.0,47.85321,3.542981,128.0,,,259.981056,500.023134,259.981056,262.792296,469.920672,209.91157200000004,229.7754298,373.0225246
2024-08-10 06:40:44+00:00,85.0,19.669,1.0,53.0,,372.4994,-205.369,19.5,1.7316000000000005,0.0,0.0,2.4,27.5,29.75,4294967.295,10989.974,11652.246,19.5,0.0,47.85321,3.542981,128.0,,,259.981056,500.023134,259.981056,261.254214,469.920672,209.91157200000004,228.383828,373.0225246
2024-08-10 06:40:45+00:00,85.0,19.6703,1.0,53.0,,372.4626,-204.6605,19.5,1.7316000000000005,0.0,0.0,2.42,27.5,29.75,4294967.295,10989.974,11652.266,19.5,0.0,47.85321,3.542981,128.0,,,259.981056,500.023134,259.981056,260.81476200000003,469.920672,209.91157200000004,228.0029686,373.0225246
2024-08-10 06:40:46+00:00,85.0,19.682,1.0,53.09,,372.4817,-203.796,19.5,1.7316000000000005,0.0,0.0,2.44,27.5,29.75,4294967.295,10989.974,11652.288,19.5,0.0,47.85321,3.542981,128.0,,,259.981056,500.023134,259.981056,260.155584,469.920672,209.91157200000004,227.38773411999995,373.0225246
2024-08-10 06:40:47+00:00,85.0,19.682,1.0,53.1,,372.4098,-202.969,19.5,1.7316000000000005,0.0,0.0,2.46,27.5,29.75,4294967.295,10989.974,11652.308,19.5,0.0,47.85321,3.542981,128.0,,,259.981056,500.023134,259.981056,259.056954,469.920672,209.91157200000004,226.3623433,373.0225246
2024-08-10 06:40:48+00:00,85.0,19.682,1.0,53.1,,372.3049,-201.576,19.5,1.7316000000000005,0.0,0.0,2.48,27.5,29.75,4294967.295,10989.974,11652.33,19.5,0.0,47.85321,3.542981,128.0,,,259.981056,500.023134,259.981056,257.299146,469.920672,209.91157200000004,224.7656634,373.0225246
2024-08-10 06:40:49+00:00,85.0,19.682,1.0,53.19,,372.2827,-201.3225,19.5,1.7316000000000005,0.0,0.0,2.48,27.5,29.75,4294967.295,10989.974,11652.35,19.5,0.0,47.85321,3.542981,128.0,,,259.981056,500.023134,259.981056,257.07942,469.920672,209.91157200000004,224.5898821,373.0225246
2024-08-10 06:40:50+00:00,85.0,19.682,1.0,53.2,,372.2287,-200.6495,19.5,1.7316000000000005,0.0,0.0,2.5,27.5,29.75,4294967.295,10989.974,11652.37,19.5,0.0,47.85321,3.542981,128.0,2443.464,,259.981056,500.023134,259.981056,256.85969400000005,469.920672,209.91157200000004,224.3848039,373.0225246
2024-08-10 06:40:51+00:00,85.0,19.682,1.0,53.2,,372.2348,-199.957,19.5,1.7316000000000005,0.0,0.0,2.52,27.5,30.0,4294967.295,10989.974,11652.39,19.5,0.0,47.85321,3.542981,128.0,,9453.84,259.981056,500.023134,259.981056,256.42024200000003,469.920672,209.91157200000004,223.9746476,373.0225246
2024-08-10 06:40:52+00:00,85.0,19.682,1.0,53.290000000000006,,372.2381,-199.632,19.5,1.7316000000000005,0.0,0.0,2.52,27.5,30.0,4294967.295,10989.974,11652.412,19.5,0.0,47.85321,3.542981,128.0,,,259.981056,500.023134,259.981056,255.870927,469.920672,209.91157200000004,223.4619522,373.0225246
2024-08-10 06:40:53+00:00,85.0,19.682,1.0,53.3,,372.2074,-198.7515,19.5,1.7349300000000003,0.0,0.0,2.54,27.5,30.0,4294967.295,10989.974,11652.432,19.5,0.0,47.85321,3.542981,129.0,,,259.981056,500.023134,259.981056,255.321612,469.920672,209.91157200000004,222.9492568,373.0225246
2024-08-10 06:40:54+00:00,85.0,19.682,1.0,53.3,,372.1494,-198.508,19.5,1.7316000000000005,0.0,0.0,2.54,27.5,30.0,4294967.295,10989.974,11652.454,19.5,0.0,47.85321,3.542981,129.0,,,259.981056,500.023134,259.981056,255.321612,469.920672,209.91157200000004,222.9492568,373.0225246
2024-08-10 06:40:55+00:00,85.0,19.682,1.0,53.39000000000001,,372.1024,-198.0145,19.5,1.7349300000000003,0.0,0.0,2.56,27.5,30.0,4294967.295,10989.974,11652.474,19.5,0.0,47.85321,3.542981,129.0,,,259.981056,500.023134,259.981056,254.003256,469.920672,209.91157200000004,221.7627332,373.0225246
2024-08-10 06:40:56+00:00,85.0,19.682,1.0,53.4,,372.0666000000001,-197.4505,19.5,1.7316000000000005,0.0,0.0,2.56,27.5,30.0,4294967.295,10989.974,11652.494,19.5,0.0,47.85321,3.542981,129.0,,,259.981056,500.023134,259.981056,253.124352,469.920672,209.91157200000004,220.9717174,373.0225246
2024-08-10 06:40:57+00:00,85.0,19.682,1.0,53.4,,372.093,-197.371,19.5,1.7282700000000002,0.0,0.0,2.58,27.5,30.0,4294967.295,10989.974,11652.514,19.5,0.0,47.85321,3.542981,129.0,,,259.981056,500.023134,259.981056,252.465174,469.920672,209.91157200000004,220.3564829,373.0225246
2024-08-10 06:40:58+00:00,85.0,19.682,1.0,53.48,,372.1625,-196.813,19.5,1.7382600000000004,0.0,0.0,2.58,27.5,30.0,4294967.295,10989.974,11652.536,19.5,0.0,47.85321,3.542981,129.0,,,259.981056,500.023134,259.981056,252.025722,469.920672,209.91157200000004,219.9463266,373.0225246
2024-08-10 06:40:59+00:00,85.0,19.682,1.0,53.5,,372.1193,-196.624,19.5,1.7349300000000003,0.0,0.0,2.58,27.5,30.0,4294967.295,10989.974,11652.554,19.5,0.0,47.85321,3.542981,129.0,,,259.981056,500.023134,259.981056,252.025722,469.920672,209.91157200000004,219.9463266,373.0225246
2024-08-10 06:41:00+00:00,85.0,19.682,1.0,53.5,,372.1342,-196.4145,19.5,1.7316000000000005,0.0,0.0,2.6,27.5,30.25,4294967.295,10989.974,11652.576,19.5,0.0,47.85321,3.542981,129.0,,,259.981056,500.023134,259.981056,252.025722,469.920672,209.91157200000004,219.9463266,373.0225246
2024-08-10 06:41:01+00:00,85.0,19.682,1.0,53.58,,372.1183,-196.4245,19.5,1.7316000000000005,0.0,0.0,2.6,27.5,30.25,4294967.295,10989.974,11652.596,19.5,0.0,47.85321,3.542981,129.0,,,259.981056,500.023134,259.981056,252.025722,469.920672,209.91157200000004,219.9463266,373.0225246
2024-08-10 06:41:02+00:00,85.0,19.682,1.0,53.6,,372.1593,-196.2445,19.5,1.7316000000000005,0.0,0.0,2.6,27.5,30.25,4294967.295,10989.974,11652.616,19.5,0.0,47.85321,3.542981,129.0,2443.464,,259.981056,500.023134,259.981056,252.025722,469.920672,209.91157200000004,219.9463266,373.0225246
2024-08-10 06:41:03+00:00,85.0,19.682,1.0,53.6,,372.0923,-195.6965,19.5,1.7382600000000004,0.0,0.0,2.62,27.5,30.25,4294967.295,10989.974,11652.636,19.5,0.0,47.85321,3.542981,129.0,,9453.84,259.981056,500.023134,259.981056,251.36654400000003,469.920672,209.91157200000004,219.3750374,373.0225246
2024-08-10 06:41:04+00:00,85.0,19.682,1.0,53.67,,372.0492,-195.777,19.5,1.7316000000000005,0.0,0.0,2.62,27.75,30.25,4294967.295,10989.974,11652.658,19.5,0.0,47.85321,3.542981,129.0,,,259.981056,500.023134,259.981056,250.927092,469.920672,209.91157200000004,218.994178,373.0225246
2024-08-10 06:41:05+00:00,85.0,19.682,1.0,53.7,,372.0244,-195.6645,19.5,1.7316000000000005,0.0,0.0,2.62,27.75,30.25,4294967.295,10989.974,11652.676,19.5,0.0,47.85321,3.54298,129.0,,,259.981056,500.023134,259.981056,250.927092,469.920672,209.91157200000004,218.994178,373.0225246
2024-08-10 06:41:06+00:00,85.0,19.682,1.0,53.7,,371.9515,-194.7405,19.5,1.7316000000000005,0.0,0.0,2.64,27.75,30.25,4294967.295,10989.974,11652.696,19.5,0.0,47.85321,3.54298,129.0,,,259.981056,500.023134,259.981056,249.608736,469.920672,209.91157200000004,217.8076544,373.0225246
2024-08-10 06:41:07+00:00,85.0,19.682,1.0,53.760000000000005,,371.9467,-193.6865,19.5,1.7316000000000005,0.0,0.0,2.64,27.75,30.25,4294967.295,10989.974,11652.716,19.5,0.0,47.85321,3.54298,130.0,,,259.981056,500.023134,259.981056,248.070654,469.920672,209.91157200000004,216.4014041,373.0225246
2024-08-10 06:41:08+00:00,85.0,19.682,1.0,53.8,,371.982,-194.506,19.5,1.7349300000000003,0.0,0.0,2.64,27.75,30.25,4294967.295,10989.974,11652.736,19.5,0.0,47.85321,3.54298,130.0,,,259.981056,500.023134,259.981056,248.29038,469.920672,209.91157200000004,216.6064823,373.0225246
2024-08-10 06:41:09+00:00,85.0,19.682,1.0,53.8,,371.99840000000006,-194.3165,19.5,1.7349300000000003,0.0,0.0,2.64,27.75,30.5,4294967.295,10989.974,11652.756,19.5,0.0,47.85321,3.54298,130.0,,,259.981056,500.023134,259.981056,248.72983200000004,469.920672,209.91157200000004,217.0166386,373.0225246
2024-08-10 06:41:10+00:00,85.0,19.682,1.0,53.85,,371.9517,-194.888,19.5,1.7349300000000003,0.0,0.0,2.64,27.75,30.5,4294967.295,10989.974,11652.778,19.5,0.0,47.85321,3.54298,130.0,,,259.981056,500.023134,259.981056,250.04818800000004,469.920672,209.91157200000004,218.2031622,373.0225246
2024-08-10 06:41:11+00:00,85.0,19.682,1.0,53.9,,371.9275,-194.834,19.5,1.7382600000000004,0.0,0.0,2.64,27.75,30.5,4294967.295,10989.974,11652.796,19.5,0.0,47.85321,3.54298,130.0,,,259.981056,500.023134,259.981056,250.927092,469.920672,209.91157200000004,218.994178,373.0225246
2024-08-10 06:41:12+00:00,85.0,19.682,1.0,53.9,,371.9146,-194.9865,19.3,1.74825,0.0,0.0,2.66,27.75,30.5,4294967.295,10989.974,11652.818,19.0,0.0,47.85321,3.54298,130.0,,,259.981056,500.023134,259.981056,250.927092,469.920672,209.91157200000004,218.994178,373.0225246
2024-08-10 06:41:13+00:00,85.0,19.682,1.0,53.94000000000001,,371.9551,-194.989,19.1,1.7349300000000003,0.0,0.0,2.66,27.75,30.5,4294967.295,10989.974,11652.838,19.0,0.0,47.85321,3.54298,130.0,,,259.981056,500.023134,259.981056,250.927092,469.920672,209.91157200000004,218.994178,373.0225246
2024-08-10 06:41:14+00:00,85.0,19.682,1.0,54.0,,372.0587,-194.8365,19.2,1.7382600000000004,0.0,0.0,2.66,27.75,30.5,4294967.295,10989.974,11652.858,19.5,0.0,47.85321,3.54298,130.0,2443.464,,259.981056,500.023134,259.981056,250.927092,469.920672,209.91157200000004,218.994178,373.0225246
2024-08-10 06:41:15+00:00,85.0,19.682,1.0,54.0,,372.0068,-194.8105,19.2,1.74159,0.0,0.0,2.66,27.75,30.5,4294967.295,10989.974,11652.878,19.0,0.0,47.85321,3.54298,130.0,,9453.84,259.981056,500.023134,259.981056,250.927092,469.920672,209.91157200000004,218.994178,373.0225246
2024-08-10 06:41:16+00:00,85.0,19.682,1.0,54.03,,372.00090000000006,-194.5615,19.1,1.7349300000000003,0.0,0.0,2.66,27.75,30.5,4294967.295,10989.974,11652.898,19.0,0.0,47.85321,3.54298,130.0,,,259.981056,500.023134,259.981056,249.608736,469.920672,209.91157200000004,217.8076544,373.0225246
2024-08-10 06:41:17+00:00,85.0,19.682,1.0,54.1,,371.93910000000005,-193.519,19.1,1.74492,0.0,0.0,2.66,27.75,30.75,4294967.295,10989.974,11652.916,19.0,0.0,47.85321,3.54298,130.0,,,259.981056,500.023134,259.981056,248.070654,469.920672,209.91157200000004,216.4014041,372.4072901
2024-08-10 06:41:18+00:00,85.0,19.682,1.0,54.1,,372.0065,-193.975,19.0,1.7316000000000005,0.0,0.0,2.66,27.75,30.75,4294967.295,10989.974,11652.938,19.0,0.0,47.85321,3.54298,130.0,,,259.981056,500.023134,259.981056,248.29038,469.920672,209.91157200000004,216.6064823,372.6123683
2024-08-10 06:41:19+00:00,85.0,19.682,1.0,54.120000000000005,,371.9605,-194.074,19.1,1.7349300000000003,0.0,0.0,2.66,27.75,30.75,4294967.295,10989.974,11652.958,19.0,0.0,47.85321,3.54298,131.0,,,259.981056,500.023134,259.981056,248.72983200000004,469.920672,209.91157200000004,217.0166386,373.0225246
2024-08-10 06:41:20+00:00,85.0,19.682,1.0,54.2,,371.9462,-194.5355,19.3,1.7382600000000004,0.0,0.0,2.68,27.75,30.75,4294967.295,10989.974,11652.978,19.0,0.0,47.85321,3.54298,131.0,,,259.981056,500.023134,259.981056,248.72983200000004,469.920672,209.91157200000004,217.0166386,373.0225246
2024-08-10 06:41:21+00:00,85.0,19.682,1.0,54.2,,371.8856,-193.9295,19.5,1.74492,0.0,0.0,2.68,27.75,30.75,4294967.295,10989.974,11652.998,19.5,0.0,47.85321,3.54298,131.0,,,259.981056,500.023134,259.981056,248.72983200000004,469.920672,209.91157200000004,217.0166386,373.0225246
2024-08-10 06:41:22+00:00,85.0,19.682,1.0,54.21,,371.9,-194.623,19.5,1.7382600000000004,0.0,0.0,2.68,27.75,30.75,4294967.295,10989.974,11653.018,19.5,0.0,47.85321,3.54298,131.0,,,259.981056,500.023134,259.981056,250.04818800000004,469.920672,209.91157200000004,218.2031622,373.0225246
2024-08-10 06:41:23+00:00,85.0,19.682,1.0,54.3,,371.9487,-194.6455,19.5,1.7349300000000003,0.0,0.0,2.68,27.75,30.75,4294967.295,10989.974,11653.038,19.5,0.0,47.85321,3.54298,131.0,,,259.981056,500.023134,259.981056,249.608736,469.920672,209.91157200000004,217.8076544,373.0225246
2024-08-10 06:41:24+00:00,85.0,19.682,1.0,54.3,,371.9,-194.0,19.5,1.7349300000000003,0.0,0.0,2.68,27.75,30.75,4294967.295,10989.974,11653.058,19.5,0.0,47.85321,3.54298,131.0,,,259.981056,500.023134,259.981056,248.72983200000004,469.920672,209.91157200000004,217.0166386,373.0225246
2024-08-10 06:41:25+00:00,85.0,19.682,1.0,54.3,,371.9498,-194.5535,19.4,1.7316000000000005,0.0,0.0,2.68,27.75,30.75,4294967.295,10989.974,11653.08,19.5,0.0,47.85321,3.54298,132.0,,,259.981056,500.023134,259.981056,248.72983200000004,469.920672,209.91157200000004,217.0166386,373.0225246
2024-08-10 06:41:26+00:00,85.0,19.682,1.0,54.4,,371.8671,-194.049,19.5,1.7349300000000003,0.0,0.0,2.68,27.75,31.0,4294967.295,10989.974,11653.098,19.5,0.0,47.85321,3.54298,132.0,2443.464,,259.981056,500.023134,259.981056,248.72983200000004,469.920672,209.91157200000004,217.0166386,372.4072901
2024-08-10 06:41:27+00:00,85.0,19.6885,1.0,54.4,,371.8518,-194.376,19.5,1.7316000000000005,0.0,0.0,2.68,28.0,31.0,4294967.295,10989.974,11653.12,19.5,0.0,47.85321,3.54298,132.0,,9453.84,259.981056,500.023134,259.981056,248.72983200000004,469.920672,209.91157200000004,217.0166386,371.9971338
2024-08-10 06:41:28+00:00,85.0,19.695,1.0,54.4,,371.8229,-194.2105,19.5,1.74825,0.0,0.0,2.68,28.0,31.0,4294967.295,10989.974,11653.138,19.5,0.0,47.85321,3.54298,132.0,,,259.981056,500.023134,259.981056,248.72983200000004,469.920672,209.91157200000004,217.0166386,371.9971338
2024-08-10 06:41:29+00:00,85.0,19.695,1.0,54.49,,371.8681,-194.364,19.5,1.7549100000000002,0.0,0.0,2.68,28.0,31.0,4294967.295,10989.974,11653.158,19.5,0.0,47.85321,3.54298,132.0,,,259.981056,500.023134,259.981056,248.72983200000004,469.920672,209.91157200000004,217.0166386,371.9971338
2024-08-10 06:41:30+00:00,85.0,19.695,1.0,54.5,,371.9465,-194.143,19.5,1.7382600000000004,0.0,0.0,2.68,28.0,31.0,4294967.295,10989.974,11653.178,19.5,0.0,47.85321,3.54298,132.0,,,259.981056,500.023134,259.981056,248.72983200000004,469.920672,209.91157200000004,217.0166386,371.9971338
2024-08-10 06:41:31+00:00,85.0,19.695,1.0,54.5,,371.9431,-194.4725,19.5,1.74492,0.0,0.0,2.68,28.0,31.0,4294967.295,10989.974,11653.198,19.5,0.0,47.85321,3.54298,132.0,,,259.981056,500.023134,259.981056,248.72983200000004,469.920672,209.91157200000004,217.0166386,371.9971338
2024-08-10 06:41:32+00:00,85.0,19.695,1.0,54.58,,371.92370000000005,-194.1565,19.5,1.75824,0.0,0.0,2.68,28.0,31.0,4294967.295,10989.974,11653.218,19.5,0.0,47.85321,3.54298,132.0,,,259.981056,500.023134,259.981056,248.72983200000004,469.920672,209.91157200000004,217.0166386,371.9971338
2024-08-10 06:41:33+00:00,85.0,19.695,1.0,54.6,,371.9244000000001,-194.2735,19.5,1.74159,0.0,0.0,2.68,28.0,31.0,4294967.295,10989.974,11653.24,19.5,0.0,47.85321,3.54298,132.0,,,259.981056,500.023134,259.981056,248.72983200000004,469.920672,209.91157200000004,217.0166386,371.9971338
2024-08-10 06:41:34+00:00,85.0,19.695,1.0,54.6,,371.972,-194.471,19.5,1.74492,0.0,0.0,2.7,28.0,31.0,4294967.295,10989.974,11653.258,19.5,0.0,47.85321,3.54298,132.0,,,259.981056,500.023134,259.981056,250.04818800000004,469.920672,209.91157200000004,218.2031622,372.6123683
2024-08-10 06:41:35+00:00,85.0,19.695,1.0,54.67,,371.9219000000001,-194.441,19.5,1.7549100000000002,0.0,0.0,2.7,28.0,31.25,4294967.295,10989.974,11653.28,19.5,0.0,47.85321,3.54298,132.0,,,259.981056,500.023134,259.981056,249.608736,469.920672,209.91157200000004,217.8076544,372.4072901
2024-08-10 06:41:36+00:00,85.0,19.695,1.0,54.7,,371.8553,-193.8105,19.4,1.75158,0.0,0.0,2.7,28.0,31.25,4294967.295,10989.974,11653.3,19.5,0.0,47.85321,3.54298,132.0,,,259.981056,500.023134,259.981056,248.72983200000004,469.920672,209.91157200000004,217.0166386,371.9971338
2024-08-10 06:41:37+00:00,85.0,19.695,1.0,54.7,,371.8444,-194.4485,19.5,1.7349300000000003,0.0,0.0,2.7,28.0,31.25,4294967.295,10989.974,11653.32,19.5,0.0,47.85321,3.54298,132.0,,,259.981056,500.023134,259.981056,250.04818800000004,469.920672,209.91157200000004,218.2031622,372.6123683
2024-08-10 06:41:38+00:00,85.0,19.695,1.0,54.760000000000005,,371.8257,-194.6575,19.4,1.74159,0.0,0.0,2.7,28.0,31.25,4294967.295,10989.974,11653.34,19.5,0.0,47.85321,3.54298,132.0,2443.464,,259.981056,500.023134,259.981056,250.927092,469.920672,209.91157200000004,218.994178,373.0225246
2024-08-10 06:41:39+00:00,85.0,19.695,1.0,54.8,,371.8657,-194.642,19.4,1.7349300000000003,0.0,0.0,2.7,28.0,31.25,4294967.295,10989.974,11653.36,19.5,0.0,47.85321,3.54298,133.0,,9453.84,259.981056,500.023134,259.981056,250.927092,469.920672,209.91157200000004,218.994178,373.0225246
2024-08-10 06:41:40+00:00,85.0,19.695,1.0,54.8,,371.862,-194.5815,19.4,1.7349300000000003,0.0,0.0,2.7,28.0,31.25,4294967.295,10989.974,11653.38,19.5,0.0,47.85321,3.54298,133.0,,,259.981056,500.023134,259.981056,250.927092,469.920672,209.91157200000004,218.994178,373.0225246
2024-08-10 06:41:41+00:00,85.0,19.695,1.0,54.85,,371.8755000000001,-194.622,19.1,1.75824,0.0,0.0,2.7,28.0,31.25,4294967.295,10989.974,11653.4,19.0,0.0,47.85321,3.54298,133.0,,,259.981056,500.023134,259.981056,250.927092,469.920672,209.91157200000004,218.994178,373.0225246
2024-08-10 06:41:42+00:00,85.0,19.695,1.0,54.9,,371.8346,-194.676,19.4,1.74825,0.0,0.0,2.7,28.0,31.25,4294967.295,10989.974,11653.42,19.5,0.0,47.85321,3.54298,133.0,,,259.981056,500.023134,259.981056,250.927092,469.920672,209.91157200000004,218.994178,372.4072901
2024-08-10 06:41:43+00:00,85.0,19.695,1.0,54.9,,371.8015,-194.7165,19.0,1.74492,0.0,0.0,2.7,28.0,31.25,4294967.295,10989.974,11653.44,19.0,0.0,47.85321,3.54298,133.0,,,259.981056,500.023134,259.981056,249.608736,469.920672,209.91157200000004,217.8076544,371.9971338
2024-08-10 06:41:44+00:00,85.0,19.695,1.0,54.94000000000001,,371.7224,-193.6465,19.2,1.7349300000000003,0.0,0.0,2.7,28.0,31.5,4294967.295,10989.974,11653.46,19.5,0.0,47.85321,3.54298,133.0,,,259.981056,500.023134,259.981056,248.070654,469.920672,209.91157200000004,216.4014041,371.9971338
2024-08-10 06:41:45+00:00,85.0,19.695,1.0,55.0,,371.7699,-193.7195,19.2,1.7349300000000003,0.0,0.0,2.7,28.0,31.5,4294967.295,10989.974,11653.48,19.5,0.0,47.85321,3.54298,133.0,,,259.981056,500.023134,259.981056,248.29038,469.920672,209.91157200000004,216.6064823,371.9971338
2024-08-10 06:41:46+00:00,85.0,19.695,1.0,55.0,,371.8854,-194.343,19.0,1.74159,0.0,0.0,2.7,28.0,31.5,4294967.295,10989.974,11653.5,19.0,0.0,47.85321,3.54298,133.0,,,259.981056,500.023134,259.981056,250.04818800000004,469.920672,209.91157200000004,218.2031622,371.9971338
2024-08-10 06:41:47+00:00,85.0,19.695,1.0,55.03,,371.8737,-194.762,19.1,1.7349300000000003,0.0,0.0,2.7,28.0,31.5,4294967.295,10989.974,11653.52,19.0,0.0,47.85321,3.54298,133.0,,,259.981056,500.023134,259.981056,250.927092,469.920672,209.91157200000004,218.994178,371.9971338
2024-08-10 06:41:48+00:00,85.0,19.695,1.0,55.1,,371.86800000000005,-194.7175,19.0,1.74492,0.0,0.0,2.7,28.25,31.5,4294967.295,10989.974,11653.54,19.0,0.0,47.85321,3.54298,133.0,,,259.981056,500.023134,259.981056,250.927092,469.920672,209.91157200000004,218.994178,371.9971338
2024-08-10 06:41:49+00:00,85.0,19.695,1.0,55.1,,371.8536,-194.6005,19.3,1.74492,0.0,0.0,2.7,28.25,31.5,4294967.295,10989.974,11653.56,19.0,0.0,47.85321,3.54298,133.0,,,259.981056,500.023134,259.981056,249.608736,469.920672,209.91157200000004,217.8076544,371.9971338
2024-08-10 06:41:50+00:00,85.0,19.695,1.0,55.120000000000005,,371.8679,-194.132,19.0,1.7349300000000003,0.0,0.0,2.7,28.25,31.5,4294967.295,10989.974,11653.582,19.0,0.0,47.85321,3.54298,133.0,2443.464,,259.981056,500.023134,259.981056,248.72983200000004,469.920672,209.91157200000004,217.0166386,371.9971338
2024-08-10 06:41:51+00:00,85.0,19.695,1.0,55.2,,371.8528,-194.647,19.0,1.7382600000000004,0.0,0.0,2.7,28.25,31.5,4294967.295,10989.974,11653.6,19.0,0.0,47.85321,3.54298,134.0,,9453.84,259.981056,500.023134,259.981056,248.72983200000004,469.920672,209.91157200000004,217.0166386,371.9971338
2024-08-10 06:41:52+00:00,85.0,19.695,1.0,55.2,,371.7954,-194.6855,19.1,1.7382600000000004,0.0,0.0,2.7,28.25,31.5,4294967.295,10989.974,11653.622,19.0,0.0,47.85321,3.54298,134.0,,,259.981056,500.023134,259.981056,250.04818800000004,469.920672,209.91157200000004,218.2031622,371.9971338
2024-08-10 06:41:53+00:00,85.0,19.695,1.0,55.21,,371.8083,-195.244,19.0,1.75824,0.0,0.0,2.7,28.25,31.75,4294967.295,10989.974,11653.64,19.0,0.0,47.85321,3.54298,134.0,,,259.981056,500.023134,259.981056,250.927092,469.920672,209.91157200000004,218.994178,371.9971338
2024-08-10 06:41:54+00:00,85.0,19.695,1.0,55.3,,371.7733,-195.2085,19.0,1.7349300000000003,0.0,0.0,2.7,28.25,31.75,4294967.295,10989.974,11653.66,19.0,0.0,47.85321,3.54298,134.0,,,259.981056,500.023134,259.981056,250.927092,469.920672,209.91157200000004,218.994178,371.9971338
2024-08-10 06:41:55+00:00,85.0,19.695,1.0,55.3,,371.8233,-195.2065,19.1,1.7382600000000004,0.0,0.0,2.7,28.25,31.75,4294967.295,10989.974,11653.68,19.0,0.0,47.85321,3.54298,134.0,,,259.981056,500.023134,259.981056,250.927092,469.920672,209.91157200000004,218.994178,371.9971338
2024-08-10 06:41:56+00:00,85.0,19.695,1.0,55.3,,371.8162,-195.1875,19.1,1.74159,0.0,0.0,2.7,28.25,31.75,4294967.295,10989.974,11653.702,19.0,0.0,47.85321,3.54298,134.0,,,259.981056,500.023134,259.981056,250.927092,469.920672,209.91157200000004,218.994178,371.9971338
2024-08-10 06:41:57+00:00,85.0,19.695,1.0,55.4,,371.8176,-195.239,19.2,1.74492,0.0,0.0,2.7,28.25,31.75,4294967.295,10989.974,11653.722,19.0,0.0,47.85321,3.54298,134.0,,,259.981056,500.023134,259.981056,250.927092,469.920672,209.91157200000004,218.994178,371.9971338
2024-08-10 06:41:58+00:00,85.0,19.695,1.0,55.4,,371.7789,-195.2735,19.4,1.7549100000000002,0.0,0.0,2.7,28.25,31.75,4294967.295,10989.974,11653.742,19.5,0.0,47.85321,3.54298,134.0,,,259.981056,500.023134,259.981056,250.927092,469.920672,209.91157200000004,218.994178,371.9971338
2024-08-10 06:41:59+00:00,85.0,19.695,1.0,55.4,,371.75270000000006,-195.305,19.4,1.74159,0.0,0.0,2.7,28.25,31.75,4294967.295,10989.974,11653.762,19.5,0.0,47.85321,3.54298,134.0,,,259.981056,500.023134,259.981056,250.927092,469.920672,209.91157200000004,218.994178,371.9971338
2024-08-10 06:42:00+00:00,85.0,19.695,1.0,55.49,,371.7241,-195.2755,19.3,1.76157,0.0,0.0,2.7,28.25,31.75,4294967.295,10989.974,11653.782,19.0,0.0,47.85321,3.54298,134.0,,,259.981056,500.023134,259.981056,250.927092,469.920672,209.91157200000004,218.994178,371.9971338
2024-08-10 06:42:01+00:00,85.0,19.695,1.0,55.5,,371.74660000000006,-195.2515,19.4,1.74159,0.0,0.0,2.7,28.25,31.75,4294967.295,10989.974,11653.802,19.5,0.0,47.85321,3.54298,134.0,,,259.981056,500.023134,259.981056,250.927092,469.920672,209.91157200000004,218.994178,371.9971338
2024-08-10 06:42:02+00:00,85.0,19.695,1.0,55.5,,371.867,-195.1985,19.4,1.7382600000000004,0.0,0.0,2.7,28.25,32.0,4294967.295,10989.974,11653.822,19.5,0.0,47.85321,3.54298,134.0,2443.464,,259.981056,500.023134,259.981056,250.927092,469.920672,209.91157200000004,218.994178,371.9971338
2024-08-10 06:42:03+00:00,85.0,19.695,1.0,55.58,,371.8286,-195.6435,19.5,1.7549100000000002,0.0,0.0,2.7,28.25,32.0,4294967.295,10989.974,11653.842,19.5,0.0,47.85321,3.54298,134.0,,9453.84,259.981056,500.023134,259.981056,251.58627,469.920672,209.91157200000004,219.5654672,371.9971338
2024-08-10 06:42:04+00:00,85.0,19.6963,1.0,55.6,,371.8555,-196.0525,19.5,1.74492,0.0,0.0,2.7,28.25,32.0,4294967.295,10989.974,11653.864,19.5,0.0,47.85321,3.54298,134.0,,,259.981056,500.023134,259.981056,252.025722,469.920672,209.91157200000004,219.9463266,371.9971338
2024-08-10 06:42:05+00:00,85.0,19.708,1.0,55.6,,371.8518,-196.025,19.5,1.74159,0.0,0.0,2.7,28.25,32.0,4294967.295,10989.974,11653.884,19.5,0.0,47.85321,3.54298,135.0,,,259.981056,500.023134,259.981056,252.025722,469.920672,209.91157200000004,219.9463266,371.9971338
2024-08-10 06:42:06+00:00,85.0,19.708,1.0,55.67,,371.8885,-195.9815,19.5,1.75824,0.0,0.0,2.7,28.25,32.0,4294967.295,10989.974,11653.902,19.5,0.0,47.85321,3.54298,135.0,,,259.981056,500.023134,259.981056,252.025722,469.920672,209.91157200000004,219.9463266,371.9971338
2024-08-10 06:42:07+00:00,85.0,19.708,1.0,55.7,,371.8464,-195.9835,19.5,1.74159,0.0,0.0,2.7,28.25,32.0,4294967.295,10989.974,11653.922,19.5,0.0,47.85321,3.54298,135.0,,,259.981056,500.023134,259.981056,252.025722,469.920672,209.91157200000004,219.9463266,371.9971338
2024-08-10 06:42:08+00:00,85.0,19.708,1.0,55.7,,371.7846,-195.9535,19.5,1.7549100000000002,0.0,0.0,2.7,28.25,32.0,4294967.295,10989.974,11653.944,19.5,0.0,47.85321,3.54298,135.0,,,259.981056,500.023134,259.981056,252.025722,469.920672,209.91157200000004,219.9463266,371.9971338
2024-08-10 06:42:09+00:00,85.0,19.708,1.0,55.77,,371.7718,-196.022,19.5,1.74159,0.0,0.0,2.7,28.5,32.0,4294967.295,10989.974,11653.964,19.5,0.0,47.85321,3.54298,135.0,,,259.981056,500.023134,259.981056,252.025722,469.920672,209.91157200000004,219.9463266,371.9971338
2024-08-10 06:42:10+00:00,85.0,19.708,1.0,55.8,,371.7486,-196.2655,19.5,1.74825,0.0,0.0,2.7,28.5,32.0,4294967.295,10989.974,11653.984,19.5,0.0,47.85321,3.54298,135.0,,,259.981056,500.023134,259.981056,252.025722,469.920672,209.91157200000004,219.9463266,371.9971338
2024-08-10 06:42:11+00:00,85.0,19.708,1.0,55.8,,371.7928,-196.364,19.5,1.74825,0.0,0.0,2.7,28.5,32.25,4294967.295,10989.974,11654.004,19.5,0.0,47.85321,3.54298,136.0,,,259.981056,500.023134,259.981056,252.68490000000003,469.920672,209.91157200000004,220.5615611,371.9971338
2024-08-10 06:42:12+00:00,85.0,19.708,1.0,55.86,,371.8123000000001,-196.695,19.5,1.75158,0.0,0.0,2.7,28.5,32.25,4294967.295,10989.974,11654.024,19.5,0.0,47.85321,3.54298,136.0,,,259.981056,500.023134,259.981056,252.465174,469.920672,209.91157200000004,220.3564829,371.9971338
2024-08-10 06:42:13+00:00,85.0,19.708,1.0,55.9,,371.8095,-196.606,19.5,1.75158,0.0,0.0,2.7,28.5,32.25,4294967.295,10989.974,11654.044,19.5,0.0,47.85321,3.54298,136.0,,,259.981056,500.023134,259.981056,252.025722,469.920672,209.91157200000004,219.9463266,371.9971338
2024-08-10 06:42:14+00:00,85.0,19.708,1.0,55.9,,371.7629,-196.66,19.5,1.74159,0.0,0.0,2.7,28.5,32.25,4294967.295,10989.974,11654.066,19.5,0.0,47.85321,3.54298,136.0,2443.464,,259.981056,500.023134,259.981056,252.025722,469.920672,209.91157200000004,219.9463266,371.9971338
2024-08-10 06:42:15+00:00,85.0,19.708,1.0,55.95,,371.7445,-196.7215,19.5,1.74159,0.0,0.0,2.7,28.5,32.25,4294967.295,10989.974,11654.086,19.5,0.0,47.85321,3.54298,136.0,,9453.84,259.981056,500.023134,259.981056,252.025722,469.920672,209.91157200000004,219.9463266,371.9971338
2024-08-10 06:42:16+00:00,85.0,19.708,1.0,56.0,,371.7231,-196.7985,19.5,1.74492,0.0,0.0,2.7,28.5,32.25,4294967.295,10989.974,11654.106,19.5,0.0,47.85321,3.54298,136.0,,,259.981056,500.023134,259.981056,252.025722,469.920672,209.91157200000004,219.9463266,371.9971338
2024-08-10 06:42:17+00:00,85.0,19.708,1.0,56.0,,371.779,-197.0545,19.5,1.7382600000000004,0.0,0.0,2.7,28.5,32.25,4294967.295,10989.974,11654.126,19.5,0.0,47.85321,3.54298,136.0,,,259.981056,500.023134,259.981056,252.68490000000003,469.920672,209.91157200000004,220.5615611,371.9971338
2024-08-10 06:42:18+00:00,85.0,19.708,1.0,56.05,,371.8556,-196.9235,19.5,1.74159,0.0,0.0,2.7,28.5,32.25,4294967.295,10989.974,11654.146,19.5,0.0,47.85321,3.54298,136.0,,,259.981056,500.023134,259.981056,252.465174,469.920672,209.91157200000004,220.3564829,371.9971338
2024-08-10 06:42:19+00:00,85.0,19.708,1.0,56.1,,371.8517,-197.174,19.5,1.75158,0.0,0.0,2.7,28.5,32.5,4294967.295,10989.974,11654.166,19.5,0.0,47.85321,3.54298,136.0,,,259.981056,500.023134,259.981056,252.025722,469.920672,209.91157200000004,219.9463266,371.9971338
2024-08-10 06:42:20+00:00,85.0,19.708,1.0,56.1,,371.8628,-197.57,19.5,1.75824,0.0,0.0,2.7,28.5,32.5,4294967.295,10989.974,11654.188,19.5,0.0,47.85321,3.54298,136.0,,,259.981056,500.023134,259.981056,252.68490000000003,469.920672,209.91157200000004,220.5615611,371.9971338
2024-08-10 06:42:21+00:00,85.0,19.708,1.0,56.14,,371.8618,-197.719,19.5,1.75824,0.0,0.0,2.7,28.5,32.5,4294967.295,10989.974,11654.208,19.5,0.0,47.85321,3.54298,136.0,,,259.981056,500.023134,259.981056,253.124352,469.920672,209.91157200000004,220.9717174,371.9971338
2024-08-10 06:42:22+00:00,85.0,19.708,1.0,56.2,,371.9019,-197.9105,19.5,1.7549100000000002,0.0,0.0,2.7,28.5,32.5,4294967.295,10989.974,11654.228,19.5,0.0,47.85321,3.54298,136.0,,,259.981056,500.023134,259.981056,253.124352,469.920672,209.91157200000004,220.9717174,371.9971338
2024-08-10 06:42:23+00:00,85.0,19.708,1.0,56.2,,371.8805,-198.0565,19.5,1.74159,0.0,0.0,2.7,28.5,32.5,4294967.295,10989.974,11654.248,19.5,0.0,47.85321,3.54298,136.0,,,259.981056,500.023134,259.981056,253.124352,469.920672,209.91157200000004,220.9717174,371.9971338
2024-08-10 06:42:24+00:00,85.0,19.708,1.0,56.23,,371.8304,-197.888,19.5,1.74492,0.0,0.0,2.7,28.5,32.5,4294967.295,10989.974,11654.27,19.5,0.0,47.85321,3.54298,136.0,,,259.981056,500.023134,259.981056,253.124352,469.920672,209.91157200000004,220.9717174,371.9971338
2024-08-10 06:42:25+00:00,85.0,19.708,1.0,56.3,,371.8095,-197.8925,19.5,1.75824,0.0,0.0,2.7,28.5,32.5,4294967.295,10989.974,11654.29,19.5,0.0,47.85321,3.54298,137.0,,,259.981056,500.023134,259.981056,252.465174,469.920672,209.91157200000004,220.3564829,371.9971338
2024-08-10 06:42:26+00:00,85.0,19.708,1.0,56.3,,371.7766,-197.8775,19.5,1.75824,0.0,0.0,2.7,28.5,32.5,4294967.295,10989.974,11654.31,19.5,0.0,47.85321,3.54298,137.0,2443.464,,259.981056,500.023134,259.981056,252.025722,469.920672,209.91157200000004,219.9463266,371.9971338
2024-08-10 06:42:27+00:00,85.0,19.708,1.0,56.330000000000005,,371.8191000000001,-198.0705,19.5,1.75158,0.0,0.0,2.7,28.5,32.5,4294967.295,10989.974,11654.332,19.5,0.0,47.85321,3.54298,137.0,,9453.84,259.981056,500.023134,259.981056,252.025722,469.920672,209.91157200000004,219.9463266,371.9971338
2024-08-10 06:42:28+00:00,85.0,19.708,1.0,56.4,,371.8246,-198.1545,19.5,1.74492,0.0,0.0,2.7,28.75,32.75,4294967.295,10989.974,11654.352,19.5,0.0,47.85321,3.54298,137.0,,,259.981056,500.023134,259.981056,252.025722,469.920672,209.91157200000004,219.9463266,371.9971338
2024-08-10 06:42:29+00:00,85.0,19.708,1.0,56.4,,371.845,-198.4265,19.5,1.74825,0.0,0.0,2.7,28.75,32.75,4294967.295,10989.974,11654.372,19.5,0.0,47.85321,3.54298,137.0,,,259.981056,500.023134,259.981056,252.025722,469.920672,209.91157200000004,219.9463266,371.9971338
2024-08-10 06:42:30+00:00,85.0,19.7171,1.0,56.43000000000001,,371.7872,-198.2355,19.5,1.7649,0.0,0.0,2.7,28.75,32.75,4294967.295,10989.974,11654.392,19.5,0.0,47.85321,3.54298,137.0,,,259.981056,500.023134,259.981056,252.025722,469.920672,209.91157200000004,219.9463266,371.9971338
2024-08-10 06:42:31+00:00,85.0,19.721,1.0,56.5,,371.7847,-198.367,19.5,1.75158,0.0,0.0,2.7,28.75,32.75,4294967.295,10989.974,11654.412,19.5,0.0,47.85321,3.54298,137.0,,,259.981056,500.023134,259.981056,252.025722,469.920672,209.91157200000004,219.9463266,371.9971338
2024-08-10 06:42:32+00:00,85.0,19.721,1.0,56.5,,371.7582,-198.462,19.5,1.75158,0.0,0.0,2.7,28.75,32.75,4294967.295,10989.974,11654.432,19.5,0.0,47.85321,3.54298,137.0,,,259.981056,500.023134,259.981056,252.025722,469.920672,209.91157200000004,219.9463266,371.9971338
2024-08-10 06:42:33+00:00,85.0,19.721,1.0,56.52,,371.8007,-198.373,19.5,1.74825,0.0,0.0,2.7,28.75,32.75,4294967.295,10989.974,11654.454,19.5,0.0,47.85321,3.54298,137.0,,,259.981056,500.023134,259.981056,252.025722,469.920672,209.91157200000004,219.9463266,371.9971338
2024-08-10 06:42:34+00:00,85.0,19.721,1.0,56.6,,371.9208,-199.281,19.5,1.7549100000000002,0.0,0.0,2.7,28.75,32.75,4294967.295,10989.974,11654.474,19.5,0.0,47.85321,3.54298,137.0,,,259.981056,500.023134,259.981056,252.025722,469.920672,209.91157200000004,219.9463266,371.9971338
2024-08-10 06:42:35+00:00,85.0,19.721,1.0,56.6,,371.8824,-198.8475,19.5,1.75158,0.0,0.0,2.7,28.75,32.75,4294967.295,10989.974,11654.494,19.5,0.0,47.85321,3.54298,137.0,,,259.981056,500.023134,259.981056,252.025722,469.920672,209.91157200000004,219.9463266,371.9971338
2024-08-10 06:42:36+00:00,85.0,19.721,1.0,56.620000000000005,,371.8728,-198.8785,19.5,1.75824,0.0,0.0,2.7,28.75,32.75,4294967.295,10989.974,11654.514,19.5,0.0,47.853211,3.54298,137.0,,,259.981056,500.023134,259.981056,252.025722,469.920672,209.91157200000004,219.9463266,371.9971338
2024-08-10 06:42:37+00:00,85.0,19.721,1.0,56.7,,371.8761,-199.126,19.5,1.76157,0.0,0.0,2.7,28.75,33.0,4294967.295,10989.974,11654.536,19.5,0.0,47.853212,3.54298,138.0,,,259.981056,500.023134,259.981056,252.025722,469.920672,209.91157200000004,219.9463266,371.9971338
2024-08-10 06:42:38+00:00,85.0,19.721,1.0,56.7,,371.9380000000001,-199.0325,19.5,1.76157,0.0,0.0,2.7,28.75,33.0,4294967.295,10989.974,11654.556,19.5,0.0,47.853212,3.54298,138.0,2443.464,,259.981056,500.023134,259.981056,251.36654400000003,469.920672,209.91157200000004,219.3750374,371.9971338
2024-08-10 06:42:39+00:00,85.0,19.721,1.0,56.720000000000006,,371.8807,-199.0975,19.5,1.7549100000000002,0.0,0.0,2.7,28.75,33.0,4294967.295,10989.974,11654.576,19.5,0.0,47.853212,3.54298,138.0,,9453.84,259.981056,500.023134,259.981056,251.58627,469.920672,209.91157200000004,219.5654672,371.9971338
2024-08-10 06:42:40+00:00,85.0,19.721,1.0,56.8,,371.8514141414141,-199.4212121,19.5,1.74825,0.0,0.0,2.7,28.75,33.0,4294967.295,10989.974,11654.596,19.5,0.0,47.853212,3.54298,138.0,,,259.981056,500.023134,259.981056,252.025722,469.920672,209.91157200000004,219.9463266,372.6123683
2024-08-10 06:42:41+00:00,85.0,19.721,1.0,56.8,,371.82633663366335,-199.5747525,19.5,1.75158,0.0,0.0,2.7,28.75,33.0,4294967.295,10989.974,11654.618,19.5,0.0,47.853212,3.54298,138.0,,,259.981056,500.023134,259.981056,252.025722,469.920672,209.91157200000004,219.9463266,372.4072901
2024-08-10 06:42:42+00:00,85.0,19.721,1.0,56.81,,371.814,-199.656,19.5,1.75158,0.0,0.0,2.7,28.75,33.0,4294967.295,10989.974,11654.638,19.5,0.0,47.853212,3.54298,138.0,,,259.981056,500.023134,259.981056,252.025722,469.920672,209.91157200000004,219.9463266,372.6123683
2024-08-10 06:42:43+00:00,85.0,19.721,1.0,56.9,,371.8589,-199.58,19.5,1.7549100000000002,0.0,0.0,2.7,28.75,33.0,4294967.295,10989.974,11654.66,19.5,0.0,47.853212,3.54298,138.0,,,259.981056,500.023134,259.981056,252.025722,469.920672,209.91157200000004,219.9463266,372.4072901
2024-08-10 06:42:44+00:00,85.0,19.721,1.0,56.9,,371.8474,-199.565,19.5,1.76157,0.0,0.0,2.7,28.75,33.0,4294967.295,10989.974,11654.68,19.5,0.0,47.853212,3.54298,138.0,,,259.981056,500.023134,259.981056,251.36654400000003,469.920672,209.91157200000004,219.3750374,371.9971338
2024-08-10 06:42:45+00:00,85.0,19.721,1.0,56.91,,371.8406,-199.3365,19.5,1.74825,0.0,0.0,2.7,28.75,33.0,4294967.295,10989.974,11654.7,19.5,0.0,47.853212,3.54298,138.0,,,259.981056,500.023134,259.981056,250.927092,469.920672,209.91157200000004,218.994178,371.9971338
2024-08-10 06:42:46+00:00,85.0,19.721,1.0,57.0,,371.81161616161614,-199.4691919,19.5,1.76157,0.0,0.0,2.7,28.75,33.25,4294967.295,10989.974,11654.72,19.5,0.0,47.853212,3.54298,138.0,,,259.981056,500.023134,259.981056,250.927092,469.920672,209.91157200000004,218.994178,371.9971338
2024-08-10 06:42:47+00:00,85.0,19.721,1.0,57.0,,371.80653465346535,-199.889604,19.5,1.7649,0.0,0.0,2.7,28.75,33.25,4294967.295,10989.974,11654.742,19.5,0.0,47.853212,3.54298,138.0,,,259.981056,500.023134,259.981056,250.927092,469.920672,209.91157200000004,218.994178,371.9971338
2024-08-10 06:42:48+00:00,85.0,19.721,1.0,57.010000000000005,,371.7718,-199.757,19.5,1.76157,0.0,0.0,2.7,28.75,33.25,4294967.295,10989.974,11654.762,19.5,0.0,47.853213,3.542981,138.0,,,259.981056,500.023134,259.981056,250.927092,469.920672,209.91157200000004,218.994178,371.9971338
2024-08-10 06:42:49+00:00,85.0,19.721,1.0,57.1,,371.8191000000001,-199.8135,19.5,1.74492,0.0,0.0,2.7,28.75,33.25,4294967.295,10989.974,11654.782,19.5,0.0,47.853214,3.542982,138.0,,,259.981056,500.023134,259.981056,250.927092,469.920672,209.91157200000004,218.994178,371.9971338
2024-08-10 06:42:50+00:00,85.0,19.721,1.0,57.1,,371.9294,-200.0755,19.5,1.75158,0.0,0.0,2.7,28.75,33.25,4294967.295,10989.974,11654.804,19.5,0.0,47.853214,3.542983,138.0,2443.464,,259.981056,500.023134,259.981056,250.927092,469.920672,209.91157200000004,218.994178,371.9971338
2024-08-10 06:42:51+00:00,85.0,19.7223,1.0,57.11,,371.9013,-200.086,19.5,1.76157,0.0,0.0,2.7,28.75,33.25,4294967.295,10989.974,11654.824,19.5,0.0,47.853214,3.542983,139.0,,9453.84,259.981056,500.023134,259.981056,250.927092,469.920672,209.91157200000004,218.994178,372.6123683
2024-08-10 06:42:52+00:00,85.0,19.734,1.0,57.2,,371.8972727272728,-200.1515152,19.5,1.76157,0.0,0.0,2.7,29.0,33.25,4294967.295,10989.974,11654.844,19.5,0.0,47.853214,3.542983,139.0,,,259.981056,500.023134,259.981056,250.927092,469.920672,209.91157200000004,218.994178,373.0225246
2024-08-10 06:42:53+00:00,85.0,19.734,1.0,57.2,,371.92297029702974,-200.3539604,19.5,1.75824,0.0,0.0,2.7,29.0,33.25,4294967.295,10989.974,11654.866,19.5,0.0,47.853214,3.542983,139.0,,,259.981056,500.023134,259.981056,251.58627,469.920672,209.91157200000004,219.5654672,373.0225246
2024-08-10 06:42:54+00:00,85.0,19.734,1.0,57.21,,371.9507,-200.386,19.5,1.7649,0.0,0.0,2.7,29.0,33.5,4294967.295,10989.974,11654.886,19.5,0.0,47.853214,3.542983,139.0,,,259.981056,500.023134,259.981056,251.36654400000003,469.920672,209.91157200000004,219.3750374,372.4072901
2024-08-10 06:42:55+00:00,85.0,19.734,1.0,57.3,,371.9209,-200.5725,19.5,1.75158,0.0,0.0,2.7,29.0,33.5,4294967.295,10989.974,11654.908,19.5,0.0,47.853214,3.542983,139.0,,,259.981056,500.023134,259.981056,250.927092,469.920672,209.91157200000004,218.994178,372.6123683
2024-08-10 06:42:56+00:00,85.0,19.734,1.0,57.3,,371.8870707070707,-200.6535354,19.4,1.7649,0.0,0.0,2.7,29.0,33.5,4294967.295,10989.974,11654.928,19.5,0.0,47.853214,3.542983,139.0,,,259.981056,500.023134,259.981056,250.927092,469.920672,209.91157200000004,218.994178,372.4072901
2024-08-10 06:42:57+00:00,85.0,19.734,1.0,57.31,,371.86673267326734,-200.7,19.5,1.7649,0.0,0.0,2.7,29.0,33.5,4294967.295,10989.974,11654.948,19.5,0.0,47.853214,3.542983,139.0,,,259.981056,500.023134,259.981056,250.927092,469.920672,209.91157200000004,218.994178,371.9971338
2024-08-10 06:42:58+00:00,85.0,19.734,1.0,57.4,,371.81666666666666,-200.2459596,19.5,1.75824,0.0,0.0,2.7,29.0,33.5,4294967.295,10989.974,11654.968,19.5,0.0,47.853214,3.542983,139.0,,,259.981056,500.023134,259.981056,250.927092,469.920672,209.91157200000004,218.994178,371.9971338
2024-08-10 06:42:59+00:00,85.0,19.734,1.0,57.4,,371.8581,-200.3185,19.5,1.75824,0.0,0.0,2.7,29.0,33.5,4294967.295,10989.974,11654.99,19.5,0.0,47.853214,3.542983,140.0,,,259.981056,500.023134,259.981056,250.927092,469.920672,209.91157200000004,218.994178,371.9971338
2024-08-10 06:43:00+00:00,85.0,19.734,1.0,57.41,,371.8712,-200.672,19.5,1.7649,0.0,0.0,2.7,29.0,33.5,4294967.295,10989.974,11655.01,19.5,0.0,47.853214,3.542983,140.0,,,259.981056,500.023134,259.981056,250.927092,469.920672,209.91157200000004,218.994178,372.6123683
2024-08-10 06:43:01+00:00,85.0,19.734,1.0,57.5,,371.8764,-200.514,19.5,1.75824,0.0,0.0,2.7,29.0,33.5,4294967.295,10989.974,11655.032,19.5,0.0,47.853214,3.542983,140.0,,,259.981056,500.023134,259.981056,250.927092,469.920672,209.91157200000004,218.994178,373.0225246
2024-08-10 06:43:02+00:00,85.0,19.734,1.0,57.5,,371.8525,-200.8035,19.5,1.75824,0.0,0.0,2.7,29.0,33.5,4294967.295,10989.974,11655.052,19.5,0.0,47.853214,3.542983,140.0,2443.464,,259.981056,500.023134,259.981056,250.927092,469.920672,209.91157200000004,218.994178,373.0225246
2024-08-10 06:43:03+00:00,85.0,19.734,1.0,57.5,,371.8287,-200.8205,19.5,1.7549100000000002,0.0,0.0,2.7,29.0,33.75,4294967.295,10989.974,11655.072,19.5,0.0,47.853214,3.542983,140.0,,9453.84,259.981056,500.023134,259.981056,250.927092,469.920672,209.91157200000004,218.994178,373.0225246
2024-08-10 06:43:04+00:00,85.0,19.734,1.0,57.6,,371.8001,-200.5695,19.5,1.7649,0.0,0.0,2.7,29.0,33.75,4294967.295,10989.974,11655.092,19.5,0.0,47.853214,3.542983,140.0,,,259.981056,500.023134,259.981056,249.608736,469.920672,209.91157200000004,217.8076544,372.4072901
2024-08-10 06:43:05+00:00,85.0,19.734,1.0,57.6,,371.8052,-199.865,19.2,1.76157,0.0,0.0,2.7,29.0,33.75,4294967.295,10989.974,11655.114,19.5,0.0,47.853214,3.542983,140.0,,,259.981056,500.023134,259.981056,248.72983200000004,469.920672,209.91157200000004,217.0166386,371.9971338
2024-08-10 06:43:06+00:00,85.0,19.734,1.0,57.6,,371.9178,-200.446,19.3,1.75824,0.0,0.0,2.68,29.0,33.75,4294967.295,10989.974,11655.134,19.5,0.0,47.853214,3.542983,140.0,,,259.981056,500.023134,259.981056,250.04818800000004,469.920672,209.91157200000004,218.2031622,371.9971338
2024-08-10 06:43:07+00:00,85.0,19.734,1.0,57.7,,371.8987,-200.7215,19.1,1.76157,0.0,0.0,2.68,29.0,33.75,4294967.295,10989.974,11655.156,19.0,0.0,47.853214,3.542983,140.0,,,259.981056,500.023134,259.981056,249.608736,469.920672,209.91157200000004,217.8076544,371.9971338
2024-08-10 06:43:08+00:00,85.0,19.734,1.0,57.7,,371.8948,-200.5455,19.0,1.75824,0.0,0.0,2.68,29.0,33.75,4294967.295,10989.974,11655.176,19.0,0.0,47.853214,3.542983,140.0,,,259.981056,500.023134,259.981056,248.72983200000004,469.920672,209.91157200000004,217.0166386,372.6123683
2024-08-10 06:43:09+00:00,85.0,19.7405,1.0,57.7,,371.9287000000001,-200.9845,19.0,1.7549100000000002,0.0,0.0,2.68,29.0,33.75,4294967.295,10989.974,11655.196,19.0,0.0,47.853214,3.542983,140.0,,,259.981056,500.023134,259.981056,250.04818800000004,469.920672,209.91157200000004,218.2031622,373.0225246
2024-08-10 06:43:10+00:00,85.0,19.747,1.0,57.8,,371.9861,-201.8095,19.0,1.75824,0.0,0.0,2.68,29.0,33.75,4294967.295,10989.974,11655.218,19.0,0.0,47.853214,3.542983,140.0,,,259.981056,500.023134,259.981056,250.927092,469.920672,209.91157200000004,218.994178,373.0225246
2024-08-10 06:43:11+00:00,85.0,19.747,1.0,57.8,,371.9386,-201.408,19.1,1.7649,0.0,0.0,2.68,29.0,33.75,4294967.295,10989.974,11655.238,19.5,0.0,47.853214,3.542983,141.0,,,259.981056,500.023134,259.981056,250.927092,469.920672,209.91157200000004,218.994178,373.0225246
2024-08-10 06:43:12+00:00,85.0,19.747,1.0,57.8,,371.9245,-201.972,19.0,1.7649,0.0,0.0,2.68,29.0,34.0,4294967.295,10989.974,11655.258,19.0,0.0,47.853214,3.542983,141.0,,,259.981056,500.023134,259.981056,250.927092,469.920672,209.91157200000004,218.994178,373.0225246
2024-08-10 06:43:13+00:00,85.0,19.747,1.0,57.9,,371.8567,-201.182,19.1,1.76157,0.0,0.0,2.68,29.0,34.0,4294967.295,10989.974,11655.28,19.0,0.0,47.853214,3.542983,141.0,,,259.981056,500.023134,259.981056,249.608736,469.920672,209.91157200000004,217.8076544,372.4072901
2024-08-10 06:43:14+00:00,85.0,19.747,1.0,57.9,,371.8095,-200.5955,19.3,1.76157,0.0,0.0,2.68,29.0,34.0,4294967.295,10989.974,11655.3,19.5,0.0,47.853214,3.542983,141.0,2443.464,,259.981056,500.023134,259.981056,248.72983200000004,469.920672,209.91157200000004,217.0166386,371.9971338
2024-08-10 06:43:15+00:00,85.0,19.747,1.0,57.9,,371.8954,-201.3735,19.4,1.7682300000000002,0.0,0.0,2.68,29.0,34.0,4294967.295,10989.974,11655.322,19.5,0.0,47.853214,3.542983,141.0,,9453.84,259.981056,500.023134,259.981056,250.04818800000004,469.920672,209.91157200000004,218.2031622,372.6123683
2024-08-10 06:43:16+00:00,85.0,19.747,1.0,58.0,,371.9057,-201.401,19.4,1.76157,0.0,0.0,2.68,29.25,34.0,4294967.295,10989.974,11655.342,19.5,0.0,47.853214,3.542983,141.0,,,259.981056,500.023134,259.981056,249.608736,469.920672,209.91157200000004,217.8076544,373.0225246
2024-08-10 06:43:17+00:00,85.0,19.747,1.0,58.0,,371.8774,-200.9655,19.5,1.76157,0.0,0.0,2.68,29.25,34.0,4294967.295,10989.974,11655.364,19.5,0.0,47.853214,3.542983,141.0,,,259.981056,500.023134,259.981056,248.72983200000004,469.920672,209.91157200000004,217.0166386,372.4072901
2024-08-10 06:43:18+00:00,85.0,19.747,1.0,58.0,,371.8732,-201.6365,19.5,1.76157,0.0,0.0,2.68,29.25,34.0,4294967.295,10989.974,11655.384,19.5,0.0,47.853214,3.542983,141.0,,,259.981056,500.023134,259.981056,248.72983200000004,469.920672,209.91157200000004,217.0166386,371.9971338
2024-08-10 06:43:19+00:00,85.0,19.747,1.0,58.1,,371.8322,-201.219,19.5,1.75824,0.0,0.0,2.68,29.25,34.0,4294967.295,10989.974,11655.404,19.5,0.0,47.853214,3.542983,141.0,,,259.981056,500.023134,259.981056,248.72983200000004,469.920672,209.91157200000004,217.0166386,372.6123683
2024-08-10 06:43:20+00:00,85.0,19.747,1.0,58.1,,371.8423,-201.861,19.5,1.76157,0.0,0.0,2.68,29.25,34.25,4294967.295,10989.974,11655.424,19.5,0.0,47.853214,3.542983,141.0,,,259.981056,500.023134,259.981056,248.72983200000004,469.920672,209.91157200000004,217.0166386,372.4072901
2024-08-10 06:43:21+00:00,85.0,19.747,1.0,58.11,,371.8728,-201.279,19.5,1.7649,0.0,0.0,2.68,29.25,34.25,4294967.295,10989.974,11655.446,19.5,0.0,47.853214,3.542983,141.0,,,259.981056,500.023134,259.981056,248.72983200000004,469.920672,209.91157200000004,217.0166386,371.9971338
2024-08-10 06:43:22+00:00,85.0,19.747,1.0,58.2,,371.9674,-201.367,19.5,1.7649,0.0,0.0,2.66,29.25,34.25,4294967.295,10989.974,11655.466,19.5,0.0,47.853214,3.542983,141.0,,,259.981056,500.023134,259.981056,248.72983200000004,469.920672,209.91157200000004,217.0166386,371.9971338
2024-08-10 06:43:23+00:00,85.0,19.747,1.0,58.2,,371.957,-201.703,19.5,1.7682300000000002,0.0,0.0,2.66,29.25,34.25,4294967.295,10989.974,11655.488,19.5,0.0,47.853214,3.542983,141.0,,,259.981056,500.023134,259.981056,248.72983200000004,469.920672,209.91157200000004,217.0166386,372.6123683
2024-08-10 06:43:24+00:00,85.0,19.76,1.0,58.21,,371.9483,-201.701,19.5,1.7649,0.0,0.0,2.66,29.25,34.25,4294967.295,10989.974,11655.51,19.5,0.0,47.853214,3.542983,141.0,,,259.981056,500.023134,259.981056,248.72983200000004,469.920672,209.91157200000004,217.0166386,373.0225246
2024-08-10 06:43:25+00:00,85.0,19.76,1.0,58.3,,371.9557,-201.517,19.5,1.7649,0.0,0.0,2.66,29.25,34.25,4294967.295,10989.974,11655.53,19.5,0.0,47.853214,3.542983,142.0,,,259.981056,500.023134,259.981056,248.72983200000004,469.920672,209.91157200000004,217.0166386,373.0225246
2024-08-10 06:43:26+00:00,85.0,19.76,1.0,58.3,,371.9965,-201.675,19.5,1.7649,0.0,0.0,2.66,29.25,34.25,4294967.295,10989.974,11655.55,19.5,0.0,47.853214,3.542983,142.0,2443.464,,259.981056,500.023134,259.981056,248.72983200000004,469.920672,209.91157200000004,217.0166386,373.0225246
2024-08-10 06:43:27+00:00,85.0,19.76,1.0,58.31,,371.9569,-201.742,19.5,1.76157,0.0,0.0,2.66,29.25,34.25,4294967.295,10989.974,11655.572,19.5,0.0,47.853214,3.542983,142.0,,9453.84,259.981056,500.023134,259.981056,248.72983200000004,469.920672,209.91157200000004,217.0166386,372.4072901
2024-08-10 06:43:28+00:00,85.0,19.76,1.0,58.4,,371.9111,-201.828,19.5,1.7649,0.0,0.0,2.66,29.25,34.25,4294967.295,10989.974,11655.592,19.5,0.0,47.853214,3.542983,142.0,,,259.981056,500.023134,259.981056,248.72983200000004,469.920672,209.91157200000004,217.0166386,372.6123683
2024-08-10 06:43:29+00:00,85.0,19.76,1.0,58.4,,371.9057,-201.824,19.5,1.7649,0.0,0.0,2.66,29.25,34.5,4294967.295,10989.974,11655.614,19.5,0.0,47.853214,3.542983,142.0,,,259.981056,500.023134,259.981056,248.72983200000004,469.920672,209.91157200000004,217.0166386,373.0225246
2024-08-10 06:43:30+00:00,85.0,19.76,1.0,58.41,,371.87160000000006,-201.892,19.5,1.7649,0.0,0.0,2.66,29.25,34.5,4294967.295,10989.974,11655.634,19.5,0.0,47.853214,3.542983,142.0,,,259.981056,500.023134,259.981056,248.72983200000004,469.920672,209.91157200000004,217.0166386,373.0225246
2024-08-10 06:43:31+00:00,85.0,19.76,1.0,58.5,,371.9314,-201.928,19.5,1.7649,0.0,0.0,2.66,29.25,34.5,4294967.295,10989.974,11655.656,19.5,0.0,47.853214,3.542983,142.0,,,259.981056,500.023134,259.981056,248.72983200000004,469.920672,209.91157200000004,217.0166386,372.4072901
2024-08-10 06:43:32+00:00,85.0,19.76,1.0,58.5,,371.9159,-201.7455,19.5,1.7649,0.0,0.0,2.64,29.25,34.5,4294967.295,10989.974,11655.676,19.5,0.0,47.853214,3.542983,142.0,,,259.981056,500.023134,259.981056,248.72983200000004,469.920672,209.91157200000004,217.0166386,372.6123683
2024-08-10 06:43:33+00:00,85.0,19.76,1.0,58.510000000000005,,371.9188,-201.602,19.5,1.7649,0.0,0.0,2.64,29.25,34.5,4294967.295,10989.974,11655.698,19.5,0.0,47.853214,3.542983,142.0,,,259.981056,500.023134,259.981056,248.72983200000004,469.920672,209.91157200000004,217.0166386,373.0225246
2024-08-10 06:43:34+00:00,85.0,19.76,1.0,58.6,,371.8729,-201.7775,19.5,1.7649,0.0,0.0,2.64,29.25,34.5,4294967.295,10989.974,11655.718,19.5,0.0,47.853214,3.542983,142.0,,,259.981056,500.023134,259.981056,248.72983200000004,469.920672,209.91157200000004,217.0166386,373.0225246
2024-08-10 06:43:35+00:00,85.0,19.7613,1.0,58.6,,371.87410000000006,-201.5835,19.5,1.7649,0.0,0.0,2.64,29.25,34.5,4294967.295,10989.974,11655.738,19.5,0.0,47.853214,3.542983,142.0,,,259.981056,500.023134,259.981056,248.070654,469.920672,209.91157200000004,216.4014041,373.0225246
2024-08-10 06:43:36+00:00,85.0,19.773,1.0,58.61,,371.8364,-201.338,19.5,1.7649,0.0,0.0,2.64,29.25,34.5,4294967.295,10989.974,11655.758,19.5,0.0,47.853214,3.542983,142.0,,,259.981056,500.023134,259.981056,247.631202,469.920672,209.91157200000004,215.9912478,372.4072901
2024-08-10 06:43:37+00:00,85.0,19.773,1.0,58.7,,371.8813,-201.418,19.5,1.7649,0.0,0.0,2.64,29.25,34.5,4294967.295,10989.974,11655.78,19.5,0.0,47.853214,3.542983,142.0,,,259.981056,500.023134,259.981056,247.631202,469.920672,209.91157200000004,215.9912478,372.6123683
2024-08-10 06:43:38+00:00,85.0,19.773,1.0,58.7,,371.9924,-201.5755,19.5,1.7649,0.0,0.0,2.64,29.25,34.75,4294967.295,10989.974,11655.8,19.5,0.0,47.853214,3.542983,142.0,2443.464,,259.981056,500.023134,259.981056,247.631202,469.920672,209.91157200000004,215.9912478,373.0225246
2024-08-10 06:43:39+00:00,85.0,19.773,1.0,58.71,,371.9625,-201.6075,19.5,1.7649,0.0,0.0,2.62,29.5,34.75,4294967.295,10989.974,11655.822,19.5,0.0,47.853214,3.542983,143.0,,9453.84,259.981056,500.023134,259.981056,247.631202,469.920672,209.91157200000004,215.9912478,373.0225246
2024-08-10 06:43:40+00:00,85.0,19.773,1.0,58.8,,371.9706,-201.6685,19.5,1.7649,0.0,0.0,2.62,29.5,34.75,4294967.295,10989.974,11655.842,19.5,0.0,47.853214,3.542983,143.0,,,259.981056,500.023134,259.981056,247.631202,469.920672,209.91157200000004,215.9912478,373.0225246
2024-08-10 06:43:41+00:00,85.0,19.773,1.0,58.8,,371.9752,-201.807,19.5,1.76157,0.0,0.0,2.62,29.5,34.75,4294967.295,10989.974,11655.864,19.5,0.0,47.853214,3.542983,143.0,,,259.981056,500.023134,259.981056,247.631202,469.920672,209.91157200000004,215.9912478,373.0225246
2024-08-10 06:43:42+00:00,85.0,19.773,1.0,58.81,,372.0116,-201.8895,19.5,1.7649,0.0,0.0,2.62,29.5,34.75,4294967.295,10989.974,11655.884,19.5,0.0,47.853214,3.542983,143.0,,,259.981056,500.023134,259.981056,247.631202,469.920672,209.91157200000004,215.9912478,373.0225246
2024-08-10 06:43:43+00:00,85.0,19.773,1.0,58.9,,371.9628,-201.4895,19.5,1.7649,0.0,0.0,2.62,29.5,34.75,4294967.295,10989.974,11655.906,19.5,0.0,47.853214,3.542983,143.0,,,259.981056,500.023134,259.981056,247.631202,469.920672,209.91157200000004,215.9912478,373.0225246
2024-08-10 06:43:44+00:00,85.0,19.773,1.0,58.9,,371.9301,-201.4675,19.5,1.7682300000000002,0.0,0.0,2.62,29.5,34.75,4294967.295,10989.974,11655.926,19.5,0.0,47.853214,3.542983,143.0,,,259.981056,500.023134,259.981056,247.631202,469.920672,209.91157200000004,215.9912478,373.0225246
2024-08-10 06:43:45+00:00,85.0,19.773,1.0,58.91,,371.9184,-201.5755,19.5,1.7649,0.0,0.0,2.62,29.5,34.75,4294967.295,10989.974,11655.946,19.5,0.0,47.853214,3.542983,143.0,,,259.981056,500.023134,259.981056,247.631202,469.920672,209.91157200000004,215.9912478,372.4072901
2024-08-10 06:43:46+00:00,85.0,19.773,1.0,59.0,,371.8694,-201.577,19.5,1.7682300000000002,0.0,0.0,2.6,29.5,34.75,4294967.295,10989.974,11655.968,19.5,0.0,47.853214,3.542983,143.0,,,259.981056,500.023134,259.981056,247.631202,469.920672,209.91157200000004,215.9912478,372.6123683
2024-08-10 06:43:47+00:00,85.0,19.7743,1.0,59.0,,371.9238,-201.402,19.5,1.76157,0.0,0.0,2.6,29.5,35.0,4294967.295,10989.974,11655.988,19.5,0.0,47.853214,3.542983,143.0,,,259.981056,500.023134,259.981056,246.972024,469.920672,209.91157200000004,215.3760133,373.0225246
2024-08-10 06:43:48+00:00,85.0,19.786,1.0,59.010000000000005,,371.9128,-201.133,19.5,1.76157,0.0,0.0,2.6,29.5,35.0,4294967.295,10989.974,11656.008,19.5,0.0,47.853214,3.542983,143.0,,,259.981056,500.023134,259.981056,246.532572,469.920672,209.91157200000004,214.965857,373.0225246
2024-08-10 06:43:49+00:00,85.0,19.786,1.0,59.1,,371.9436,-201.359,19.5,1.7649,0.0,0.0,2.6,29.5,35.0,4294967.295,10989.974,11656.03,19.5,0.0,47.853214,3.542983,143.0,,,259.981056,500.023134,259.981056,246.532572,469.920672,209.91157200000004,214.965857,373.0225246
2024-08-10 06:43:50+00:00,85.0,19.786,1.0,59.1,,371.8894,-201.134,19.5,1.7682300000000002,0.0,0.0,2.6,29.5,35.0,4294967.295,10989.974,11656.05,19.5,0.0,47.853214,3.542983,143.0,2443.464,,259.981056,500.023134,259.981056,246.532572,469.920672,209.91157200000004,214.965857,373.0225246
2024-08-10 06:43:51+00:00,85.0,19.786,1.0,59.11,,371.8772,-201.525,19.5,1.7715600000000002,0.0,0.0,2.58,29.5,35.0,4294967.295,10989.974,11656.072,19.5,0.0,47.853214,3.542983,143.0,,9453.84,259.981056,500.023134,259.981056,247.19175,469.920672,209.91157200000004,215.5810915,373.0225246
2024-08-10 06:43:52+00:00,85.0,19.786,1.0,59.2,,371.8729,-201.5135,19.5,1.7649,0.0,0.0,2.58,29.5,35.0,4294967.295,10989.974,11656.092,19.5,0.0,47.853214,3.542983,143.0,,,259.981056,500.023134,259.981056,247.631202,469.920672,209.91157200000004,215.9912478,373.0225246
2024-08-10 06:43:53+00:00,85.0,19.786,1.0,59.2,,371.9175,-201.6705,19.5,1.7682300000000002,0.0,0.0,2.58,29.5,35.0,4294967.295,10989.974,11656.114,19.5,0.0,47.853214,3.542983,144.0,,,259.981056,500.023134,259.981056,247.631202,469.920672,209.91157200000004,215.9912478,373.0225246
2024-08-10 06:43:54+00:00,85.0,19.7938,1.0,59.21,,372.0218,-201.7345,19.5,1.7649,0.0,0.0,2.58,29.5,35.0,4294967.295,10989.974,11656.134,19.5,0.0,47.853214,3.542983,144.0,,,259.981056,500.023134,259.981056,247.631202,469.920672,209.91157200000004,215.9912478,373.0225246
2024-08-10 06:43:55+00:00,85.0,19.799,1.0,59.3,,371.99410000000006,-201.7125,19.5,1.7782200000000004,0.0,0.0,2.58,29.5,35.25,4294967.295,10989.974,11656.154,19.5,0.0,47.853214,3.542983,144.0,,,259.981056,500.023134,259.981056,247.631202,469.920672,209.91157200000004,215.9912478,373.0225246
2024-08-10 06:43:56+00:00,85.0,19.799,1.0,59.3,,372.0001,-201.748,19.5,1.7748900000000003,0.0,0.0,2.58,29.5,35.25,4294967.295,10989.974,11656.176,19.5,0.0,47.853214,3.542983,144.0,,,259.981056,500.023134,259.981056,247.631202,469.920672,209.91157200000004,215.9912478,373.0225246
2024-08-10 06:43:57+00:00,85.0,19.799,1.0,59.32000000000001,,372.0062,-201.673,19.5,1.7649,0.0,0.0,2.56,29.5,35.25,4294967.295,10989.974,11656.196,19.5,0.0,47.853214,3.542983,144.0,,,259.981056,500.023134,259.981056,247.631202,469.920672,209.91157200000004,215.9912478,373.0225246
2024-08-10 06:43:58+00:00,85.0,19.799,1.0,59.4,,372.0437,-201.5955,19.5,1.7782200000000004,0.0,0.0,2.56,29.5,35.25,4294967.295,10989.974,11656.216,19.5,0.0,47.853214,3.542983,144.0,,,259.981056,500.023134,259.981056,247.631202,469.920672,209.91157200000004,215.9912478,373.0225246
2024-08-10 06:43:59+00:00,85.0,19.799,1.0,59.4,,372.00340000000006,-201.6135,19.5,1.7649,0.0,0.0,2.56,29.5,35.25,4294967.295,10989.974,11656.238,19.5,0.0,47.853214,3.542983,145.0,,,259.981056,500.023134,259.981056,247.631202,469.920672,209.91157200000004,215.9912478,373.0225246
2024-08-10 06:44:00+00:00,85.0,19.8016,1.0,59.42,,371.9575757575758,-201.6919192,19.5,1.7649,0.0,0.0,2.56,29.5,35.25,4294967.295,10989.974,11656.258,19.5,0.0,47.853214,3.542983,145.0,,,259.981056,500.023134,259.981056,247.631202,469.920672,209.91157200000004,215.9912478,373.0225246
2024-08-10 06:44:01+00:00,85.0,19.812,1.0,59.5,,371.94722772277225,-201.640099,19.5,1.7682300000000002,0.0,0.0,2.56,29.5,35.25,4294967.295,10989.974,11656.28,19.5,0.0,47.853214,3.542983,145.0,,,259.981056,500.023134,259.981056,247.631202,469.920672,209.91157200000004,215.9912478,373.0225246
2024-08-10 06:44:02+00:00,85.0,19.812,1.0,59.5,,371.9219000000001,-201.548,19.5,1.7682300000000002,0.0,0.0,2.54,29.5,35.25,4294967.295,10989.974,11656.3,19.5,0.0,47.853214,3.542983,145.0,2443.464,,259.981056,500.023134,259.981056,247.631202,469.920672,209.91157200000004,215.9912478,373.0225246
2024-08-10 06:44:03+00:00,85.0,19.812,1.0,59.52,,371.9739,-201.597,19.5,1.76157,0.0,0.0,2.54,29.5,35.25,4294967.295,10989.974,11656.322,19.5,0.0,47.853214,3.542983,145.0,,9453.84,259.981056,500.023134,259.981056,247.631202,469.920672,209.91157200000004,215.9912478,373.0225246
2024-08-10 06:44:04+00:00,85.0,19.812,1.0,59.6,,371.9895,-201.645,19.5,1.7682300000000002,0.0,0.0,2.54,29.5,35.5,4294967.295,10989.974,11656.342,19.5,0.0,47.853214,3.542983,145.0,,,259.981056,500.023134,259.981056,247.631202,469.920672,209.91157200000004,215.9912478,373.0225246
2024-08-10 06:44:05+00:00,85.0,19.812,1.0,59.6,,371.9771,-201.394,19.5,1.7682300000000002,0.0,0.0,2.54,29.75,35.5,4294967.295,10989.974,11656.362,19.5,0.0,47.853214,3.542983,145.0,,,259.981056,500.023134,259.981056,247.631202,469.920672,209.91157200000004,215.9912478,373.0225246
2024-08-10 06:44:06+00:00,85.0,19.812,1.0,59.620000000000005,,371.9577000000001,-201.54,19.5,1.7715600000000002,0.0,0.0,2.52,29.75,35.5,4294967.295,10989.974,11656.384,19.5,0.0,47.853214,3.542983,145.0,,,259.981056,500.023134,259.981056,247.631202,469.920672,209.91157200000004,215.9912478,373.0225246
2024-08-10 06:44:07+00:00,85.0,19.8211,1.0,59.7,,371.9262000000001,-201.5935,19.5,1.7649,0.0,0.0,2.52,29.75,35.5,4294967.295,10989.974,11656.404,19.5,0.0,47.853214,3.542983,146.0,,,259.981056,500.023134,259.981056,247.631202,469.920672,209.91157200000004,215.9912478,373.0225246
2024-08-10 06:44:08+00:00,85.0,19.825,1.0,59.7,,371.9189,-201.6215,19.5,1.7649,0.0,0.0,2.52,29.75,35.5,4294967.295,10989.974,11656.424,19.5,0.0,47.853214,3.542983,146.0,,,259.981056,500.023134,259.981056,247.631202,469.920672,209.91157200000004,215.9912478,373.0225246
2024-08-10 06:44:09+00:00,85.0,19.825,1.0,59.720000000000006,,371.9511,-201.404,19.5,1.7682300000000002,0.0,0.0,2.52,29.75,35.5,4294967.295,10989.974,11656.448,19.5,0.0,47.853214,3.542983,146.0,,,259.981056,500.023134,259.981056,246.972024,469.920672,209.91157200000004,215.3760133,373.0225246
2024-08-10 06:44:10+00:00,85.0,19.825,1.0,59.8,,372.0496,-201.357,19.5,1.7682300000000002,0.0,0.0,2.52,29.75,35.5,4294967.295,10989.974,11656.468,19.5,0.0,47.853214,3.542983,146.0,,,259.981056,500.023134,259.981056,247.19175,469.920672,209.91157200000004,215.5810915,373.0225246
2024-08-10 06:44:11+00:00,85.0,19.825,1.0,59.8,,372.0259,-201.3355,19.5,1.7715600000000002,0.0,0.0,2.5,29.75,35.5,4294967.295,10989.974,11656.488,19.5,0.0,47.853214,3.542983,146.0,,,259.981056,500.023134,259.981056,247.631202,469.920672,209.91157200000004,215.9912478,373.0225246
2024-08-10 06:44:12+00:00,85.0,19.825,1.0,59.82000000000001,,372.0345,-201.676,19.5,1.7782200000000004,0.0,0.0,2.5,29.75,35.75,4294967.295,10989.974,11656.508,19.5,0.0,47.853214,3.542983,146.0,,,259.981056,500.023134,259.981056,247.631202,469.920672,209.91157200000004,215.9912478,373.0225246
2024-08-10 06:44:13+00:00,85.0,19.8289,1.0,59.9,,372.0504,-201.6265,19.5,1.7649,0.0,0.0,2.5,29.75,35.75,4294967.295,10989.974,11656.53,19.5,0.0,47.853214,3.542983,146.0,,,259.981056,500.023134,259.981056,247.631202,469.920672,209.91157200000004,215.9912478,373.0225246
2024-08-10 06:44:14+00:00,85.0,19.838,1.0,59.9,,372.0926262626263,-201.630303,19.5,1.7715600000000002,0.0,0.0,2.5,29.75,35.75,4294967.295,10989.974,11656.55,19.5,0.0,47.853214,3.542983,146.0,2443.464,,259.981056,500.023134,259.981056,247.631202,469.920672,209.91157200000004,215.9912478,373.0225246
2024-08-10 06:44:15+00:00,85.0,19.838,1.0,59.92,,372.0616831683169,-201.6539604,19.5,1.7748900000000003,0.0,0.0,2.48,29.75,35.75,4294967.295,10989.974,11656.572,19.5,0.0,47.853214,3.542983,146.0,,9453.84,259.981056,500.023134,259.981056,247.631202,469.920672,209.91157200000004,215.9912478,373.0225246
2024-08-10 06:44:16+00:00,85.0,19.838,1.0,60.0,,372.0076,-201.323,19.5,1.76157,0.0,0.0,2.48,29.75,35.75,4294967.295,10989.974,11656.592,19.5,0.0,47.853214,3.542983,146.0,,,259.981056,500.023134,259.981056,247.631202,469.920672,209.91157200000004,215.9912478,373.0225246
2024-08-10 06:44:17+00:00,85.0,19.838,1.0,60.0,,372.0064,-201.6025,19.5,1.7649,0.0,0.0,2.48,29.75,35.75,4294967.295,10989.974,11656.614,19.5,0.0,47.853214,3.542983,146.0,,,259.981056,500.023134,259.981056,247.631202,469.920672,209.91157200000004,215.9912478,373.0225246
2024-08-10 06:44:18+00:00,85.0,19.838,1.0,60.02,,371.9759,-201.6045,19.5,1.7782200000000004,0.0,0.0,2.48,29.75,35.75,4294967.295,10989.974,11656.634,19.5,0.0,47.853214,3.542983,146.0,,,259.981056,500.023134,259.981056,247.631202,469.920672,209.91157200000004,215.9912478,373.0225246
2024-08-10 06:44:19+00:00,85.0,19.838,1.0,60.1,,372.0204,-201.248,19.5,1.7782200000000004,0.0,0.0,2.46,29.75,35.75,4294967.295,10989.974,11656.656,19.5,0.0,47.853214,3.542983,147.0,,,259.981056,500.023134,259.981056,247.631202,469.920672,209.91157200000004,215.9912478,373.0225246
2024-08-10 06:44:20+00:00,85.0,19.8497,1.0,60.1,,372.0301,-201.467,19.5,1.7782200000000004,0.0,0.0,2.46,29.75,35.75,4294967.295,10989.974,11656.676,19.5,0.0,47.853214,3.542983,147.0,,,259.981056,500.023134,259.981056,247.631202,469.920672,209.91157200000004,215.9912478,373.0225246
2024-08-10 06:44:21+00:00,85.0,19.851,1.0,60.120000000000005,,372.0324,-201.566,19.5,1.7682300000000002,0.0,0.0,2.46,29.75,36.0,4294967.295,10989.974,11656.696,19.5,0.0,47.853214,3.542983,147.0,,,259.981056,500.023134,259.981056,247.631202,469.920672,209.91157200000004,215.9912478,373.0225246
2024-08-10 06:44:22+00:00,85.0,19.851,1.0,60.2,,371.9893939393939,-201.2464646,19.5,1.7748900000000003,0.0,0.0,2.46,29.75,36.0,4294967.295,10989.974,11656.716,19.5,0.0,47.853214,3.542983,147.0,,,259.981056,500.023134,259.981056,247.631202,469.920672,209.91157200000004,215.9912478,373.0225246
2024-08-10 06:44:23+00:00,85.0,19.851,1.0,60.2,,371.98643564356433,-201.5673267,19.5,1.7682300000000002,0.0,0.0,2.46,29.75,36.0,4294967.295,10989.974,11656.738,19.5,0.0,47.853214,3.542983,147.0,,,259.981056,500.023134,259.981056,247.631202,469.920672,209.91157200000004,215.9912478,373.0225246
2024-08-10 06:44:24+00:00,85.0,19.851,1.0,60.220000000000006,,371.95474747474753,-201.2186869,19.5,1.78155,0.0,0.0,2.44,29.75,36.0,4294967.295,10989.974,11656.758,19.5,0.0,47.853214,3.542983,147.0,,,259.981056,500.023134,259.981056,247.631202,469.920672,209.91157200000004,215.9912478,373.0225246
2024-08-10 06:44:25+00:00,85.0,19.851,1.0,60.3,,372.0081188118812,-201.4188119,19.5,1.7782200000000004,0.0,0.0,2.44,30.0,36.0,4294967.295,10989.974,11656.78,19.5,0.0,47.853214,3.542983,147.0,,,259.981056,500.023134,259.981056,247.631202,469.920672,209.91157200000004,215.9912478,373.0225246
2024-08-10 06:44:26+00:00,85.0,19.8614,1.0,60.3,,372.1176767676768,-201.1611111,19.5,1.78155,0.0,0.0,2.44,30.0,36.0,4294967.295,10989.974,11656.8,19.5,0.0,47.853214,3.542983,147.0,2443.464,,259.981056,500.023134,259.981056,247.631202,469.920672,209.91157200000004,215.9912478,373.0225246
2024-08-10 06:44:27+00:00,85.0,19.864,1.0,60.32000000000001,,372.0941584158416,-201.4539604,19.5,1.7748900000000003,0.0,0.0,2.44,30.0,36.0,4294967.295,10989.974,11656.822,19.5,0.0,47.853214,3.542983,148.0,,9453.84,259.981056,500.023134,259.981056,247.631202,469.920672,209.91157200000004,215.9912478,373.0225246
2024-08-10 06:44:28+00:00,85.0,19.864,1.0,60.4,,372.0846464646464,-201.2070707,19.5,1.7782200000000004,0.0,0.0,2.42,30.0,36.0,4294967.295,10989.974,11656.842,19.5,0.0,47.853214,3.542983,148.0,,,259.981056,500.023134,259.981056,247.631202,469.920672,209.91157200000004,215.9912478,373.0225246
2024-08-10 06:44:29+00:00,85.0,19.864,1.0,60.4,,372.0842574257426,-201.1638614,19.5,1.78488,0.0,0.0,2.42,30.0,36.0,4294967.295,10989.974,11656.862,19.5,0.0,47.853214,3.542983,148.0,,,259.981056,500.023134,259.981056,247.631202,469.920672,209.91157200000004,215.9912478,373.0225246
2024-08-10 06:44:30+00:00,85.0,19.864,1.0,60.42,,372.1369696969697,-201.1974747,19.5,1.7682300000000002,0.0,0.0,2.42,30.0,36.25,4294967.295,10989.974,11656.884,19.5,0.0,47.853214,3.542983,148.0,,,259.981056,500.023134,259.981056,246.972024,469.920672,209.91157200000004,215.42158624444443,373.0225246
2024-08-10 06:44:31+00:00,85.0,19.864,1.0,60.5,,372.0995049504951,-201.1688119,19.5,1.78488,0.0,0.0,2.42,30.0,36.25,4294967.295,10989.974,11656.904,19.5,0.0,47.853214,3.542983,148.0,,,259.981056,500.023134,259.981056,246.532572,469.920672,209.91157200000004,214.965857,373.0225246
2024-08-10 06:44:32+00:00,85.0,19.8718,1.0,60.5,,372.05414141414144,-201.1484848,19.5,1.7682300000000002,0.0,0.0,2.42,30.0,36.25,4294967.295,10989.974,11656.924,19.5,0.0,47.853214,3.542983,148.0,,,259.981056,500.023134,259.981056,246.532572,469.920672,209.91157200000004,214.965857,373.0225246
2024-08-10 06:44:33+00:00,85.0,19.877,1.0,60.52,,372.0550495049505,-201.1351485,19.5,1.7682300000000002,0.0,0.0,2.4,30.0,36.25,4294967.295,10989.974,11656.946,19.5,0.0,47.853214,3.542983,148.0,,,259.981056,500.023134,259.981056,247.19175,469.920672,209.91157200000004,215.52516107272723,373.0225246
2024-08-10 06:44:34+00:00,85.0,19.877,1.0,60.6,,372.0109000000001,-201.135,19.5,1.78155,0.0,0.0,2.4,30.0,36.25,4294967.295,10989.974,11656.966,19.5,0.0,47.853214,3.542983,148.0,,,259.981056,500.023134,259.981056,246.972024,469.920672,209.91157200000004,215.3760133,373.0225246
2024-08-10 06:44:35+00:00,85.0,19.877,1.0,60.6,,372.0668,-201.1945,19.5,1.7715600000000002,0.0,0.0,2.4,30.0,36.25,4294967.295,10989.974,11656.988,19.5,0.0,47.853214,3.542983,148.0,,,259.981056,500.023134,259.981056,247.19175,469.920672,209.91157200000004,215.5810915,373.0225246
2024-08-10 06:44:36+00:00,85.0,19.877,1.0,60.620000000000005,,372.0724242424242,-201.1308081,19.5,1.78821,0.0,0.0,2.4,30.0,36.25,4294967.295,10989.974,11657.008,19.5,0.0,47.853214,3.542983,148.0,,,259.981056,500.023134,259.981056,247.631202,469.920672,209.911572,215.9912478,373.0225246
2024-08-10 06:44:37+00:00,85.0,19.877,1.0,60.7,,372.0815841584158,-201.1306931,19.5,1.7649,0.0,0.0,2.38,30.0,36.25,4294967.295,10989.974,11657.03,19.5,0.0,47.853214,3.542983,148.0,,,259.981056,500.023134,259.981056,247.631202,469.920672,209.911572,215.9912478,373.0225246
2024-08-10 06:44:38+00:00,85.0,19.8822,1.0,60.7,,372.0461616161616,-201.0813131,19.5,1.78488,0.0,0.0,2.38,30.0,36.25,4294967.295,10989.974,11657.05,19.5,0.0,47.853214,3.542983,148.0,2443.464,,259.981056,500.023134,259.981056,247.631202,469.920672,209.911572,215.9912478,373.0225246
2024-08-10 06:44:39+00:00,85.0,19.89,1.0,60.720000000000006,,372.03782178217824,-201.059901,19.5,1.7715600000000002,0.0,0.0,2.38,30.0,36.5,4294967.295,10989.974,11657.07,19.5,0.0,47.853214,3.542983,148.0,,9453.84,259.981056,500.023134,259.981056,247.631202,469.920672,209.911572,215.9912478,373.0225246
2024-08-10 06:44:40+00:00,85.0,19.89,1.0,60.8,,372.02151515151513,-201.0146465,19.5,1.7748900000000003,0.0,0.0,2.38,30.0,36.5,4294967.295,10989.974,11657.09,19.5,0.0,47.853214,3.542983,148.0,,,259.981056,500.023134,259.981056,247.631202,469.920672,209.911572,215.9912478,373.0225246
2024-08-10 06:44:41+00:00,85.0,19.89,1.0,60.8,,372.0691000000001,-201.049,19.5,1.7748900000000003,0.0,0.0,2.38,30.0,36.5,4294967.295,10989.974,11657.112,19.5,0.0,47.853214,3.542983,149.0,,,259.981056,500.023134,259.981056,247.631202,469.920672,209.911572,215.9912478,373.0225246
2024-08-10 06:44:42+00:00,85.0,19.89,1.0,60.82000000000001,,372.1687,-201.071,19.5,1.7748900000000003,0.0,0.0,2.36,30.0,36.5,4294967.295,10989.974,11657.132,19.5,0.0,47.853214,3.542983,149.0,,,259.981056,500.023134,259.981056,247.631202,469.920672,209.91157200000004,215.9912478,373.0225246
2024-08-10 06:44:43+00:00,85.0,19.89,1.0,60.9,,372.13520000000005,-200.9195,19.5,1.7782200000000004,0.0,0.0,2.36,30.0,36.5,4294967.295,10989.974,11657.154,19.5,0.0,47.853214,3.542983,149.0,,,259.981056,500.023134,259.981056,246.972024,469.920672,209.91157200000004,215.4785524,373.0225246
2024-08-10 06:44:44+00:00,85.0,19.8913,1.0,60.9,,372.1534653465346,-201.1831683,19.5,1.7715600000000002,0.0,0.0,2.36,30.0,36.5,4294967.295,10989.974,11657.174,19.5,0.0,47.853214,3.542983,149.0,,,259.981056,500.023134,259.981056,246.532572,469.920672,209.91157200000004,214.965857,373.0225246
2024-08-10 06:44:45+00:00,85.0,19.903,1.0,60.92,,372.1567,-200.9525,19.5,1.7782200000000004,0.0,0.0,2.36,30.25,36.5,4294967.295,10989.974,11657.196,19.5,0.0,47.853214,3.542983,149.0,,,259.981056,500.023134,259.981056,245.873394,469.920672,209.91157200000004,214.4465032181818,373.0225246
2024-08-10 06:44:46+00:00,85.0,19.903,1.0,61.0,,372.1481818181818,-200.1373737,19.5,1.7682300000000002,0.0,0.0,2.36,30.25,36.5,4294967.295,10989.974,11657.216,19.5,0.0,47.853214,3.542983,149.0,,,259.981056,500.023134,259.981056,244.172552,469.920672,209.911572,212.8743852888889,373.0225246
2024-08-10 06:44:47+00:00,85.0,19.903,1.0,61.0,,372.06742574257424,-198.7717822,19.5,1.78488,0.0,0.0,2.34,30.25,36.5,4294967.295,10989.974,11657.236,19.5,0.0,47.853214,3.542983,149.0,,,259.981056,500.023134,259.981056,243.16344,469.920672,209.911572,211.9629268,373.0225246
2024-08-10 06:44:48+00:00,85.0,19.903,1.0,61.02,,372.0407070707071,-199.6126263,19.5,1.7748900000000003,0.0,0.0,2.34,30.25,36.75,4294967.295,10989.974,11657.256,19.5,0.0,47.853214,3.542983,149.0,,,259.981056,500.023134,259.981056,243.16344,469.920672,209.91157200000004,211.9629268,373.0225246
2024-08-10 06:44:49+00:00,85.0,19.903,1.0,61.1,,372.06980198019806,-200.3470297,19.5,1.78821,0.0,0.0,2.34,30.25,36.75,4294967.295,10989.974,11657.278,19.5,0.0,47.853214,3.542983,149.0,,,259.981056,500.023134,259.981056,244.5257412,469.920672,209.91157200000004,213.08153494545456,373.0225246
2024-08-10 06:44:50+00:00,85.0,19.903,1.0,61.1,,372.0223,-199.896,19.5,1.78821,0.0,0.0,2.34,30.25,36.75,4294967.295,10989.974,11657.298,19.5,0.0,47.853214,3.542983,149.0,2443.464,,259.981056,500.023134,259.981056,244.0716408,469.920672,209.91157200000004,212.7832394,373.0225246
2024-08-10 06:44:51+00:00,85.0,19.903,1.0,61.120000000000005,,372.1019,-200.3375,19.5,1.78488,0.0,0.0,2.32,30.25,36.75,4294967.295,10989.974,11657.32,19.5,0.0,47.853214,3.542983,149.0,,9453.84,259.981056,500.023134,259.981056,243.16344,469.920672,209.91157200000004,211.9629268,373.0225246
2024-08-10 06:44:52+00:00,85.0,19.903,1.0,61.2,,372.0711111111111,-199.7419192,19.5,1.7748900000000003,0.0,0.0,2.32,30.25,36.75,4294967.295,10989.974,11657.34,19.5,0.0,47.853214,3.542983,149.0,,,259.981056,500.023134,259.981056,243.16344,469.920672,209.91157200000004,211.9629268,373.0225246
2024-08-10 06:44:53+00:00,85.0,19.903,1.0,61.2,,372.1146534653466,-200.3569307,19.5,1.7649,0.0,0.0,2.32,30.25,36.75,4294967.295,10989.974,11657.36,19.5,0.0,47.853214,3.542983,149.0,,,259.981056,500.023134,259.981056,244.5257412,469.920672,209.91157200000004,213.08153494545456,373.0225246
2024-08-10 06:44:54+00:00,85.0,19.903,1.0,61.220000000000006,,372.07454545454544,-200.3742424,19.5,1.78155,0.0,0.0,2.32,30.25,36.75,4294967.295,10989.974,11657.38,19.5,0.0,47.853214,3.542983,149.0,,,259.981056,500.023134,259.981056,244.0716408,469.920672,209.91157200000004,212.8743852888889,373.0225246
2024-08-10 06:44:55+00:00,85.0,19.903,1.0,61.3,,372.0246,-199.6765,19.5,1.79154,0.0,0.0,2.32,30.25,36.75,4294967.295,10989.974,11657.402,19.5,0.0,47.853214,3.542983,150.0,,,259.981056,500.023134,259.981056,243.16344,469.920672,209.91157200000004,211.9629268,373.0225246
2024-08-10 06:44:56+00:00,85.0,19.9121,1.0,61.3,,372.0450495049505,-200.2816832,19.5,1.7682300000000002,0.0,0.0,2.3000000000000003,30.25,36.75,4294967.295,10989.974,11657.422,19.5,0.0,47.853214,3.542983,150.0,,,259.981056,500.023134,259.981056,244.5257412,469.920672,209.91157200000004,212.9883176,373.0225246
2024-08-10 06:44:57+00:00,85.0,19.916,1.0,61.32000000000001,,372.0958,-200.219,19.5,1.7649,0.0,0.0,2.3000000000000003,30.25,37.0,4294967.295,10989.974,11657.444,19.5,0.0,47.853214,3.542983,150.0,,,259.981056,500.023134,259.981056,244.0716408,469.920672,209.91157200000004,212.89510025454544,373.0225246
2024-08-10 06:44:58+00:00,85.0,19.916,1.0,61.4,,372.1481,-199.559,19.5,1.7649,0.0,0.0,2.3000000000000003,30.25,37.0,4294967.295,10989.974,11657.464,19.5,0.0,47.853214,3.542983,150.0,,,259.981056,500.023134,259.981056,243.16344,469.920672,209.91157200000004,211.9629268,373.0225246
2024-08-10 06:44:59+00:00,85.0,19.916,1.0,61.4,,372.1551,-200.255,19.5,1.7715600000000002,0.0,0.0,2.3000000000000003,30.25,37.0,4294967.295,10989.974,11657.484,19.5,0.0,47.853214,3.542983,150.0,,,259.981056,500.023134,259.981056,243.16344,469.920672,209.91157200000004,211.9629268,373.0225246
2024-08-10 06:45:00+00:00,85.0,19.916,1.0,61.42,,372.129899,-199.6368687,19.5,1.7715600000000002,0.0,0.0,2.3000000000000003,30.25,37.0,4294967.295,10989.974,11657.504,19.5,0.0,47.853214,3.542983,150.0,,,259.981056,500.023134,259.981056,243.16344,469.920672,209.91157200000004,211.9629268,373.0225246
2024-08-10 06:45:01+00:00,85.0,19.916,1.0,61.5,,372.1492,-199.6505,19.5,1.7649,0.0,0.0,2.28,30.25,37.0,4294967.295,10989.974,11657.526,19.5,0.0,47.853214,3.542983,150.0,,,259.981056,500.023134,259.981056,243.16344,469.920672,209.91157200000004,211.9629268,373.0225246
2024-08-10 06:45:02+00:00,85.0,19.916,1.0,61.5,,372.1776,-199.658,19.5,1.7682300000000002,0.0,0.0,2.28,30.25,37.0,4294967.295,10989.974,11657.546,19.5,0.0,47.853214,3.542983,150.0,2443.464,,259.981056,500.023134,259.981056,243.16344,469.920672,209.91157200000004,211.9629268,373.0225246
2024-08-10 06:45:03+00:00,85.0,19.916,1.0,61.510000000000005,,372.1503,-199.5925,19.5,1.7748900000000003,0.0,0.0,2.28,30.25,37.0,4294967.295,10989.974,11657.568,19.5,0.0,47.853214,3.542983,150.0,,9453.84,259.981056,500.023134,259.981056,243.16344,469.920672,209.91157200000004,211.9629268,373.0225246
2024-08-10 06:45:04+00:00,85.0,19.916,1.0,61.6,,372.1035,-199.5775,19.5,1.7715600000000002,0.0,0.0,2.28,30.25,37.0,4294967.295,10989.974,11657.588,19.5,0.0,47.853214,3.542983,150.0,,,259.981056,500.023134,259.981056,243.16344,469.920672,209.911572,211.9629268,373.0225246
2024-08-10 06:45:05+00:00,85.0,19.916,1.0,61.6,,372.0884,-199.5905,19.5,1.7649,0.0,0.0,2.28,30.25,37.0,4294967.295,10989.974,11657.608,19.5,0.0,47.853214,3.542983,150.0,,,259.981056,500.023134,259.981056,243.16344,469.920672,209.911572,211.9629268,373.0225246
2024-08-10 06:45:06+00:00,85.0,19.916,1.0,61.61,,372.0754,-199.608,19.5,1.7682300000000002,0.0,0.0,2.28,30.25,37.0,4294967.295,10989.974,11657.628,19.5,0.0,47.853214,3.542983,150.0,,,259.981056,500.023134,259.981056,243.16344,469.920672,209.911572,211.9629268,373.0225246
2024-08-10 06:45:07+00:00,85.0,19.916,1.0,61.7,,372.12520000000006,-199.6365,19.5,1.7649,0.0,0.0,2.26,30.25,37.25,4294967.295,10989.974,11657.65,19.5,0.0,47.853214,3.542983,150.0,,,259.981056,500.023134,259.981056,243.16344,469.920672,209.91157200000004,211.9629268,373.0225246
2024-08-10 06:45:08+00:00,85.0,19.916,1.0,61.7,,372.1332,-199.661,19.5,1.7682300000000002,0.0,0.0,2.26,30.25,37.25,4294967.295,10989.974,11657.67,19.5,0.0,47.853214,3.542983,150.0,,,259.981056,500.023134,259.981056,243.16344,469.920672,209.91157200000004,211.9629268,373.0225246
2024-08-10 06:45:09+00:00,85.0,19.916,1.0,61.71,,372.1256,-199.6395,19.5,1.7748900000000003,0.0,0.0,2.26,30.25,37.25,4294967.295,10989.974,11657.69,19.5,0.0,47.853214,3.542983,151.0,,,259.981056,500.023134,259.981056,243.16344,469.920672,209.911572,211.9629268,373.0225246
2024-08-10 06:45:10+00:00,85.0,19.916,1.0,61.8,,372.0783,-199.241,19.5,1.7782200000000004,0.0,0.0,2.26,30.25,37.25,4294967.295,10989.974,11657.712,19.5,0.0,47.853214,3.542983,151.0,,,259.981056,500.023134,259.981056,243.16344,469.920672,209.91157200000004,211.9629268,373.0225246
2024-08-10 06:45:11+00:00,85.0,19.9277,1.0,61.8,,372.0611,-199.091,19.5,1.78155,0.0,0.0,2.26,30.25,37.25,4294967.295,10989.974,11657.732,19.5,0.0,47.853214,3.542983,151.0,,,259.981056,500.023134,259.981056,243.16344,469.920672,209.91157200000004,211.9629268,373.0225246
2024-08-10 06:45:12+00:00,85.0,19.929,1.0,61.81,,372.0363,-198.938,19.5,1.7782200000000004,0.0,0.0,2.26,30.5,37.25,4294967.295,10989.974,11657.752,19.5,0.0,47.853214,3.542983,151.0,,,259.981056,500.023134,259.981056,243.16344,469.920672,209.911572,211.9629268,373.0225246
2024-08-10 06:45:13+00:00,85.0,19.929,1.0,61.9,,372.0713,-198.7635,19.5,1.78155,0.0,0.0,2.26,30.5,37.25,4294967.295,10989.974,11657.774,19.5,0.0,47.853214,3.542983,151.0,,,259.981056,500.023134,259.981056,243.16344,469.920672,209.91157200000004,211.9629268,373.0225246
2024-08-10 06:45:14+00:00,85.0,19.929,1.0,61.9,,372.17370000000005,-198.755,19.5,1.78155,0.0,0.0,2.24,30.5,37.25,4294967.295,10989.974,11657.794,19.5,0.0,47.853214,3.542983,151.0,2443.464,,259.981056,500.023134,259.981056,243.16344,469.920672,209.91157200000004,211.9629268,373.0225246
2024-08-10 06:45:15+00:00,85.0,19.929,1.0,61.9,,372.1564,-198.7875,19.5,1.78821,0.0,0.0,2.24,30.5,37.25,4294967.295,10989.974,11657.814,19.5,0.0,47.853214,3.542983,151.0,,9453.84,259.981056,500.023134,259.981056,243.16344,469.920672,209.91157200000004,211.9629268,373.0225246
2024-08-10 06:45:16+00:00,85.0,19.929,1.0,62.0,,372.1499,-198.7755,19.5,1.7782200000000004,0.0,0.0,2.24,30.5,37.25,4294967.295,10989.974,11657.834,19.5,0.0,47.853214,3.542983,151.0,,,259.981056,500.023134,259.981056,243.16344,469.920672,209.91157200000004,211.9629268,373.0225246
2024-08-10 06:45:17+00:00,85.0,19.929,1.0,62.0,,372.1466,-198.8135,19.5,1.79154,0.0,0.0,2.24,30.5,37.5,4294967.295,10989.974,11657.856,19.5,0.0,47.853214,3.542983,152.0,,,259.981056,500.023134,259.981056,243.16344,469.920672,209.91157200000004,211.9629268,373.0225246
2024-08-10 06:45:18+00:00,85.0,19.929,1.0,62.0,,372.1996,-198.8045,19.5,1.78488,0.0,0.0,2.24,30.5,37.5,4294967.295,10989.974,11657.876,19.5,0.0,47.853214,3.542983,152.0,,,259.981056,500.023134,259.981056,243.16344,469.920672,209.91157200000004,211.9629268,373.0225246
2024-08-10 06:45:19+00:00,85.0,19.929,1.0,62.1,,372.1394,-198.4425,19.5,1.78488,0.0,0.0,2.24,30.5,37.5,4294967.295,10989.974,11657.896,19.5,0.0,47.853214,3.542983,152.0,,,259.981056,500.023134,259.981056,242.56418727272728,469.920672,209.911572,211.4868525,373.0225246
2024-08-10 06:45:20+00:00,85.0,19.929,1.0,62.1,,372.085,-198.008,19.5,1.78155,0.0,0.0,2.24,30.5,37.5,4294967.295,10989.974,11657.916,19.5,0.0,47.853214,3.542983,152.0,,,259.981056,500.023134,259.981056,242.06481,469.920672,209.911572,211.01077819999995,373.0225246
2024-08-10 06:45:21+00:00,85.0,19.929,1.0,62.1,,372.0759000000001,-198.3335,19.5,1.78821,0.0,0.0,2.22,30.5,37.5,4294967.295,10989.974,11657.938,19.5,0.0,47.853214,3.542983,152.0,,,259.981056,500.023134,259.981056,242.06481,469.920672,209.91157200000004,211.01077819999995,373.0225246
2024-08-10 06:45:22+00:00,85.0,19.929,1.0,62.2,,372.0401,-197.9695,19.5,1.7748900000000003,0.0,0.0,2.22,30.5,37.5,4294967.295,10989.974,11657.958,19.5,0.0,47.853214,3.542983,152.0,,,259.981056,500.023134,259.981056,242.06481,469.920672,209.91157200000004,211.01077819999995,373.0225246
2024-08-10 06:45:23+00:00,85.0,19.929,1.0,62.2,,372.1101000000001,-198.263,19.5,1.7715600000000002,0.0,0.0,2.22,30.5,37.5,4294967.295,10989.974,11657.978,19.5,0.0,47.853214,3.542983,153.0,,,259.981056,500.023134,259.981056,242.06481,469.920672,209.91157200000004,211.01077819999995,373.0225246
2024-08-10 06:45:24+00:00,85.0,19.929,1.0,62.2,,372.108,-197.9125,19.5,1.7748900000000003,0.0,0.0,2.22,30.5,37.5,4294967.295,10989.974,11657.998,19.5,0.0,47.853214,3.542983,153.0,,,259.981056,500.023134,259.981056,242.06481,469.920672,209.91157200000004,211.01077819999995,373.0225246
2024-08-10 06:45:25+00:00,85.0,19.929,1.0,62.290000000000006,,372.0978,-197.8805,19.5,1.79154,0.0,0.0,2.22,30.5,37.5,4294967.295,10989.974,11658.02,19.5,0.0,47.853214,3.542983,153.0,,,259.981056,500.023134,259.981056,242.06481,469.920672,209.91157200000004,211.01077819999995,373.0225246
2024-08-10 06:45:26+00:00,85.0,19.929,1.0,62.3,,372.064,-197.8945,19.5,1.7948700000000002,0.0,0.0,2.22,30.5,37.5,4294967.295,10989.974,11658.04,19.5,0.0,47.853214,3.542983,153.0,2443.464,,259.981056,500.023134,259.981056,242.06481,469.920672,209.91157200000004,211.01077819999995,373.0225246
2024-08-10 06:45:27+00:00,85.0,19.929,1.0,62.3,,372.0608,-197.88,19.5,1.79154,0.0,0.0,2.22,30.5,37.75,4294967.295,10989.974,11658.06,19.5,0.0,47.853214,3.542983,153.0,,9453.84,259.981056,500.023134,259.981056,242.06481,469.920672,209.91157200000004,211.01077819999995,373.0225246
2024-08-10 06:45:28+00:00,85.0,19.929,1.0,62.39000000000001,,372.0359,-197.871,19.5,1.78155,0.0,0.0,2.2,30.5,37.75,4294967.295,10989.974,11658.082,19.5,0.0,47.853214,3.542983,153.0,,,259.981056,500.023134,259.981056,242.06481,469.920672,209.91157200000004,211.01077819999995,373.0225246
2024-08-10 06:45:29+00:00,85.0,19.929,1.0,62.4,,372.0605000000001,-197.886,19.5,1.7948700000000002,0.0,0.0,2.2,30.5,37.75,4294967.295,10989.974,11658.102,19.5,0.0,47.853214,3.542983,153.0,,,259.981056,500.023134,259.981056,242.06481,469.920672,209.911572,211.01077819999995,373.0225246
2024-08-10 06:45:30+00:00,85.0,19.929,1.0,62.4,,372.1804,-197.8705,19.5,1.78155,0.0,0.0,2.2,30.5,37.75,4294967.295,10989.974,11658.122,19.5,0.0,47.853214,3.542983,153.0,,,259.981056,500.023134,259.981056,242.06481,469.920672,209.911572,211.01077819999995,373.0225246
2024-08-10 06:45:31+00:00,85.0,19.929,1.0,62.48,,372.1068,-197.143,19.5,1.78821,0.0,0.0,2.2,30.5,37.75,4294967.295,10989.974,11658.142,19.5,0.0,47.853214,3.542983,153.0,,,259.981056,500.023134,259.981056,240.8663045454545,469.920672,209.911572,209.9853874,373.0225246
2024-08-10 06:45:32+00:00,85.0,19.929,1.0,62.5,,372.0691000000001,-196.0375,19.5,1.79154,0.0,0.0,2.2,30.75,37.75,4294967.295,10989.974,11658.164,19.5,0.0,47.853214,3.542983,153.0,,,259.981056,500.023134,259.981056,239.86755,469.920672,209.911572,208.9599966,373.0225246
2024-08-10 06:45:33+00:00,85.0,19.929,1.0,62.5,,372.1122,-197.0135,19.5,1.78155,0.0,0.0,2.2,30.75,37.75,4294967.295,10989.974,11658.184,19.5,0.0,47.853214,3.542983,153.0,,,259.981056,500.023134,259.981056,240.96618,469.920672,209.91157200000004,209.9853874,373.0225246
2024-08-10 06:45:34+00:00,85.0,19.929,1.0,62.58,,372.172,-197.3955,19.5,1.78155,0.0,0.0,2.2,30.75,37.75,4294967.295,10989.974,11658.204,19.5,0.0,47.853214,3.542983,153.0,,,259.981056,500.023134,259.981056,242.06481,469.920672,209.91157200000004,211.01077819999995,373.0225246
2024-08-10 06:45:35+00:00,85.0,19.929,1.0,62.6,,372.116,-197.013,19.5,1.7748900000000003,0.0,0.0,2.2,30.75,37.75,4294967.295,10989.974,11658.224,19.5,0.0,47.853214,3.542983,153.0,,,259.981056,500.023134,259.981056,242.06481,469.920672,209.911572,211.01077819999995,373.0225246
2024-08-10 06:45:36+00:00,85.0,19.929,1.0,62.6,,372.0906,-197.3785,19.5,1.7748900000000003,0.0,0.0,2.2,30.75,37.75,4294967.295,10989.974,11658.244,19.5,0.0,47.853214,3.542983,153.0,,,259.981056,500.023134,259.981056,242.67516,469.920672,209.911572,211.4868525,373.0225246
2024-08-10 06:45:37+00:00,85.0,19.929,1.0,62.67,,372.0765,-197.2415,19.5,1.7715600000000002,0.0,0.0,2.18,30.75,38.0,4294967.295,10989.974,11658.264,19.5,0.0,47.853214,3.542983,154.0,,,259.981056,500.023134,259.981056,243.16344,469.920672,209.91157200000004,211.9629268,373.0225246
2024-08-10 06:45:38+00:00,85.0,19.929,1.0,62.7,,372.0471,-197.262,19.5,1.78155,0.0,0.0,2.18,30.75,38.0,4294967.295,10989.974,11658.284,19.5,0.0,47.853214,3.542983,154.0,2443.464,,259.981056,500.023134,259.981056,243.16344,469.920672,209.91157200000004,211.9629268,373.0225246
2024-08-10 06:45:39+00:00,85.0,19.929,1.0,62.7,,372.1149,-197.5225,19.5,1.7948700000000002,0.0,0.0,2.18,30.75,38.0,4294967.295,10989.974,11658.304,19.5,0.0,47.853214,3.542983,154.0,,9453.84,259.981056,500.023134,259.981056,243.16344,469.920672,209.91157200000004,211.9629268,373.0225246
2024-08-10 06:45:40+00:00,85.0,19.929,1.0,62.760000000000005,,372.1126,-197.5545,19.5,1.7948700000000002,0.0,0.0,2.18,30.75,38.0,4294967.295,10989.974,11658.326,19.5,0.0,47.853214,3.542983,154.0,,,259.981056,500.023134,259.981056,243.16344,469.920672,209.911572,211.9629268,373.0225246
2024-08-10 06:45:41+00:00,85.0,19.929,1.0,62.8,,372.1261,-197.5135,19.5,1.7948700000000002,0.0,0.0,2.18,30.75,38.0,4294967.295,10989.974,11658.346,19.5,0.0,47.853214,3.542983,154.0,,,259.981056,500.023134,259.981056,243.16344,469.920672,209.911572,211.9629268,373.0225246
2024-08-10 06:45:42+00:00,85.0,19.929,1.0,62.8,,372.0882,-197.459,19.5,1.78155,0.0,0.0,2.18,30.75,38.0,4294967.295,10989.974,11658.366,19.5,0.0,47.853214,3.542983,154.0,,,259.981056,500.023134,259.981056,243.16344,469.920672,209.911572,211.9629268,373.0225246
2024-08-10 06:45:43+00:00,85.0,19.929,1.0,62.86,,372.0597,-197.434,19.5,1.78488,0.0,0.0,2.18,30.75,38.0,4294967.295,10989.974,11658.386,19.5,0.0,47.853214,3.542983,154.0,,,259.981056,500.023134,259.981056,243.16344,469.920672,209.911572,211.9629268,373.0225246
2024-08-10 06:45:44+00:00,85.0,19.929,1.0,62.9,,372.0352,-197.221,19.5,1.78155,0.0,0.0,2.18,30.75,38.0,4294967.295,10989.974,11658.408,19.5,0.0,47.853214,3.542983,154.0,,,259.981056,500.023134,259.981056,243.16344,469.920672,209.91157200000004,211.9629268,373.0225246
2024-08-10 06:45:45+00:00,85.0,19.929,1.0,62.9,,372.05910000000006,-197.257,19.5,1.7982000000000002,0.0,0.0,2.18,30.75,38.0,4294967.295,10989.974,11658.428,19.5,0.0,47.853214,3.542983,154.0,,,259.981056,500.023134,259.981056,243.16344,469.920672,209.91157200000004,211.9629268,373.0225246
2024-08-10 06:45:46+00:00,85.0,19.929,1.0,62.95,,372.1855000000001,-197.267,19.5,1.7948700000000002,0.0,0.0,2.18,30.75,38.0,4294967.295,10989.974,11658.448,19.5,0.0,47.853214,3.542983,154.0,,,259.981056,500.023134,259.981056,243.16344,469.920672,209.91157200000004,211.9629268,373.0225246
2024-08-10 06:45:47+00:00,85.0,19.929,1.0,63.0,,372.1538,-197.219,19.5,1.7782200000000004,0.0,0.0,2.18,31.0,38.25,4294967.295,10989.974,11658.468,19.5,0.0,47.853214,3.542983,154.0,,,259.981056,500.023134,259.981056,243.16344,469.920672,209.91157200000004,211.9629268,373.0225246
2024-08-10 06:45:48+00:00,85.0,19.929,1.0,63.0,,372.1625,-197.2195,19.5,1.78488,0.0,0.0,2.18,31.0,38.25,4294967.295,10989.974,11658.49,19.5,0.0,47.853214,3.542983,154.0,,,259.981056,500.023134,259.981056,243.16344,469.920672,209.91157200000004,211.9629268,373.0225246
2024-08-10 06:45:49+00:00,85.0,19.929,1.0,63.05,,372.16,-197.1575,19.5,1.79154,0.0,0.0,2.16,31.0,38.25,4294967.295,10989.974,11658.508,19.5,0.0,47.853214,3.542983,154.0,,,259.981056,500.023134,259.981056,243.16344,469.920672,209.91157200000004,211.9629268,373.0225246
2024-08-10 06:45:50+00:00,85.0,19.929,1.0,63.1,,372.2094,-197.161,19.5,1.7948700000000002,0.0,0.0,2.16,31.0,38.25,4294967.295,10989.974,11658.53,19.5,0.0,47.853214,3.542983,154.0,2443.464,,259.981056,500.023134,259.981056,243.16344,469.920672,209.91157200000004,211.9629268,373.0225246
2024-08-10 06:45:51+00:00,85.0,19.929,1.0,63.1,,372.1693,-197.0185,19.5,1.7782200000000004,0.0,0.0,2.16,31.0,38.25,4294967.295,10989.974,11658.55,19.5,0.0,47.853214,3.542983,155.0,,9453.84,259.981056,500.023134,259.981056,243.16344,469.920672,209.91157200000004,211.9629268,373.0225246
2024-08-10 06:45:52+00:00,85.0,19.929,1.0,63.14,,372.1029,-196.741,19.5,1.7982000000000002,0.0,0.0,2.16,31.0,38.25,4294967.295,10989.974,11658.57,19.5,0.0,47.853214,3.542983,155.0,,,259.981056,500.023134,259.981056,243.16344,469.920672,209.91157200000004,211.9629268,373.0225246
2024-08-10 06:45:53+00:00,85.0,19.929,1.0,63.2,,372.085,-196.7665,19.5,1.79154,0.0,0.0,2.16,31.0,38.25,4294967.295,10989.974,11658.59,19.5,0.0,47.853214,3.542983,155.0,,,259.981056,500.023134,259.981056,243.16344,469.920672,209.91157200000004,211.9629268,373.0225246
2024-08-10 06:45:54+00:00,85.0,19.929,1.0,63.2,,372.0674,-196.6625,19.5,1.78821,0.0,0.0,2.16,31.0,38.25,4294967.295,10989.974,11658.612,19.5,0.0,47.853214,3.542983,155.0,,,259.981056,500.023134,259.981056,242.614125,469.920672,209.91157200000004,211.4868525,373.0225246
2024-08-10 06:45:55+00:00,85.0,19.929,1.0,63.23,,372.0939,-196.38,19.5,1.7748900000000003,0.0,0.0,2.16,31.0,38.25,4294967.295,10989.974,11658.632,19.5,0.0,47.853214,3.542983,155.0,,,259.981056,500.023134,259.981056,242.06481,469.920672,209.91157200000004,211.01077819999995,373.0225246
2024-08-10 06:45:56+00:00,85.0,19.929,1.0,63.3,,372.0957,-196.308,19.5,1.7948700000000002,0.0,0.0,2.16,31.0,38.25,4294967.295,10989.974,11658.652,19.5,0.0,47.853214,3.542983,155.0,,,259.981056,500.023134,259.981056,242.06481,469.920672,209.91157200000004,211.01077819999995,373.0225246
2024-08-10 06:45:57+00:00,85.0,19.929,1.0,63.3,,372.0954,-196.314,19.5,1.78155,0.0,0.0,2.16,31.0,38.25,4294967.295,10989.974,11658.67,19.5,0.0,47.853214,3.542983,155.0,,,259.981056,500.023134,259.981056,242.06481,469.920672,209.91157200000004,211.01077819999995,373.0225246
2024-08-10 06:45:58+00:00,85.0,19.929,1.0,63.330000000000005,,372.07020000000006,-196.607,19.5,1.7782200000000004,0.0,0.0,2.16,31.0,38.5,4294967.295,10989.974,11658.692,19.5,0.0,47.853214,3.542983,155.0,,,259.981056,500.023134,259.981056,242.614125,469.920672,209.91157200000004,211.4868525,373.0225246
2024-08-10 06:45:59+00:00,85.0,19.929,1.0,63.4,,372.0453,-196.3125,19.5,1.78155,0.0,0.0,2.16,31.25,38.5,4294967.295,10989.974,11658.712,19.5,0.0,47.853214,3.542983,156.0,,,259.981056,500.023134,259.981056,242.614125,469.920672,209.91157200000004,211.4868525,373.0225246
2024-08-10 06:46:00+00:00,85.0,19.929,1.0,63.4,,372.0349,-196.3095,19.5,1.79154,0.0,0.0,2.16,31.25,38.5,4294967.295,10989.974,11658.732,19.5,0.0,47.853214,3.542983,156.0,,,259.981056,500.023134,259.981056,242.06481,469.920672,209.91157200000004,211.01077819999995,373.0225246
2024-08-10 06:46:01+00:00,85.0,19.929,1.0,63.42,,372.0614,-196.3255,19.5,1.7982000000000002,0.0,0.0,2.16,31.25,38.5,4294967.295,10989.974,11658.752,19.5,0.0,47.853214,3.542983,156.0,,,259.981056,500.023134,259.981056,242.06481,469.920672,209.91157200000004,211.01077819999995,373.0225246
2024-08-10 06:46:02+00:00,85.0,19.929,1.0,63.5,,372.1728,-196.271,19.5,1.7782200000000004,0.0,0.0,2.16,31.25,38.5,4294967.295,10989.974,11658.774,19.5,0.0,47.853214,3.542983,156.0,2443.464,,259.981056,500.023134,259.981056,242.06481,469.920672,209.91157200000004,211.01077819999995,373.0225246
2024-08-10 06:46:03+00:00,85.0,19.929,1.0,63.5,,372.1434,-196.413,19.5,1.78488,0.0,0.0,2.16,31.25,38.5,4294967.295,10989.974,11658.792,19.5,0.0,47.853214,3.542983,156.0,,9453.84,259.981056,500.023134,259.981056,242.614125,469.920672,209.91157200000004,211.4868525,373.0225246
2024-08-10 06:46:04+00:00,85.0,19.929,1.0,63.510000000000005,,372.1363,-196.126,19.5,1.7982000000000002,0.0,0.0,2.14,31.25,38.5,4294967.295,10989.974,11658.814,19.5,0.0,47.853214,3.542983,156.0,,,259.981056,500.023134,259.981056,242.614125,469.920672,209.91157200000004,211.4868525,373.0225246
2024-08-10 06:46:05+00:00,85.0,19.929,1.0,63.6,,372.1633,-196.342,19.5,1.78488,0.0,0.0,2.14,31.25,38.5,4294967.295,10989.974,11658.834,19.5,0.0,47.853214,3.542983,156.0,,,259.981056,500.023134,259.981056,242.614125,469.920672,209.91157200000004,211.4868525,373.0225246
2024-08-10 06:46:06+00:00,85.0,19.929,1.0,63.6,,372.1765,-196.108,19.5,1.78821,0.0,0.0,2.14,31.25,38.5,4294967.295,10989.974,11658.854,19.5,0.0,47.853214,3.542983,156.0,,,259.981056,500.023134,259.981056,242.614125,469.920672,209.91157200000004,211.4868525,373.0225246
2024-08-10 06:46:07+00:00,85.0,19.929,1.0,63.61,,372.136,-196.0505,19.5,1.7982000000000002,0.0,0.0,2.14,31.25,38.5,4294967.295,10989.974,11658.874,19.5,0.0,47.853214,3.542983,156.0,,,259.981056,500.023134,259.981056,242.06481,469.920672,209.91157200000004,211.01077819999995,373.0225246
2024-08-10 06:46:08+00:00,85.0,19.929,1.0,63.7,,372.0925,-196.089,19.5,1.7948700000000002,0.0,0.0,2.14,31.25,38.5,4294967.295,10989.974,11658.896,19.5,0.0,47.853214,3.542983,156.0,,,259.981056,500.023134,259.981056,242.06481,469.920672,209.91157200000004,211.01077819999995,373.0225246
2024-08-10 06:46:09+00:00,85.0,19.929,1.0,63.7,,372.0864,-196.0325,19.5,1.7948700000000002,0.0,0.0,2.14,31.25,38.75,4294967.295,10989.974,11658.914,19.5,0.0,47.853214,3.542983,156.0,,,259.981056,500.023134,259.981056,242.06481,469.920672,209.91157200000004,211.01077819999995,373.0225246
2024-08-10 06:46:10+00:00,85.0,19.929,1.0,63.7,,372.0502,-196.061,19.5,1.7948700000000002,0.0,0.0,2.14,31.25,38.75,4294967.295,10989.974,11658.936,19.5,0.0,47.853214,3.542983,156.0,,,259.981056,500.023134,259.981056,242.06481,469.920672,209.91157200000004,211.01077819999995,373.0225246
2024-08-10 06:46:11+00:00,85.0,19.929,1.0,63.8,,372.0973,-196.0545,19.5,1.78155,0.0,0.0,2.14,31.25,38.75,4294967.295,10989.974,11658.956,19.5,0.0,47.853214,3.542983,156.0,,,259.981056,500.023134,259.981056,242.06481,469.920672,209.91157200000004,211.01077819999995,373.0225246
2024-08-10 06:46:12+00:00,85.0,19.929,1.0,63.8,,372.1108,-196.0225,19.5,1.7982000000000002,0.0,0.0,2.14,31.25,38.75,4294967.295,10989.974,11658.976,19.5,0.0,47.853214,3.542983,156.0,,,259.981056,500.023134,259.981056,242.06481,469.920672,209.91157200000004,211.01077819999995,373.0225246
2024-08-10 06:46:13+00:00,85.0,19.929,1.0,63.8,,372.11730000000006,-196.051,19.5,1.78155,0.0,0.0,2.14,31.25,38.75,4294967.295,10989.974,11658.998,19.5,0.0,47.853214,3.542983,157.0,,,259.981056,500.023134,259.981056,242.06481,469.920672,209.91157200000004,211.01077819999995,373.0225246
2024-08-10 06:46:14+00:00,85.0,19.929,1.0,63.89000000000001,,372.0907,-196.3995,19.5,1.7948700000000002,0.0,0.0,2.14,31.25,38.75,4294967.295,10989.974,11659.016,19.5,0.0,47.853214,3.542983,157.0,2443.464,,259.981056,500.023134,259.981056,242.06481,469.920672,209.91157200000004,211.01077819999995,373.0225246
2024-08-10 06:46:15+00:00,85.0,19.929,1.0,63.9,,372.0721,-196.172,19.5,1.7982000000000002,0.0,0.0,2.14,31.5,38.75,4294967.295,10989.974,11659.036,19.5,0.0,47.853214,3.542983,157.0,,9453.84,259.981056,500.023134,259.981056,240.96618,469.920672,209.91157200000004,209.9853874,373.0225246
2024-08-10 06:46:16+00:00,85.0,19.929,1.0,63.9,,372.009,-195.532,19.5,1.7982000000000002,0.0,0.0,2.14,31.5,38.75,4294967.295,10989.974,11659.056,19.5,0.0,47.853214,3.542983,157.0,,,259.981056,500.023134,259.981056,239.86755,469.920672,209.91157200000004,208.9599966,373.0225246
2024-08-10 06:46:17+00:00,85.0,19.929,1.0,63.98,,372.05980000000005,-195.5935,19.5,1.7982000000000002,0.0,0.0,2.14,31.5,38.75,4294967.295,10989.974,11659.078,19.5,0.0,47.853214,3.542983,157.0,,,259.981056,500.023134,259.981056,239.318235,469.920672,209.91157200000004,208.4839223,373.0225246
2024-08-10 06:46:18+00:00,85.0,19.929,1.0,64.0,,372.1433,-195.4835,19.5,1.7948700000000002,0.0,0.0,2.14,31.5,38.75,4294967.295,10989.974,11659.098,19.5,0.0,47.853214,3.542983,157.0,,,259.981056,500.023134,259.981056,238.76892000000004,469.920672,209.91157200000004,208.007848,373.0225246
2024-08-10 06:46:19+00:00,85.0,19.929,1.0,64.0,,372.12700000000007,-195.52,19.5,1.7982000000000002,0.0,0.0,2.14,31.5,38.75,4294967.295,10989.974,11659.118,19.5,0.0,47.853214,3.542983,157.0,,,259.981056,500.023134,259.981056,238.76892000000004,469.920672,209.91157200000004,208.007848,373.0225246
2024-08-10 06:46:20+00:00,85.0,19.929,1.0,64.07000000000001,,372.1455,-195.798,19.5,1.7948700000000002,0.0,0.0,2.14,31.5,38.75,4294967.295,10989.974,11659.138,19.5,0.0,47.853214,3.542983,157.0,,,259.981056,500.023134,259.981056,238.76892000000004,469.920672,209.91157200000004,208.007848,373.0225246
2024-08-10 06:46:21+00:00,85.0,19.929,1.0,64.10000000000001,,372.1324,-195.578,19.5,1.7982000000000002,0.0,0.0,2.14,31.5,39.0,4294967.295,10989.974,11659.158,19.5,0.0,47.853214,3.542983,158.0,,,259.981056,500.023134,259.981056,238.76892000000004,469.920672,209.91157200000004,208.007848,373.0225246
2024-08-10 06:46:22+00:00,85.0,19.929,1.0,64.10000000000001,,372.168,-195.5955,19.5,1.79154,0.0,0.0,2.14,31.5,39.0,4294967.295,10989.974,11659.178,19.5,0.0,47.853214,3.542983,158.0,,,259.981056,500.023134,259.981056,238.76892000000004,469.920672,209.91157200000004,208.007848,373.0225246
2024-08-10 06:46:23+00:00,85.0,19.929,1.0,64.17,,372.1375,-195.7975,19.5,1.7948700000000002,0.0,0.0,2.14,31.5,39.0,4294967.295,10989.974,11659.198,19.5,0.0,47.853214,3.542983,158.0,,,259.981056,500.023134,259.981056,239.318235,469.920672,209.91157200000004,208.4839223,373.0225246
2024-08-10 06:46:24+00:00,85.0,19.929,1.0,64.2,,372.1139,-195.87,19.5,1.7982000000000002,0.0,0.0,2.12,31.5,39.0,4294967.295,10989.974,11659.218,19.5,0.0,47.853214,3.542983,158.0,,,259.981056,500.023134,259.981056,239.86755,469.920672,209.91157200000004,208.9599966,373.0225246
2024-08-10 06:46:25+00:00,85.0,19.929,1.0,64.2,,372.094,-195.945,19.5,1.7982000000000002,0.0,0.0,2.12,31.5,39.0,4294967.295,10989.974,11659.24,19.5,0.0,47.853214,3.542983,158.0,,,259.981056,500.023134,259.981056,239.86755,469.920672,209.91157200000004,208.9599966,373.0225246
2024-08-10 06:46:26+00:00,85.0,19.929,1.0,64.26,,372.0627272727273,-195.7545455,19.5,1.7948700000000002,0.0,0.0,2.12,31.5,39.0,4294967.295,10989.974,11659.26,19.5,0.0,47.853214,3.542983,158.0,2443.464,,259.981056,500.023134,259.981056,239.86755,469.920672,209.91157200000004,208.9599966,373.0225246
2024-08-10 06:46:27+00:00,85.0,19.929,1.0,64.3,,372.1110891089109,-195.9475248,19.5,1.7982000000000002,0.0,0.0,2.12,31.5,39.0,4294967.295,10989.974,11659.28,19.5,0.0,47.853214,3.542983,158.0,,9453.84,259.981056,500.023134,259.981056,239.86755,469.920672,209.91157200000004,208.9599966,373.0225246
2024-08-10 06:46:28+00:00,85.0,19.929,1.0,64.3,,372.1147474747475,-195.9772727,19.5,1.7948700000000002,0.0,0.0,2.12,31.5,39.0,4294967.295,10989.974,11659.298,19.5,0.0,47.853214,3.542983,158.0,,,259.981056,500.023134,259.981056,239.86755,469.920672,209.91157200000004,208.9599966,373.0225246
2024-08-10 06:46:29+00:00,85.0,19.929,1.0,64.35,,372.1263366336634,-195.9366337,19.5,1.7948700000000002,0.0,0.0,2.12,31.5,39.0,4294967.295,10989.974,11659.32,19.5,0.0,47.853214,3.542983,158.0,,,259.981056,500.023134,259.981056,239.318235,469.920672,209.91157200000004,208.4839223,373.0225246
2024-08-10 06:46:30+00:00,85.0,19.929,1.0,64.4,,372.0711111111111,-195.4853535,19.5,1.7948700000000002,0.0,0.0,2.12,31.5,39.0,4294967.295,10989.974,11659.34,19.5,0.0,47.853214,3.542983,158.0,,,259.981056,500.023134,259.981056,238.76892000000004,469.920672,209.91157200000004,208.007848,373.0225246
2024-08-10 06:46:31+00:00,85.0,19.929,1.0,64.4,,372.0477227722772,-195.4866337,19.5,1.7982000000000002,0.0,0.0,2.12,31.5,39.0,4294967.295,10989.974,11659.36,19.5,0.0,47.853214,3.542983,158.0,,,259.981056,500.023134,259.981056,238.76892000000004,469.920672,209.91157200000004,208.007848,373.0225246
2024-08-10 06:46:32+00:00,85.0,19.929,1.0,64.44000000000001,,372.03515151515154,-195.5893939,19.5,1.7948700000000002,0.0,0.0,2.12,31.5,39.0,4294967.295,10989.974,11659.38,19.5,0.0,47.853214,3.542983,158.0,,,259.981056,500.023134,259.981056,238.76892000000004,469.920672,209.91157200000004,208.007848,373.0225246
2024-08-10 06:46:33+00:00,85.0,19.929,1.0,64.5,,372.0706,-195.5615,19.5,1.7982000000000002,0.0,0.0,2.12,31.5,39.25,4294967.295,10989.974,11659.4,19.5,0.0,47.853214,3.542983,158.0,,,259.981056,500.023134,259.981056,238.76892000000004,469.920672,209.91157200000004,208.007848,373.0225246
2024-08-10 06:46:34+00:00,85.0,19.929,1.0,64.5,,372.1661,-195.426,19.5,1.7982000000000002,0.0,0.0,2.12,31.5,39.25,4294967.295,10989.974,11659.42,19.5,0.0,47.853214,3.542983,158.0,,,259.981056,500.023134,259.981056,238.76892000000004,469.920672,209.91157200000004,208.007848,373.0225246
2024-08-10 06:46:35+00:00,85.0,19.929,1.0,64.53,,372.1351485148515,-195.5608911,19.5,1.7948700000000002,0.0,0.0,2.12,31.5,39.25,4294967.295,10989.974,11659.442,19.5,0.0,47.853214,3.542983,159.0,,,259.981056,500.023134,259.981056,238.76892000000004,469.920672,209.91157200000004,208.007848,373.0225246
2024-08-10 06:46:36+00:00,85.0,19.929,1.0,64.60000000000001,,372.1467,-195.562,19.5,1.7948700000000002,0.0,0.0,2.12,31.5,39.25,4294967.295,10989.974,11659.462,19.5,0.0,47.853214,3.542983,159.0,,,259.981056,500.023134,259.981056,238.76892000000004,469.920672,209.91157200000004,208.007848,373.0225246
2024-08-10 06:46:37+00:00,85.0,19.929,1.0,64.60000000000001,,372.1511,-195.748,19.5,1.7982000000000002,0.0,0.0,2.12,31.75,39.25,4294967.295,10989.974,11659.482,19.5,0.0,47.853214,3.542983,159.0,,,259.981056,500.023134,259.981056,239.318235,469.920672,209.91157200000004,208.4839223,373.0225246
2024-08-10 06:46:38+00:00,85.0,19.929,1.0,64.62,,372.1910101010101,-195.7646465,19.5,1.7948700000000002,0.0,0.0,2.12,31.75,39.25,4294967.295,10989.974,11659.502,19.5,0.0,47.853214,3.542983,159.0,2443.464,,259.981056,500.023134,259.981056,239.318235,469.920672,209.91157200000004,208.4839223,373.0225246
2024-08-10 06:46:39+00:00,85.0,19.929,1.0,64.7,,372.1543564356436,-195.6450495,19.5,1.7948700000000002,0.0,0.0,2.12,31.75,39.25,4294967.295,10989.974,11659.522,19.5,0.0,47.853214,3.542983,159.0,,9453.84,259.981056,500.023134,259.981056,238.76892000000004,469.920672,209.91157200000004,208.007848,373.0225246
2024-08-10 06:46:40+00:00,85.0,19.929,1.0,64.7,,372.1018181818182,-195.5853535,19.5,1.7948700000000002,0.0,0.0,2.12,31.75,39.25,4294967.295,10989.974,11659.542,19.5,0.0,47.853214,3.542983,159.0,,,259.981056,500.023134,259.981056,238.76892000000004,469.920672,209.91157200000004,208.007848,373.0225246
2024-08-10 06:46:41+00:00,85.0,19.929,1.0,64.72,,372.1031,-195.7965,19.5,1.7982000000000002,0.0,0.0,2.12,31.75,39.25,4294967.295,10989.974,11659.564,19.5,0.0,47.853214,3.542983,160.0,,,259.981056,500.023134,259.981056,239.318235,469.920672,209.91157200000004,208.4839223,373.0225246
2024-08-10 06:46:42+00:00,85.0,19.929,1.0,64.8,,372.0676237623762,-195.8663366,19.5,1.78488,0.0,0.0,2.12,31.75,39.25,4294967.295,10989.974,11659.582,19.5,0.0,47.853214,3.542983,160.0,,,259.981056,500.023134,259.981056,239.86755,469.920672,209.91157200000004,208.9599966,373.0225246
2024-08-10 06:46:43+00:00,85.0,19.929,1.0,64.8,,372.1115151515152,-195.6090909,19.5,1.7982000000000002,0.0,0.0,2.12,31.75,39.25,4294967.295,10989.974,11659.604,19.5,0.0,47.853214,3.542983,160.0,,,259.981056,500.023134,259.981056,239.318235,469.920672,209.91157200000004,208.4839223,373.0225246
2024-08-10 06:46:44+00:00,85.0,19.929,1.0,64.81,,372.11633663366337,-195.5925743,19.5,1.7982000000000002,0.0,0.0,2.12,31.75,39.25,4294967.295,10989.974,11659.624,19.5,0.0,47.853214,3.542983,160.0,,,259.981056,500.023134,259.981056,238.76892000000004,469.920672,209.91157200000004,208.007848,373.0225246
2024-08-10 06:46:45+00:00,85.0,19.929,1.0,64.9,,372.102,-195.5,19.5,1.7982000000000002,0.0,0.0,2.12,31.75,39.5,4294967.295,10989.974,11659.644,19.5,0.0,47.853214,3.542983,160.0,,,259.981056,500.023134,259.981056,238.76892000000004,469.920672,209.91157200000004,208.007848,373.0225246
2024-08-10 06:46:46+00:00,85.0,19.929,1.0,64.9,,372.06141414141416,-195.5212121,19.5,1.7948700000000002,0.0,0.0,2.12,31.75,39.5,4294967.295,10989.974,11659.664,19.5,0.0,47.853214,3.542983,160.0,,,259.981056,500.023134,259.981056,238.76892000000004,469.920672,209.91157200000004,208.007848,373.0225246
2024-08-10 06:46:47+00:00,85.0,19.929,1.0,64.9,,372.04693069306927,-195.500495,19.5,1.7948700000000002,0.0,0.0,2.12,31.75,39.5,4294967.295,10989.974,11659.684,19.5,0.0,47.853214,3.542983,160.0,,,259.981056,500.023134,259.981056,238.76892000000004,469.920672,209.91157200000004,208.007848,373.0225246
2024-08-10 06:46:48+00:00,85.0,19.929,1.0,65.0,,372.0405050505051,-195.4853535,19.5,1.7982000000000002,0.0,0.0,2.12,31.75,39.5,4294967.295,10989.974,11659.704,19.5,0.0,47.853214,3.542983,160.0,,,259.981056,500.023134,259.981056,238.76892000000004,469.920672,209.91157200000004,208.007848,373.0225246
2024-08-10 06:46:49+00:00,85.0,19.929,1.0,65.0,,372.078,-195.4855,19.5,1.78488,0.0,0.0,2.12,31.75,39.5,4294967.295,10989.974,11659.724,19.5,0.0,47.853214,3.542983,160.0,,,259.981056,500.023134,259.981056,238.76892000000004,469.920672,209.91157200000004,208.007848,373.0225246
2024-08-10 06:46:50+00:00,85.0,19.929,1.0,65.0,,372.1675247524752,-195.400495,19.5,1.7982000000000002,0.0,0.0,2.12,31.75,39.5,4294967.295,10989.974,11659.744,19.5,0.0,47.853214,3.542983,160.0,2443.464,,259.981056,500.023134,259.981056,238.76892000000004,469.920672,209.91157200000004,208.007848,373.0225246
2024-08-10 06:46:51+00:00,85.0,19.929,1.0,65.09,,372.1552,-195.6135,19.5,1.7982000000000002,0.0,0.0,2.12,31.75,39.5,4294967.295,10989.974,11659.764,19.5,0.0,47.853214,3.542983,160.0,,9453.84,259.981056,500.023134,259.981056,238.76892000000004,469.920672,209.91157200000004,208.007848,373.0225246
2024-08-10 06:46:52+00:00,85.0,19.929,1.0,65.10000000000001,,372.1464646464647,-195.5343434,19.5,1.7948700000000002,0.0,0.0,2.12,31.75,39.5,4294967.295,10989.974,11659.786,19.5,0.0,47.853214,3.542983,160.0,,,259.981056,500.023134,259.981056,238.76892000000004,469.920672,209.91157200000004,208.007848,373.0225246
2024-08-10 06:46:53+00:00,85.0,19.929,1.0,65.10000000000001,,372.1415841584159,-195.3950495,19.5,1.7982000000000002,0.0,0.0,2.12,31.75,39.5,4294967.295,10989.974,11659.806,19.5,0.0,47.853214,3.542983,160.0,,,259.981056,500.023134,259.981056,238.76892000000004,469.920672,209.91157200000004,208.007848,373.0225246
2024-08-10 06:46:54+00:00,85.0,19.929,1.0,65.18,,372.1830303030303,-195.4530303,19.5,1.7982000000000002,0.0,0.0,2.12,31.75,39.5,4294967.295,10989.974,11659.826,19.5,0.0,47.853214,3.542983,160.0,,,259.981056,500.023134,259.981056,238.76892000000004,469.920672,209.91157200000004,208.007848,373.0225246
2024-08-10 06:46:55+00:00,85.0,19.929,1.0,65.2,,372.1606,-195.582,19.5,1.7948700000000002,0.0,0.0,2.12,31.75,39.5,4294967.295,10989.974,11659.846,19.5,0.0,47.853214,3.542983,160.0,,,259.981056,500.023134,259.981056,238.76892000000004,469.920672,209.91157200000004,208.007848,373.0225246
2024-08-10 06:46:56+00:00,85.0,19.929,1.0,65.2,,372.0982,-195.417,19.5,1.7982000000000002,0.0,0.0,2.12,32.0,39.5,4294967.295,10989.974,11659.866,19.5,0.0,47.853214,3.542983,160.0,,,259.981056,500.023134,259.981056,238.76892000000004,469.920672,209.91157200000004,208.007848,373.0225246
2024-08-10 06:46:57+00:00,85.0,19.929,1.0,65.27000000000001,,372.0982,-195.446,19.5,1.7982000000000002,0.0,0.0,2.1,32.0,39.75,4294967.295,10989.974,11659.886,19.5,0.0,47.853214,3.542983,161.0,,,259.981056,500.023134,259.981056,238.76892000000004,469.920672,209.91157200000004,208.007848,373.0225246
2024-08-10 06:46:58+00:00,85.0,19.929,1.0,65.3,,372.0666000000001,-195.6685,19.5,1.7982000000000002,0.0,0.0,2.1,32.0,39.75,4294967.295,10989.974,11659.906,19.5,0.0,47.853214,3.542983,161.0,,,259.981056,500.023134,259.981056,239.318235,469.920672,209.91157200000004,208.4839223,373.0225246
2024-08-10 06:46:59+00:00,85.0,19.929,1.0,65.3,,372.1061386138614,-195.4252475,19.5,1.7982000000000002,0.0,0.0,2.1,32.0,39.75,4294967.295,10989.974,11659.926,19.5,0.0,47.853214,3.542983,161.0,,,259.981056,500.023134,259.981056,239.318235,469.920672,209.91157200000004,208.4839223,373.0225246
2024-08-10 06:47:00+00:00,85.0,19.929,1.0,65.37,,372.1092929292929,-195.4510101,19.5,1.78821,0.0,0.0,2.1,32.0,39.75,4294967.295,10989.974,11659.946,19.5,0.0,47.853214,3.542983,161.0,,,259.981056,500.023134,259.981056,238.76892000000004,469.920672,209.91157200000004,208.007848,373.0225246
2024-08-10 06:47:01+00:00,85.0,19.929,1.0,65.4,,372.0979207920792,-195.4321782,19.5,1.7982000000000002,0.0,0.0,2.1,32.0,39.75,4294967.295,10989.974,11659.966,19.5,0.0,47.853214,3.542983,161.0,,,259.981056,500.023134,259.981056,238.76892000000004,469.920672,209.91157200000004,208.007848,373.0225246
2024-08-10 06:47:02+00:00,85.0,19.929,1.0,65.4,,372.0717171717172,-195.4530303,19.5,1.7982000000000002,0.0,0.0,2.1,32.0,39.75,4294967.295,10989.974,11659.988,19.5,0.0,47.853214,3.542983,161.0,2443.464,,259.981056,500.023134,259.981056,238.76892000000004,469.920672,209.91157200000004,208.007848,373.0225246
2024-08-10 06:47:03+00:00,85.0,19.929,1.0,65.46000000000001,,372.0541584158416,-195.4391089,19.5,1.7982000000000002,0.0,0.0,2.1,32.0,39.75,4294967.295,10989.974,11660.006,19.5,0.0,47.853214,3.542983,161.0,,9453.84,259.981056,500.023134,259.981056,238.76892000000004,469.920672,209.91157200000004,208.007848,373.0225246
2024-08-10 06:47:04+00:00,85.0,19.929,1.0,65.5,,372.0434343434344,-195.4606061,19.5,1.7982000000000002,0.0,0.0,2.1,32.0,39.75,4294967.295,10989.974,11660.028,19.5,0.0,47.853214,3.542983,161.0,,,259.981056,500.023134,259.981056,238.76892000000004,469.920672,209.91157200000004,208.007848,373.0225246
2024-08-10 06:47:05+00:00,85.0,19.9342,1.0,65.5,,372.072,-195.433,19.5,1.7982000000000002,0.0,0.0,2.1,32.0,39.75,4294967.295,10989.974,11660.048,19.5,0.0,47.853214,3.542983,161.0,,,259.981056,500.023134,259.981056,238.76892000000004,469.920672,209.91157200000004,208.007848,373.0225246
2024-08-10 06:47:06+00:00,85.0,19.942,1.0,65.55,,372.1697,-195.6745,19.5,1.7982000000000002,0.0,0.0,2.1,32.0,39.75,4294967.295,10989.974,11660.068,19.5,0.0,47.853214,3.542983,161.0,,,259.981056,500.023134,259.981056,238.76892000000004,469.920672,209.91157200000004,208.007848,373.0225246
2024-08-10 06:47:07+00:00,85.0,19.942,1.0,65.60000000000001,,372.151,-195.405,19.5,1.7982000000000002,0.0,0.0,2.1,32.0,39.75,4294967.295,10989.974,11660.088,19.5,0.0,47.853214,3.542983,161.0,,,259.981056,500.023134,259.981056,238.76892000000004,469.920672,209.91157200000004,208.007848,373.0225246
2024-08-10 06:47:08+00:00,85.0,19.942,1.0,65.60000000000001,,372.1359000000001,-195.4955,19.5,1.7982000000000002,0.0,0.0,2.1,32.0,39.75,4294967.295,10989.974,11660.108,19.5,0.0,47.853214,3.542983,161.0,,,259.981056,500.023134,259.981056,238.76892000000004,469.920672,209.91157200000004,208.007848,373.0225246
2024-08-10 06:47:09+00:00,85.0,19.942,1.0,65.64000000000001,,372.150198,-195.5990099,19.5,1.7948700000000002,0.0,0.0,2.1,32.0,39.75,4294967.295,10989.974,11660.128,19.5,0.0,47.853214,3.542983,161.0,,,259.981056,500.023134,259.981056,238.76892000000004,469.920672,209.91157200000004,208.007848,373.0225246
2024-08-10 06:47:10+00:00,85.0,19.942,1.0,65.7,,372.1878787878788,-195.5030303,19.5,1.8015300000000003,0.0,0.0,2.1,32.0,40.0,4294967.295,10989.974,11660.15,19.5,0.0,47.853214,3.542983,161.0,,,259.981056,500.023134,259.981056,238.76892000000004,469.920672,209.91157200000004,208.007848,373.0225246
2024-08-10 06:47:11+00:00,85.0,19.942,1.0,65.7,,372.1523762376237,-195.6059406,19.5,1.7982000000000002,0.0,0.0,2.1,32.0,40.0,4294967.295,10989.974,11660.168,19.5,0.0,47.853214,3.542983,162.0,,,259.981056,500.023134,259.981056,238.76892000000004,469.920672,209.91157200000004,208.007848,373.0225246
2024-08-10 06:47:12+00:00,85.0,19.942,1.0,65.72999999999999,,372.08969696969694,-195.3671717,19.5,1.8015300000000003,0.0,0.0,2.1,32.25,40.0,4294967.295,10989.974,11660.19,19.5,0.0,47.853214,3.542983,162.0,,,259.981056,500.023134,259.981056,238.76892000000004,469.920672,209.91157200000004,208.007848,373.0225246
2024-08-10 06:47:13+00:00,85.0,19.942,1.0,65.8,,372.0871,-195.366,19.5,1.7982000000000002,0.0,0.0,2.1,32.25,40.0,4294967.295,10989.974,11660.21,19.5,0.0,47.853214,3.542983,162.0,,,259.981056,500.023134,259.981056,238.76892000000004,469.920672,209.91157200000004,208.007848,373.0225246
2024-08-10 06:47:14+00:00,85.0,19.942,1.0,65.8,,372.0467,-195.424,19.5,1.7982000000000002,0.0,0.0,2.1,32.25,40.0,4294967.295,10989.974,11660.23,19.5,0.0,47.853214,3.542983,162.0,2443.464,,259.981056,500.023134,259.981056,238.76892000000004,469.920672,209.91157200000004,208.007848,373.0225246
2024-08-10 06:47:15+00:00,85.0,19.942,1.0,65.82000000000001,,372.11673267326734,-195.5608911,19.5,1.79154,0.0,0.0,2.1,32.25,40.0,4294967.295,10989.974,11660.248,19.5,0.0,47.853214,3.542983,162.0,,9453.84,259.981056,500.023134,259.981056,239.318235,469.920672,209.91157200000004,208.4839223,373.0225246
2024-08-10 06:47:16+00:00,85.0,19.942,1.0,65.9,,372.10646464646464,-195.3333333,19.5,1.7982000000000002,0.0,0.0,2.1,32.25,40.0,4294967.295,10989.974,11660.27,19.5,0.0,47.853214,3.542983,162.0,,,259.981056,500.023134,259.981056,239.318235,469.920672,209.91157200000004,208.4839223,373.0225246
2024-08-10 06:47:17+00:00,85.0,19.942,1.0,65.9,,372.110495,-195.3792079,19.5,1.7982000000000002,0.0,0.0,2.1,32.25,40.0,4294967.295,10989.974,11660.29,19.5,0.0,47.853214,3.542983,162.0,,,259.981056,500.023134,259.981056,238.76892000000004,469.920672,209.91157200000004,208.007848,373.0225246
2024-08-10 06:47:18+00:00,85.0,19.942,1.0,65.91,,372.07696969696974,-195.3560606,19.5,1.7982000000000002,0.0,0.0,2.1,32.25,40.0,4294967.295,10989.974,11660.31,19.5,0.0,47.853214,3.542983,162.0,,,259.981056,500.023134,259.981056,238.76892000000004,469.920672,209.91157200000004,208.007848,373.0225246
2024-08-10 06:47:19+00:00,85.0,19.942,1.0,66.0,,372.0560396039604,-195.3792079,19.5,1.7982000000000002,0.0,0.0,2.1,32.25,40.0,4294967.295,10989.974,11660.33,19.5,0.0,47.853214,3.542983,163.0,,,259.981056,500.023134,259.981056,238.76892000000004,469.920672,209.91157200000004,208.007848,373.0225246
2024-08-10 06:47:20+00:00,85.0,19.942,1.0,66.0,,372.0365656565657,-195.6712121,19.5,1.78821,0.0,0.0,2.1,32.25,40.0,4294967.295,10989.974,11660.35,19.5,0.0,47.853214,3.542983,163.0,,,259.981056,500.023134,259.981056,238.76892000000004,469.920672,209.91157200000004,208.007848,373.0225246
2024-08-10 06:47:21+00:00,85.0,19.942,1.0,66.01,,372.0706930693069,-195.3470297,19.5,1.78488,0.0,0.0,2.1,32.25,40.0,4294967.295,10989.974,11660.372,19.5,0.0,47.853214,3.542983,163.0,,,259.981056,500.023134,259.981056,238.76892000000004,469.920672,209.91157200000004,208.007848,373.0225246
2024-08-10 06:47:22+00:00,85.0,19.942,1.0,66.10000000000001,,372.1820202020202,-195.6732323,19.5,1.7948700000000002,0.0,0.0,2.1,32.25,40.25,4294967.295,10989.974,11660.392,19.5,0.0,47.853214,3.542983,163.0,,,259.981056,500.023134,259.981056,238.76892000000004,469.920672,209.91157200000004,208.007848,373.0225246
2024-08-10 06:47:23+00:00,85.0,19.942,1.0,66.10000000000001,,372.1309900990099,-195.4188119,19.5,1.79154,0.0,0.0,2.1,32.25,40.25,4294967.295,10989.974,11660.412,19.5,0.0,47.853214,3.542983,163.0,,,259.981056,500.023134,259.981056,238.76892000000004,469.920672,209.91157200000004,208.007848,373.0225246
2024-08-10 06:47:24+00:00,85.0,19.942,1.0,66.10000000000001,,372.14272727272726,-195.689899,19.5,1.7982000000000002,0.0,0.0,2.1,32.25,40.25,4294967.295,10989.974,11660.432,19.5,0.0,47.853214,3.542983,163.0,,,259.981056,500.023134,259.981056,239.318235,469.920672,209.91157200000004,208.4839223,373.0225246
2024-08-10 06:47:25+00:00,85.0,19.942,1.0,66.2,,372.15198019801977,-195.8039604,19.5,1.7982000000000002,0.0,0.0,2.1,32.25,40.25,4294967.295,10989.974,11660.452,19.5,0.0,47.853214,3.542983,163.0,,,259.981056,500.023134,259.981056,239.86755,469.920672,209.91157200000004,208.9599966,373.0225246
2024-08-10 06:47:26+00:00,85.0,19.942,1.0,66.2,,372.1821,-195.7325,19.5,1.7982000000000002,0.0,0.0,2.1,32.25,40.25,4294967.295,10989.974,11660.472,19.5,0.0,47.853214,3.542983,163.0,2443.464,,259.981056,500.023134,259.981056,239.86755,469.920672,209.91157200000004,208.9599966,373.0225246
2024-08-10 06:47:27+00:00,85.0,19.942,1.0,66.2,,372.14,-195.577,19.5,1.7948700000000002,0.0,0.0,2.1,32.5,40.25,4294967.295,10989.974,11660.494,19.5,0.0,47.853214,3.542983,163.0,,9453.84,259.981056,500.023134,259.981056,239.318235,469.920672,209.91157200000004,208.4839223,373.0225246
2024-08-10 06:47:28+00:00,85.0,19.942,1.0,66.28999999999999,,372.0972,-195.341,19.5,1.8015300000000003,0.0,0.0,2.1,32.5,40.25,4294967.295,10989.974,11660.512,19.5,0.0,47.853214,3.542983,163.0,,,259.981056,500.023134,259.981056,238.76892000000004,469.920672,209.91157200000004,208.007848,373.0225246
2024-08-10 06:47:29+00:00,85.0,19.942,1.0,66.3,,372.072,-195.268,19.5,1.7982000000000002,0.0,0.0,2.1,32.5,40.25,4294967.295,10989.974,11660.532,19.5,0.0,47.853214,3.542983,163.0,,,259.981056,500.023134,259.981056,238.76892000000004,469.920672,209.91157200000004,208.007848,373.0225246
2024-08-10 06:47:30+00:00,85.0,19.942,1.0,66.3,,372.0419191919192,-195.2939394,19.5,1.7948700000000002,0.0,0.0,2.1,32.5,40.25,4294967.295,10989.974,11660.552,19.5,0.0,47.853214,3.542983,163.0,,,259.981056,500.023134,259.981056,238.76892000000004,469.920672,209.91157200000004,208.007848,373.0225246
2024-08-10 06:47:31+00:00,85.0,19.942,1.0,66.38000000000001,,372.0960396039604,-195.2975248,19.5,1.7982000000000002,0.0,0.0,2.1,32.5,40.25,4294967.295,10989.974,11660.572,19.5,0.0,47.853214,3.542983,163.0,,,259.981056,500.023134,259.981056,238.76892000000004,469.920672,209.91157200000004,208.007848,373.0225246
2024-08-10 06:47:32+00:00,85.0,19.942,1.0,66.4,,372.1022222222222,-195.3247475,19.5,1.8015300000000003,0.0,0.0,2.1,32.5,40.25,4294967.295,10989.974,11660.592,19.5,0.0,47.853214,3.542983,163.0,,,259.981056,500.023134,259.981056,238.76892000000004,469.920672,209.91157200000004,208.007848,373.0225246
2024-08-10 06:47:33+00:00,85.0,19.942,1.0,66.4,,372.1080198019802,-195.3415842,19.5,1.78821,0.0,0.0,2.1,32.5,40.25,4294967.295,10989.974,11660.614,19.5,0.0,47.853214,3.542983,164.0,,,259.981056,500.023134,259.981056,238.76892000000004,469.920672,209.91157200000004,208.007848,373.0225246
2024-08-10 06:47:34+00:00,85.0,19.942,1.0,66.47,,372.0618181818182,-195.6106061,19.5,1.7982000000000002,0.0,0.0,2.1,32.5,40.25,4294967.295,10989.974,11660.634,19.5,0.0,47.853214,3.542983,164.0,,,259.981056,500.023134,259.981056,238.76892000000004,469.920672,209.91157200000004,208.007848,373.0225246
2024-08-10 06:47:35+00:00,85.0,19.942,1.0,66.5,,372.0533663366336,-195.3579208,19.5,1.8015300000000003,0.0,0.0,2.1,32.5,40.5,4294967.295,10989.974,11660.654,19.5,0.0,47.853214,3.542983,164.0,,,259.981056,500.023134,259.981056,238.76892000000004,469.920672,209.91157200000004,208.007848,373.0225246
2024-08-10 06:47:36+00:00,85.0,19.942,1.0,66.5,,372.0279,-195.3475,19.5,1.7982000000000002,0.0,0.0,2.1,32.5,40.5,4294967.295,10989.974,11660.674,19.5,0.0,47.853214,3.542983,164.0,,,259.981056,500.023134,259.981056,238.76892000000004,469.920672,209.91157200000004,208.007848,373.0225246
2024-08-10 06:47:37+00:00,85.0,19.942,1.0,66.56,,372.0687,-195.681,19.5,1.7982000000000002,0.0,0.0,2.1,32.5,40.5,4294967.295,10989.974,11660.694,19.5,0.0,47.853214,3.542983,164.0,,,259.981056,500.023134,259.981056,239.318235,469.920672,209.91157200000004,208.4839223,373.0225246
2024-08-10 06:47:38+00:00,85.0,19.942,1.0,66.60000000000001,,372.1801,-195.792,19.5,1.7982000000000002,0.0,0.0,2.1,32.5,40.5,4294967.295,10989.974,11660.714,19.5,0.0,47.853214,3.542983,164.0,2443.464,,259.981056,500.023134,259.981056,239.86755,469.920672,209.91157200000004,208.9599966,373.0225246
2024-08-10 06:47:39+00:00,85.0,19.942,1.0,66.60000000000001,,372.1442,-195.6975,19.5,1.7982000000000002,0.0,0.0,2.1,32.5,40.5,4294967.295,10989.974,11660.736,19.5,0.0,47.853214,3.542983,164.0,,9453.84,259.981056,500.023134,259.981056,239.318235,469.920672,209.91157200000004,208.4839223,373.0225246
2024-08-10 06:47:40+00:00,85.0,19.942,1.0,66.66,,372.1328,-195.323,19.5,1.7982000000000002,0.0,0.0,2.1,32.5,40.5,4294967.295,10989.974,11660.754,19.5,0.0,47.853214,3.542983,164.0,,,259.981056,500.023134,259.981056,238.76892000000004,469.920672,209.91157200000004,208.007848,373.0225246
2024-08-10 06:47:41+00:00,85.0,19.942,1.0,66.7,,372.1399,-195.515,19.5,1.7948700000000002,0.0,0.0,2.1,32.5,40.5,4294967.295,10989.974,11660.776,19.5,0.0,47.853214,3.542983,165.0,,,259.981056,500.023134,259.981056,238.76892000000004,469.920672,209.91157200000004,208.007848,373.0225246
2024-08-10 06:47:42+00:00,85.0,19.942,1.0,66.7,,372.1757,-195.391,19.5,1.7982000000000002,0.0,0.0,2.1,32.5,40.5,4294967.295,10989.974,11660.796,19.5,0.0,47.853214,3.542983,165.0,,,259.981056,500.023134,259.981056,238.76892000000004,469.920672,209.91157200000004,208.007848,373.0225246
2024-08-10 06:47:43+00:00,85.0,19.942,1.0,66.75,,372.1299,-195.3145,19.5,1.7982000000000002,0.0,0.0,2.1,32.75,40.5,4294967.295,10989.974,11660.816,19.5,0.0,47.853214,3.542983,165.0,,,259.981056,500.023134,259.981056,238.76892000000004,469.920672,209.91157200000004,208.007848,373.0225246
2024-08-10 06:47:44+00:00,85.0,19.942,1.0,66.8,,372.092,-195.443,19.5,1.7982000000000002,0.0,0.0,2.1,32.75,40.5,4294967.295,10989.974,11660.834,19.5,0.0,47.853214,3.542982,165.0,,,259.981056,500.023134,259.981056,238.76892000000004,469.920672,209.91157200000004,208.007848,373.0225246
2024-08-10 06:47:45+00:00,85.0,19.942,1.0,66.8,,372.0763,-195.446,19.5,1.7982000000000002,0.0,0.0,2.1,32.75,40.5,4294967.295,10989.974,11660.856,19.5,0.0,47.853214,3.542982,165.0,,,259.981056,500.023134,259.981056,238.76892000000004,469.920672,209.91157200000004,208.007848,373.0225246
2024-08-10 06:47:46+00:00,85.0,19.942,1.0,66.84,,372.0291,-195.339,19.5,1.7948700000000002,0.0,0.0,2.1,32.75,40.5,4294967.295,10989.974,11660.876,19.5,0.0,47.853214,3.542982,165.0,,,259.981056,500.023134,259.981056,238.76892000000004,469.920672,209.91157200000004,208.007848,373.0225246
2024-08-10 06:47:47+00:00,85.0,19.942,1.0,66.9,,372.0906,-195.3655,19.5,1.7982000000000002,0.0,0.0,2.1,32.75,40.75,4294967.295,10989.974,11660.896,19.5,0.0,47.853214,3.542982,165.0,,,259.981056,500.023134,259.981056,238.76892000000004,469.920672,209.91157200000004,208.007848,373.0225246
2024-08-10 06:47:48+00:00,85.0,19.942,1.0,66.9,,372.0944,-195.3745,19.5,1.7982000000000002,0.0,0.0,2.1,32.75,40.75,4294967.295,10989.974,11660.916,19.5,0.0,47.853214,3.542982,165.0,,,259.981056,500.023134,259.981056,238.76892000000004,469.920672,209.91157200000004,208.007848,373.0225246
2024-08-10 06:47:49+00:00,85.0,19.942,1.0,66.93,,372.0905,-195.5895,19.5,1.7982000000000002,0.0,0.0,2.1,32.75,40.75,4294967.295,10989.974,11660.936,19.5,0.0,47.853214,3.542982,165.0,,,259.981056,500.023134,259.981056,239.318235,469.920672,209.91157200000004,208.4839223,373.0225246
2024-08-10 06:47:50+00:00,85.0,19.942,1.0,67.0,,372.0588,-195.688,19.5,1.7982000000000002,0.0,0.0,2.1,32.75,40.75,4294967.295,10989.974,11660.956,19.5,0.0,47.853214,3.542982,165.0,2443.464,,259.981056,500.023134,259.981056,239.86755,469.920672,209.91157200000004,208.9599966,373.0225246
2024-08-10 06:47:51+00:00,85.0,19.942,1.0,67.0,,372.0506,-195.6625,19.5,1.7982000000000002,0.0,0.0,2.1,32.75,40.75,4294967.295,10989.974,11660.978,19.5,0.0,47.853214,3.542982,165.0,,9453.84,259.981056,500.023134,259.981056,239.86755,469.920672,209.91157200000004,208.9599966,373.0225246
2024-08-10 06:47:52+00:00,85.0,19.942,1.0,67.02000000000001,,372.0344444444445,-195.7636364,19.5,1.7982000000000002,0.0,0.0,2.1,32.75,40.75,4294967.295,10989.974,11660.998,19.5,0.0,47.853214,3.542982,165.0,,,259.981056,500.023134,259.981056,239.86755,469.920672,209.91157200000004,208.9599966,373.0225246
2024-08-10 06:47:53+00:00,85.0,19.942,1.0,67.10000000000001,,372.07020000000006,-195.81,19.5,1.8015300000000003,0.0,0.0,2.1,32.75,40.75,4294967.295,10989.974,11661.018,19.5,0.0,47.853214,3.542982,165.0,,,259.981056,500.023134,259.981056,239.86755,469.920672,209.91157200000004,208.9599966,373.0225246
2024-08-10 06:47:54+00:00,85.0,19.942,1.0,67.10000000000001,,372.179,-195.804,19.5,1.8015300000000003,0.0,0.0,2.1,32.75,40.75,4294967.295,10989.974,11661.038,19.5,0.0,47.853214,3.542982,165.0,,,259.981056,500.023134,259.981056,239.318235,469.920672,209.91157200000004,208.4839223,373.0225246
2024-08-10 06:47:55+00:00,85.0,19.942,1.0,67.11000000000001,,372.11660000000006,-195.376,19.5,1.7982000000000002,0.0,0.0,2.1,32.75,40.75,4294967.295,10989.974,11661.058,19.5,0.0,47.853214,3.542982,166.0,,,259.981056,500.023134,259.981056,238.76892000000004,469.920672,209.91157200000004,208.007848,373.0225246
2024-08-10 06:47:56+00:00,85.0,19.942,1.0,67.2,,372.1141,-195.3335,19.5,1.7982000000000002,0.0,0.0,2.1,32.75,40.75,4294967.295,10989.974,11661.078,19.5,0.0,47.853214,3.542982,166.0,,,259.981056,500.023134,259.981056,238.76892000000004,469.920672,209.91157200000004,208.007848,373.0225246
2024-08-10 06:47:57+00:00,85.0,19.942,1.0,67.2,,372.12230000000005,-195.351,19.5,1.7982000000000002,0.0,0.0,2.1,32.75,40.75,4294967.295,10989.974,11661.098,19.5,0.0,47.853214,3.542982,166.0,,,259.981056,500.023134,259.981056,238.76892000000004,469.920672,209.91157200000004,208.007848,373.0225246
2024-08-10 06:47:58+00:00,85.0,19.942,1.0,67.2,,372.1568,-195.545,19.5,1.7982000000000002,0.0,0.0,2.1,32.75,40.75,4294967.295,10989.974,11661.118,19.5,0.0,47.853214,3.542982,166.0,,,259.981056,500.023134,259.981056,238.76892000000004,469.920672,209.91157200000004,208.007848,373.0225246
2024-08-10 06:47:59+00:00,85.0,19.942,1.0,67.3,,372.1279,-195.372,19.5,1.7982000000000002,0.0,0.0,2.1,32.75,40.75,4294967.295,10989.974,11661.138,19.5,0.0,47.853214,3.542982,166.0,,,259.981056,500.023134,259.981056,238.76892000000004,469.920672,209.91157200000004,208.007848,373.0225246
2024-08-10 06:48:00+00:00,85.0,19.942,1.0,67.3,,372.0806,-195.3485,19.5,1.7982000000000002,0.0,0.0,2.1,33.0,40.75,4294967.295,10989.974,11661.158,19.5,0.0,47.853214,3.542982,166.0,,,259.981056,500.023134,259.981056,238.76892000000004,469.920672,209.91157200000004,208.007848,373.0225246
2024-08-10 06:48:01+00:00,85.0,19.942,1.0,67.3,,372.0615,-195.3245,19.5,1.7982000000000002,0.0,0.0,2.08,33.0,41.0,4294967.295,10989.974,11661.178,19.5,0.0,47.853214,3.542982,166.0,,,259.981056,500.023134,259.981056,238.76892000000004,469.920672,209.91157200000004,208.007848,373.0225246
2024-08-10 06:48:02+00:00,85.0,19.942,1.0,67.4,,372.0243,-195.333,19.5,1.7948700000000002,0.0,0.0,2.08,33.0,41.0,4294967.295,10989.974,11661.2,19.5,0.0,47.853214,3.542982,166.0,2443.464,,259.981056,500.023134,259.981056,238.76892000000004,469.920672,209.91157200000004,208.007848,373.0225246
2024-08-10 06:48:03+00:00,85.0,19.942,1.0,67.4,,372.0807,-195.278,19.5,1.7982000000000002,0.0,0.0,2.08,33.0,41.0,4294967.295,10989.974,11661.22,19.5,0.0,47.853214,3.542982,166.0,,9453.84,259.981056,500.023134,259.981056,238.76892000000004,469.920672,209.91157200000004,208.007848,373.0225246
2024-08-10 06:48:04+00:00,85.0,19.942,1.0,67.4,,372.0779,-195.498,19.5,1.7982000000000002,0.0,0.0,2.08,33.0,41.0,4294967.295,10989.974,11661.24,19.5,0.0,47.853214,3.542982,166.0,,,259.981056,500.023134,259.981056,238.76892000000004,469.920672,209.91157200000004,208.007848,373.0225246
2024-08-10 06:48:05+00:00,85.0,19.942,1.0,67.49,,372.0903,-195.2795,19.5,1.7982000000000002,0.0,0.0,2.08,33.0,41.0,4294967.295,10989.974,11661.26,19.5,0.0,47.853214,3.542982,166.0,,,259.981056,500.023134,259.981056,238.76892000000004,469.920672,209.91157200000004,208.007848,373.0225246
2024-08-10 06:48:06+00:00,85.0,19.942,1.0,67.5,,372.0578,-195.4695,19.5,1.7982000000000002,0.0,0.0,2.08,33.0,41.0,4294967.295,10989.974,11661.28,19.5,0.0,47.853214,3.542982,166.0,,,259.981056,500.023134,259.981056,238.76892000000004,469.920672,209.91157200000004,208.007848,373.0225246
2024-08-10 06:48:07+00:00,85.0,19.942,1.0,67.5,,372.0356,-195.4295,19.5,1.7948700000000002,0.0,0.0,2.08,33.0,41.0,4294967.295,10989.974,11661.3,19.5,0.0,47.853214,3.542982,166.0,,,259.981056,500.023134,259.981056,238.76892000000004,469.920672,209.91157200000004,208.007848,373.0225246
2024-08-10 06:48:08+00:00,85.0,19.942,1.0,67.58000000000001,,372.0138,-195.5575,19.5,1.7982000000000002,0.0,0.0,2.08,33.0,41.0,4294967.295,10989.974,11661.32,19.5,0.0,47.853214,3.542982,166.0,,,259.981056,500.023134,259.981056,238.76892000000004,469.920672,209.91157200000004,208.007848,373.0225246
2024-08-10 06:48:09+00:00,85.0,19.942,1.0,67.60000000000001,,372.057,-195.5095,19.5,1.7982000000000002,0.0,0.0,2.08,33.0,41.0,4294967.295,10989.974,11661.34,19.5,0.0,47.853214,3.542982,166.0,,,259.981056,500.023134,259.981056,238.76892000000004,469.920672,209.91157200000004,208.007848,373.0225246
2024-08-10 06:48:10+00:00,85.0,19.942,1.0,67.60000000000001,,372.155,-195.588,19.5,1.8015300000000003,0.0,0.0,2.08,33.0,41.0,4294967.295,10989.974,11661.362,19.5,0.0,47.853214,3.542982,166.0,,,259.981056,500.023134,259.981056,238.76892000000004,469.920672,209.91157200000004,208.007848,373.0225246
2024-08-10 06:48:11+00:00,85.0,19.942,1.0,67.67,,372.1226,-195.6485,19.5,1.7982000000000002,0.0,0.0,2.08,33.0,41.0,4294967.295,10989.974,11661.382,19.5,0.0,47.853214,3.542982,168.0,,,259.981056,500.023134,259.981056,239.318235,469.920672,209.91157200000004,208.4839223,373.0225246
2024-08-10 06:48:12+00:00,85.0,19.942,1.0,67.7,,372.1159,-195.618,19.5,1.7982000000000002,0.0,0.0,2.08,33.0,41.0,4294967.295,10989.974,11661.402,19.5,0.0,47.853214,3.542982,168.0,,,259.981056,500.023134,259.981056,239.318235,469.920672,209.91157200000004,208.4839223,373.0225246
2024-08-10 06:48:13+00:00,85.0,19.942,1.0,67.7,,372.1197,-195.31,19.5,1.7982000000000002,0.0,0.0,2.08,33.0,41.0,4294967.295,10989.974,11661.42,19.5,0.0,47.853214,3.542982,168.0,,,259.981056,500.023134,259.981056,238.76892000000004,469.920672,209.91157200000004,208.007848,373.0225246
2024-08-10 06:48:14+00:00,85.0,19.942,1.0,67.76,,372.139,-195.264,19.5,1.7982000000000002,0.0,0.0,2.08,33.0,41.25,4294967.295,10989.974,11661.442,19.5,0.0,47.853214,3.542982,168.0,2443.464,,259.981056,500.023134,259.981056,238.76892000000004,469.920672,209.91157200000004,208.007848,373.0225246
2024-08-10 06:48:15+00:00,85.0,19.942,1.0,67.8,,372.11910000000006,-195.4345,19.5,1.7982000000000002,0.0,0.0,2.08,33.0,41.25,4294967.295,10989.974,11661.462,19.5,0.0,47.853214,3.542982,168.0,,9453.84,259.981056,500.023134,259.981056,238.76892000000004,469.920672,209.91157200000004,208.007848,373.0225246
2024-08-10 06:48:16+00:00,85.0,19.942,1.0,67.8,,372.0628,-195.263,19.5,1.7982000000000002,0.0,0.0,2.08,33.25,41.25,4294967.295,10989.974,11661.482,19.5,0.0,47.853214,3.542982,168.0,,,259.981056,500.023134,259.981056,238.76892000000004,469.920672,209.91157200000004,208.007848,373.0225246
2024-08-10 06:48:17+00:00,85.0,19.942,1.0,67.85,,372.0556,-195.248,19.5,1.7982000000000002,0.0,0.0,2.08,33.25,41.25,4294967.295,10989.974,11661.502,19.5,0.0,47.853214,3.542982,168.0,,,259.981056,500.023134,259.981056,238.76892000000004,469.920672,209.91157200000004,208.007848,373.0225246
2024-08-10 06:48:18+00:00,85.0,19.942,1.0,67.9,,372.011,-195.395,19.5,1.7982000000000002,0.0,0.0,2.08,33.25,41.25,4294967.295,10989.974,11661.522,19.5,0.0,47.853214,3.542982,168.0,,,259.981056,500.023134,259.981056,238.76892000000004,469.920672,209.91157200000004,208.007848,373.0225246
2024-08-10 06:48:19+00:00,85.0,19.942,1.0,67.9,,372.072,-195.4235,19.5,1.7982000000000002,0.0,0.0,2.08,33.25,41.25,4294967.295,10989.974,11661.542,19.5,0.0,47.853214,3.542982,168.0,,,259.981056,500.023134,259.981056,238.76892000000004,469.920672,209.91157200000004,208.007848,373.0225246
2024-08-10 06:48:20+00:00,85.0,19.942,1.0,67.94000000000001,,372.06410000000005,-195.3585,19.5,1.7982000000000002,0.0,0.0,2.08,33.25,41.25,4294967.295,10989.974,11661.564,19.5,0.0,47.853214,3.542982,168.0,,,259.981056,500.023134,259.981056,238.76892000000004,469.920672,209.91157200000004,208.007848,373.0225246
2024-08-10 06:48:21+00:00,85.0,19.942,1.0,68.0,,372.0846,-195.631,19.5,1.7982000000000002,0.0,0.0,2.08,33.25,41.25,4294967.295,10989.974,11661.582,19.5,0.0,47.853214,3.542982,168.0,,,259.981056,500.023134,259.981056,238.76892000000004,469.920672,209.91157200000004,208.007848,373.0225246
2024-08-10 06:48:22+00:00,85.0,19.942,1.0,68.0,,372.0484,-195.732,19.5,1.7982000000000002,0.0,0.0,2.08,33.25,41.25,4294967.295,10989.974,11661.604,19.5,0.0,47.853214,3.542982,168.0,,,259.981056,500.023134,259.981056,238.76892000000004,469.920672,209.91157200000004,208.007848,373.0225246
2024-08-10 06:48:23+00:00,85.0,19.942,1.0,68.04,,372.0214,-195.5315,19.5,1.7982000000000002,0.0,0.0,2.08,33.25,41.25,4294967.295,10989.974,11661.624,19.5,0.0,47.853214,3.542982,168.0,,,259.981056,500.023134,259.981056,238.76892000000004,469.920672,209.91157200000004,208.007848,373.0225246
2024-08-10 06:48:24+00:00,85.0,19.942,1.0,68.10000000000001,,372.0174,-195.7135,19.5,1.8015300000000003,0.0,0.0,2.08,33.25,41.25,4294967.295,10989.974,11661.644,19.5,0.0,47.853214,3.542982,168.0,,,259.981056,500.023134,259.981056,239.318235,469.920672,209.91157200000004,208.4839223,373.0225246
2024-08-10 06:48:25+00:00,85.0,19.942,1.0,68.10000000000001,,372.0432,-195.802,19.5,1.8015300000000003,0.0,0.0,2.08,33.25,41.25,4294967.295,10989.974,11661.664,19.5,0.0,47.853214,3.542982,169.0,,,259.981056,500.023134,259.981056,239.86755,469.920672,209.91157200000004,208.9599966,373.0225246
2024-08-10 06:48:26+00:00,85.0,19.942,1.0,68.13000000000001,,372.1421,-195.622,19.5,1.7948700000000002,0.0,0.0,2.08,33.25,41.25,4294967.295,10989.974,11661.684,19.5,0.0,47.853214,3.542982,169.0,2443.464,,259.981056,500.023134,259.981056,239.86755,469.920672,209.91157200000004,208.9599966,373.0225246
2024-08-10 06:48:27+00:00,85.0,19.942,1.0,68.2,,372.1171,-195.576,19.5,1.80486,0.0,0.0,2.08,33.25,41.25,4294967.295,10989.974,11661.704,19.5,0.0,47.853214,3.542982,169.0,,9453.84,259.981056,500.023134,259.981056,239.86755,469.920672,209.91157200000004,208.9599966,373.0225246
2024-08-10 06:48:28+00:00,85.0,19.942,1.0,68.2,,372.1101000000001,-195.4905,19.5,1.7982000000000002,0.0,0.0,2.08,33.25,41.5,4294967.295,10989.974,11661.724,19.5,0.0,47.853214,3.542982,169.0,,,259.981056,500.023134,259.981056,239.318235,469.920672,209.91157200000004,208.4839223,373.0225246
2024-08-10 06:48:29+00:00,85.0,19.942,1.0,68.22,,372.094,-195.416,19.5,1.7982000000000002,0.0,0.0,2.08,33.25,41.5,4294967.295,10989.974,11661.744,19.5,0.0,47.853214,3.542982,169.0,,,259.981056,500.023134,259.981056,238.76892000000004,469.920672,209.91157200000004,208.007848,373.0225246
2024-08-10 06:48:30+00:00,85.0,19.942,1.0,68.3,,372.1378,-195.413,19.5,1.7982000000000002,0.0,0.0,2.08,33.25,41.5,4294967.295,10989.974,11661.764,19.5,0.0,47.853214,3.542982,169.0,,,259.981056,500.023134,259.981056,238.76892000000004,469.920672,209.91157200000004,208.007848,373.0225246
2024-08-10 06:48:31+00:00,85.0,19.942,1.0,68.3,,372.0892,-195.308,19.5,1.7982000000000002,0.0,0.0,2.08,33.25,41.5,4294967.295,10989.974,11661.786,19.5,0.0,47.853214,3.542982,169.0,,,259.981056,500.023134,259.981056,238.76892000000004,469.920672,209.91157200000004,208.007848,373.0225246
2024-08-10 06:48:32+00:00,85.0,19.942,1.0,68.31,,372.0527,-195.2995,19.5,1.7982000000000002,0.0,0.0,2.08,33.5,41.5,4294967.295,10989.974,11661.806,19.5,0.0,47.853214,3.542982,169.0,,,259.981056,500.023134,259.981056,238.76892000000004,469.920672,209.91157200000004,208.007848,373.0225246
2024-08-10 06:48:33+00:00,85.0,19.942,1.0,68.4,,372.0308,-195.2155,19.5,1.8015300000000003,0.0,0.0,2.08,33.5,41.5,4294967.295,10989.974,11661.826,19.5,0.0,47.853214,3.542982,169.0,,,259.981056,500.023134,259.981056,238.76892000000004,469.920672,209.91157200000004,208.007848,373.0225246
2024-08-10 06:48:34+00:00,85.0,19.942,1.0,68.4,,372.0068,-195.209,19.5,1.7948700000000002,0.0,0.0,2.08,33.5,41.5,4294967.295,10989.974,11661.846,19.5,0.0,47.853214,3.542982,169.0,,,259.981056,500.023134,259.981056,238.76892000000004,469.920672,209.91157200000004,208.007848,373.0225246
2024-08-10 06:48:35+00:00,85.0,19.942,1.0,68.4,,372.0626,-195.5405,19.5,1.8015300000000003,0.0,0.0,2.08,33.5,41.5,4294967.295,10989.974,11661.866,19.5,0.0,47.853214,3.542982,169.0,,,259.981056,500.023134,259.981056,239.318235,469.920672,209.91157200000004,208.4839223,373.0225246
2024-08-10 06:48:36+00:00,85.0,19.942,1.0,68.5,,372.0679,-195.57,19.5,1.80486,0.0,0.0,2.08,33.5,41.5,4294967.295,10989.974,11661.886,19.5,0.0,47.853214,3.542982,169.0,,,259.981056,500.023134,259.981056,239.318235,469.920672,209.91157200000004,208.4839223,373.0225246
2024-08-10 06:48:37+00:00,85.0,19.942,1.0,68.5,,372.0597,-195.3365,19.5,1.8148500000000003,0.0,0.0,2.08,33.5,41.5,4294967.295,10989.974,11661.906,19.5,0.0,47.853214,3.542982,169.0,,,259.981056,500.023134,259.981056,238.76892000000004,469.920672,209.91157200000004,208.007848,373.0225246
2024-08-10 06:48:38+00:00,85.0,19.942,1.0,68.5,,372.0201,-195.5345,19.5,1.8148500000000003,0.0,0.0,2.08,33.5,41.5,4294967.295,10989.974,11661.926,19.5,0.0,47.853214,3.542982,169.0,2443.464,,259.981056,500.023134,259.981056,238.76892000000004,469.920672,209.91157200000004,208.007848,373.0225246
2024-08-10 06:48:39+00:00,85.0,19.942,1.0,68.59,,372.0113,-195.5545,19.5,1.7982000000000002,0.0,0.0,2.08,33.5,41.5,4294967.295,10989.974,11661.948,19.5,0.0,47.853214,3.542982,170.0,,9453.84,259.981056,500.023134,259.981056,239.318235,469.920672,209.91157200000004,208.4839223,373.0225246
2024-08-10 06:48:40+00:00,85.0,19.942,1.0,68.60000000000001,,371.99730000000005,-195.757,19.5,1.8015300000000003,0.0,0.0,2.08,33.5,41.5,4294967.295,10989.974,11661.968,19.5,0.0,47.853214,3.542982,170.0,,,259.981056,500.023134,259.981056,239.318235,469.920672,209.91157200000004,208.4839223,373.0225246
2024-08-10 06:48:41+00:00,85.0,19.942,1.0,68.60000000000001,,372.0049,-195.3065,19.5,1.7982000000000002,0.0,0.0,2.08,33.5,41.5,4294967.295,10989.974,11661.986,19.5,0.0,47.853214,3.542982,170.0,,,259.981056,500.023134,259.981056,238.76892000000004,469.920672,209.91157200000004,208.007848,373.0225246
2024-08-10 06:48:42+00:00,85.0,19.942,1.0,68.68,,372.1134,-195.433,19.5,1.7982000000000002,0.0,0.0,2.08,33.5,41.75,4294967.295,10989.974,11662.006,19.5,0.0,47.853213,3.542981,170.0,,,259.981056,500.023134,259.981056,239.318235,469.920672,209.91157200000004,208.4839223,373.0225246
2024-08-10 06:48:43+00:00,85.0,19.942,1.0,68.7,,372.108,-195.4585,19.5,1.7982000000000002,0.0,0.0,2.08,33.5,41.75,4294967.295,10989.974,11662.028,19.5,0.0,47.853213,3.542981,170.0,,,259.981056,500.023134,259.981056,239.86755,469.920672,209.91157200000004,208.9599966,373.0225246
2024-08-10 06:48:44+00:00,85.0,19.942,1.0,68.7,,372.0969,-195.6835,19.5,1.7982000000000002,0.0,0.0,2.08,33.5,41.75,4294967.295,10989.974,11662.048,19.5,0.0,47.853213,3.542981,170.0,,,259.981056,500.023134,259.981056,239.318235,469.920672,209.91157200000004,208.4839223,373.0225246
2024-08-10 06:48:45+00:00,85.0,19.942,1.0,68.78,,372.0879,-195.2585,19.5,1.7982000000000002,0.0,0.0,2.08,33.5,41.75,4294967.295,10989.974,11662.068,19.5,0.0,47.853213,3.54298,170.0,,,259.981056,500.023134,259.981056,238.76892000000004,469.920672,209.91157200000004,208.007848,373.0225246
2024-08-10 06:48:46+00:00,85.0,19.942,1.0,68.8,,372.1212,-195.262,19.5,1.7982000000000002,0.0,0.0,2.08,33.5,41.75,4294967.295,10989.974,11662.088,19.5,0.0,47.853213,3.54298,170.0,,,259.981056,500.023134,259.981056,238.76892000000004,469.920672,209.91157200000004,208.007848,373.0225246
2024-08-10 06:48:47+00:00,85.0,19.942,1.0,68.8,,372.0734000000001,-195.2685,19.5,1.7982000000000002,0.0,0.0,2.08,33.5,41.75,4294967.295,10989.974,11662.108,19.5,0.0,47.853213,3.54298,170.0,,,259.981056,500.023134,259.981056,238.76892000000004,469.920672,209.91157200000004,208.007848,373.0225246
2024-08-10 06:48:48+00:00,85.0,19.942,1.0,68.87,,372.0568,-195.541,19.5,1.7982000000000002,0.0,0.0,2.08,33.5,41.75,4294967.295,10989.974,11662.128,19.5,0.0,47.853213,3.54298,170.0,,,259.981056,500.023134,259.981056,239.318235,469.920672,209.91157200000004,208.4839223,373.0225246
2024-08-10 06:48:49+00:00,85.0,19.942,1.0,68.9,,372.0148,-195.3545,19.5,1.7982000000000002,0.0,0.0,2.08,33.75,41.75,4294967.295,10989.974,11662.148,19.5,0.0,47.853213,3.54298,170.0,,,259.981056,500.023134,259.981056,239.318235,469.920672,209.91157200000004,208.4839223,373.0225246
2024-08-10 06:48:50+00:00,85.0,19.942,1.0,68.9,,371.995,-195.3885,19.5,1.7982000000000002,0.0,0.0,2.08,33.75,41.75,4294967.295,10989.974,11662.168,19.5,0.0,47.853213,3.54298,170.0,2443.464,,259.981056,500.023134,259.981056,238.76892000000004,469.920672,209.91157200000004,208.007848,373.0225246
2024-08-10 06:48:51+00:00,85.0,19.942,1.0,68.96000000000001,,372.0426,-195.626,19.5,1.80819,0.0,0.0,2.08,33.75,41.75,4294967.295,10989.974,11662.19,19.5,0.0,47.853213,3.54298,170.0,,9453.84,259.981056,500.023134,259.981056,239.318235,469.920672,209.91157200000004,208.4839223,373.0225246
2024-08-10 06:48:52+00:00,85.0,19.942,1.0,69.0,,372.0685,-195.783,19.5,1.8015300000000003,0.0,0.0,2.08,33.75,41.75,4294967.295,10989.974,11662.21,19.5,0.0,47.853213,3.54298,170.0,,,259.981056,500.023134,259.981056,239.86755,469.920672,209.91157200000004,208.9599966,373.0225246
2024-08-10 06:48:53+00:00,85.0,19.942,1.0,69.0,,372.05980000000005,-195.7725,19.5,1.7982000000000002,0.0,0.0,2.08,33.75,41.75,4294967.295,10989.974,11662.23,19.5,0.0,47.853213,3.54298,170.0,,,259.981056,500.023134,259.981056,239.318235,469.920672,209.91157200000004,208.4839223,373.0225246
2024-08-10 06:48:54+00:00,85.0,19.942,1.0,69.05,,371.9993,-195.3255,19.5,1.81152,0.0,0.0,2.08,33.75,41.75,4294967.295,10989.974,11662.25,19.5,0.0,47.853213,3.54298,170.0,,,259.981056,500.023134,259.981056,238.76892000000004,469.920672,209.91157200000004,208.007848,373.0225246
2024-08-10 06:48:55+00:00,85.0,19.942,1.0,69.10000000000001,,371.9921,-195.599,19.5,1.7982000000000002,0.0,0.0,2.08,33.75,41.75,4294967.295,10989.974,11662.27,19.5,0.0,47.853213,3.54298,171.0,,,259.981056,500.023134,259.981056,239.318235,469.920672,209.91157200000004,208.4839223,373.0225246
2024-08-10 06:48:56+00:00,85.0,19.942,1.0,69.10000000000001,,371.9757,-195.6675,19.5,1.7982000000000002,0.0,0.0,2.08,33.75,42.0,4294967.295,10989.974,11662.29,19.5,0.0,47.853213,3.54298,171.0,,,259.981056,500.023134,259.981056,239.86755,469.920672,209.91157200000004,208.9599966,373.0225246
2024-08-10 06:48:57+00:00,85.0,19.942,1.0,69.14000000000001,,372.0146,-195.5735,19.5,1.7982000000000002,0.0,0.0,2.08,33.75,42.0,4294967.295,10989.974,11662.31,19.5,0.0,47.853213,3.54298,171.0,,,259.981056,500.023134,259.981056,239.86755,469.920672,209.91157200000004,208.9599966,373.0225246
2024-08-10 06:48:58+00:00,85.0,19.942,1.0,69.2,,372.1128,-195.609,19.5,1.7982000000000002,0.0,0.0,2.08,33.75,42.0,4294967.295,10989.974,11662.33,19.5,0.0,47.853213,3.54298,171.0,,,259.981056,500.023134,259.981056,239.86755,469.920672,209.91157200000004,208.9599966,373.0225246
2024-08-10 06:48:59+00:00,85.0,19.942,1.0,69.2,,372.0743,-195.579,19.5,1.8015300000000003,0.0,0.0,2.08,33.75,42.0,4294967.295,10989.974,11662.35,19.5,0.0,47.853213,3.54298,171.0,,,259.981056,500.023134,259.981056,239.86755,469.920672,209.91157200000004,208.9599966,373.0225246
2024-08-10 06:49:00+00:00,85.0,19.942,1.0,69.22999999999999,,372.071,-195.573,19.5,1.7982000000000002,0.0,0.0,2.08,33.75,42.0,4294967.295,10989.974,11662.372,19.5,0.0,47.853213,3.54298,171.0,,,259.981056,500.023134,259.981056,239.86755,469.920672,209.91157200000004,208.9599966,373.0225246
2024-08-10 06:49:01+00:00,85.0,19.942,1.0,69.3,,372.0687,-195.407,19.5,1.7982000000000002,0.0,0.0,2.08,33.75,42.0,4294967.295,10989.974,11662.392,19.5,0.0,47.853213,3.54298,171.0,,,259.981056,500.023134,259.981056,239.318235,469.920672,209.91157200000004,208.4839223,373.0225246
2024-08-10 06:49:02+00:00,85.0,19.942,1.0,69.3,,372.0997,-195.212,19.5,1.7982000000000002,0.0,0.0,2.08,33.75,42.0,4294967.295,10989.974,11662.412,19.5,0.0,47.853213,3.54298,171.0,2443.464,,259.981056,500.023134,259.981056,238.76892000000004,469.920672,209.91157200000004,208.007848,373.0225246
2024-08-10 06:49:03+00:00,85.0,19.942,1.0,69.33,,372.0636,-195.216,19.5,1.7982000000000002,0.0,0.0,2.08,33.75,42.0,4294967.295,10989.974,11662.432,19.5,0.0,47.853213,3.54298,172.0,,9453.84,259.981056,500.023134,259.981056,238.76892000000004,469.920672,209.91157200000004,208.007848,373.0225246
2024-08-10 06:49:04+00:00,85.0,19.942,1.0,69.4,,372.0221,-195.2125,19.5,1.80486,0.0,0.0,2.08,33.75,42.0,4294967.295,10989.974,11662.452,19.5,0.0,47.853213,3.54298,172.0,,,259.981056,500.023134,259.981056,238.76892000000004,469.920672,209.91157200000004,208.007848,373.0225246
2024-08-10 06:49:05+00:00,85.0,19.942,1.0,69.4,,372.0182,-195.4955,19.5,1.7982000000000002,0.0,0.0,2.08,34.0,42.0,4294967.295,10989.974,11662.472,19.5,0.0,47.853213,3.54298,172.0,,,259.981056,500.023134,259.981056,238.76892000000004,469.920672,209.91157200000004,208.007848,373.0225246
2024-08-10 06:49:06+00:00,85.0,19.942,1.0,69.42,,371.9765,-195.212,19.5,1.79154,0.0,0.0,2.08,34.0,42.0,4294967.295,10989.974,11662.494,19.5,0.0,47.853213,3.54298,172.0,,,259.981056,500.023134,259.981056,238.76892000000004,469.920672,209.91157200000004,208.007848,373.0225246
2024-08-10 06:49:07+00:00,85.0,19.942,1.0,69.5,,372.0366,-195.6065,19.5,1.7982000000000002,0.0,0.0,2.08,34.0,42.0,4294967.295,10989.974,11662.514,19.5,0.0,47.853213,3.54298,172.0,,,259.981056,500.023134,259.981056,239.318235,469.920672,209.91157200000004,208.4839223,373.0225246
2024-08-10 06:49:08+00:00,85.0,19.942,1.0,69.5,,372.05050000000006,-195.7895,19.5,1.7982000000000002,0.0,0.0,2.08,34.0,42.0,4294967.295,10989.974,11662.534,19.5,0.0,47.853213,3.54298,172.0,,,259.981056,500.023134,259.981056,239.86755,469.920672,209.91157200000004,208.9599966,373.0225246
2024-08-10 06:49:09+00:00,85.0,19.942,1.0,69.51,,372.0375,-195.6925,19.5,1.8015300000000003,0.0,0.0,2.08,34.0,42.0,4294967.295,10989.974,11662.554,19.5,0.0,47.853213,3.54298,172.0,,,259.981056,500.023134,259.981056,239.86755,469.920672,209.91157200000004,208.9599966,373.0225246
2024-08-10 06:49:10+00:00,85.0,19.942,1.0,69.60000000000001,,372.0086,-195.692,19.5,1.7982000000000002,0.0,0.0,2.08,34.0,42.25,4294967.295,10989.974,11662.574,19.5,0.0,47.853213,3.54298,172.0,,,259.981056,500.023134,259.981056,239.86755,469.920672,209.91157200000004,208.9599966,373.0225246
2024-08-10 06:49:11+00:00,85.0,19.942,1.0,69.60000000000001,,371.9797,-195.632,19.5,1.7982000000000002,0.0,0.0,2.08,34.0,42.25,4294967.295,10989.974,11662.594,19.5,0.0,47.853213,3.54298,173.0,,,259.981056,500.023134,259.981056,239.86755,469.920672,209.91157200000004,208.9599966,373.0225246
2024-08-10 06:49:12+00:00,85.0,19.942,1.0,69.60000000000001,,371.9737,-195.6965,19.5,1.7982000000000002,0.0,0.0,2.08,34.0,42.25,4294967.295,10989.974,11662.614,19.5,0.0,47.853213,3.54298,173.0,,,259.981056,500.023134,259.981056,239.318235,469.920672,209.91157200000004,208.4839223,373.0225246
2024-08-10 06:49:13+00:00,85.0,19.942,1.0,69.7,,371.9778,-195.26,19.5,1.7982000000000002,0.0,0.0,2.08,34.0,42.25,4294967.295,10989.974,11662.634,19.5,0.0,47.853213,3.54298,173.0,,,259.981056,500.023134,259.981056,238.76892000000004,469.920672,209.91157200000004,208.007848,373.0225246
2024-08-10 06:49:14+00:00,85.0,19.942,1.0,69.7,,372.0809,-195.2525,19.5,1.7982000000000002,0.0,0.0,2.08,34.0,42.25,4294967.295,10989.974,11662.654,19.5,0.0,47.853213,3.54298,173.0,2443.464,,259.981056,500.023134,259.981056,238.76892000000004,469.920672,209.91157200000004,208.007848,373.0225246
2024-08-10 06:49:15+00:00,85.0,19.942,1.0,69.7,,372.05910000000006,-195.2335,19.5,1.7948700000000002,0.0,0.0,2.08,34.0,42.25,4294967.295,10989.974,11662.674,19.5,0.0,47.853213,3.54298,173.0,,9453.84,259.981056,500.023134,259.981056,238.76892000000004,469.920672,209.91157200000004,208.007848,373.0225246
2024-08-10 06:49:16+00:00,85.0,19.942,1.0,69.78999999999999,,372.0509,-195.2515,19.5,1.80486,0.0,0.0,2.08,34.0,42.25,4294967.295,10989.974,11662.694,19.5,0.0,47.853213,3.54298,173.0,,,259.981056,500.023134,259.981056,238.76892000000004,469.920672,209.91157200000004,208.007848,373.0225246
2024-08-10 06:49:17+00:00,85.0,19.942,1.0,69.8,,372.0474,-195.3605,19.5,1.7982000000000002,0.0,0.0,2.06,34.0,42.25,4294967.295,10989.974,11662.714,19.5,0.0,47.853213,3.54298,173.0,,,259.981056,500.023134,259.981056,238.76892000000004,469.920672,209.91157200000004,208.007848,373.0225246
2024-08-10 06:49:18+00:00,85.0,19.942,1.0,69.8,,372.0872,-195.2265,19.5,1.80486,0.0,0.0,2.06,34.0,42.25,4294967.295,10989.974,11662.736,19.5,0.0,47.853213,3.54298,173.0,,,259.981056,500.023134,259.981056,238.76892000000004,469.920672,209.91157200000004,208.007848,373.0225246
2024-08-10 06:49:19+00:00,85.0,19.942,1.0,69.88000000000001,,372.072,-195.4555,19.5,1.8015300000000003,0.0,0.0,2.06,34.0,42.25,4294967.295,10989.974,11662.756,19.5,0.0,47.853213,3.54298,173.0,,,259.981056,500.023134,259.981056,238.76892000000004,469.920672,209.91157200000004,208.007848,373.0225246
2024-08-10 06:49:20+00:00,85.0,19.942,1.0,69.9,,371.995,-195.223,19.5,1.7982000000000002,0.0,0.0,2.06,34.0,42.25,4294967.295,10989.974,11662.776,19.5,0.0,47.853213,3.54298,173.0,,,259.981056,500.023134,259.981056,238.76892000000004,469.920672,209.91157200000004,208.007848,373.0225246
2024-08-10 06:49:21+00:00,85.0,19.942,1.0,69.9,,372.0059,-195.678,19.5,1.80486,0.0,0.0,2.06,34.0,42.25,4294967.295,10989.974,11662.796,19.5,0.0,47.853213,3.54298,173.0,,,259.981056,500.023134,259.981056,238.76892000000004,469.920672,209.91157200000004,208.007848,373.0225246
2024-08-10 06:49:22+00:00,85.0,19.942,1.0,69.97,,371.9717,-195.455,19.5,1.80486,0.0,0.0,2.06,34.25,42.25,4294967.295,10989.974,11662.816,19.5,0.0,47.853213,3.54298,173.0,,,259.981056,500.023134,259.981056,238.76892000000004,469.920672,209.91157200000004,208.007848,373.0225246
2024-08-10 06:49:23+00:00,85.0,19.942,1.0,70.0,,372.0177000000001,-195.544,19.5,1.8015300000000003,0.0,0.0,2.06,34.25,42.25,4294967.295,10989.974,11662.836,19.5,0.0,47.853213,3.54298,173.0,,,259.981056,500.023134,259.981056,239.318235,469.920672,209.91157200000004,208.4839223,373.0225246
2024-08-10 06:49:24+00:00,85.0,19.942,1.0,70.0,,372.0298,-195.756,19.5,1.7982000000000002,0.0,0.0,2.06,34.25,42.25,4294967.295,10989.974,11662.856,19.5,0.0,47.853213,3.54298,173.0,,,259.981056,500.023134,259.981056,239.86755,469.920672,209.91157200000004,208.9599966,373.0225246
2024-08-10 06:49:25+00:00,85.0,19.942,1.0,70.07000000000001,,372.0234,-195.6985,19.5,1.80486,0.0,0.0,2.06,34.25,42.25,4294967.295,10989.974,11662.876,19.5,0.0,47.853213,3.54298,174.0,,,259.981056,500.023134,259.981056,239.86755,469.920672,209.91157200000004,208.9599966,373.0225246
2024-08-10 06:49:26+00:00,85.0,19.942,1.0,70.10000000000001,,371.9933,-195.7575,19.5,1.80486,0.0,0.0,2.06,34.25,42.5,4294967.295,10989.974,11662.896,19.5,0.0,47.853213,3.54298,174.0,2443.464,,259.981056,500.023134,259.981056,239.86755,469.920672,209.91157200000004,208.9599966,373.0225246
2024-08-10 06:49:27+00:00,85.0,19.942,1.0,70.10000000000001,,371.9748,-195.609,19.5,1.8015300000000003,0.0,0.0,2.06,34.25,42.5,4294967.295,10989.974,11662.916,19.5,0.0,47.853213,3.54298,174.0,,9453.84,259.981056,500.023134,259.981056,239.318235,469.920672,209.91157200000004,208.4839223,373.0225246
2024-08-10 06:49:28+00:00,85.0,19.942,1.0,70.16,,371.9361,-195.2305,19.5,1.8015300000000003,0.0,0.0,2.06,34.25,42.5,4294967.295,10989.974,11662.936,19.5,0.0,47.853213,3.54298,174.0,,,259.981056,500.023134,259.981056,238.76892000000004,469.920672,209.91157200000004,208.007848,373.0225246
2024-08-10 06:49:29+00:00,85.0,19.942,1.0,70.2,,371.9683,-195.2515,19.5,1.7982000000000002,0.0,0.0,2.06,34.25,42.5,4294967.295,10989.974,11662.956,19.5,0.0,47.853213,3.54298,174.0,,,259.981056,500.023134,259.981056,238.76892000000004,469.920672,209.91157200000004,208.007848,373.0225246
2024-08-10 06:49:30+00:00,85.0,19.942,1.0,70.2,,372.0667,-195.371,19.5,1.7982000000000002,0.0,0.0,2.06,34.25,42.5,4294967.295,10989.974,11662.978,19.5,0.0,47.853213,3.54298,174.0,,,259.981056,500.023134,259.981056,238.76892000000004,469.920672,209.91157200000004,208.007848,373.0225246
2024-08-10 06:49:31+00:00,85.0,19.942,1.0,70.25,,372.0437,-195.1595,19.5,1.80486,0.0,0.0,2.06,34.25,42.5,4294967.295,10989.974,11662.998,19.5,0.0,47.853213,3.54298,174.0,,,259.981056,500.023134,259.981056,238.76892000000004,469.920672,209.91157200000004,208.007848,373.0225246
2024-08-10 06:49:32+00:00,85.0,19.942,1.0,70.3,,372.0427,-195.377,19.5,1.7982000000000002,0.0,0.0,2.06,34.25,42.5,4294967.295,10989.974,11663.018,19.5,0.0,47.853213,3.54298,174.0,,,259.981056,500.023134,259.981056,239.318235,469.920672,209.91157200000004,208.4839223,373.0225246
2024-08-10 06:49:33+00:00,85.0,19.942,1.0,70.3,,372.0533,-195.378,19.5,1.7982000000000002,0.0,0.0,2.06,34.25,42.5,4294967.295,10989.974,11663.038,19.5,0.0,47.853213,3.54298,174.0,,,259.981056,500.023134,259.981056,239.318235,469.920672,209.91157200000004,208.4839223,373.0225246
2024-08-10 06:49:34+00:00,85.0,19.942,1.0,70.34,,372.0797,-195.143,19.5,1.8015300000000003,0.0,0.0,2.06,34.25,42.5,4294967.295,10989.974,11663.058,19.5,0.0,47.853213,3.54298,174.0,,,259.981056,500.023134,259.981056,238.76892000000004,469.920672,209.91157200000004,208.007848,373.0225246
2024-08-10 06:49:35+00:00,85.0,19.942,1.0,70.4,,372.0426,-195.386,19.5,1.7982000000000002,0.0,0.0,2.06,34.25,42.5,4294967.295,10989.974,11663.08,19.5,0.0,47.853213,3.54298,174.0,,,259.981056,500.023134,259.981056,238.76892000000004,469.920672,209.91157200000004,208.007848,373.0225246
2024-08-10 06:49:36+00:00,85.0,19.942,1.0,70.4,,372.004,-195.507,19.5,1.8015300000000003,0.0,0.0,2.06,34.25,42.5,4294967.295,10989.974,11663.098,19.5,0.0,47.853213,3.54298,174.0,,,259.981056,500.023134,259.981056,239.318235,469.920672,209.91157200000004,208.4839223,373.0225246
2024-08-10 06:49:37+00:00,85.0,19.942,1.0,70.43,,372.0047,-195.636,19.5,1.7982000000000002,0.0,0.0,2.06,34.5,42.5,4294967.295,10989.974,11663.12,19.5,0.0,47.853213,3.54298,174.0,,,259.981056,500.023134,259.981056,239.86755,469.920672,209.91157200000004,208.9599966,373.0225246
2024-08-10 06:49:38+00:00,85.0,19.942,1.0,70.5,,371.9828,-196.0025,19.5,1.81152,0.0,0.0,2.06,34.5,42.5,4294967.295,10989.974,11663.14,19.5,0.0,47.853213,3.54298,174.0,2443.464,,259.981056,500.023134,259.981056,239.86755,469.920672,209.91157200000004,208.9599966,373.0225246
2024-08-10 06:49:39+00:00,85.0,19.942,1.0,70.5,,372.0119,-195.7925,19.5,1.7982000000000002,0.0,0.0,2.06,34.5,42.5,4294967.295,10989.974,11663.16,19.5,0.0,47.853213,3.54298,174.0,,9453.84,259.981056,500.023134,259.981056,239.86755,469.920672,209.91157200000004,208.9599966,373.0225246
2024-08-10 06:49:40+00:00,85.0,19.942,1.0,70.52000000000001,,372.0119,-195.73,19.5,1.8015300000000003,0.0,0.0,2.06,34.5,42.5,4294967.295,10989.974,11663.178,19.5,0.0,47.853213,3.54298,174.0,,,259.981056,500.023134,259.981056,239.86755,469.920672,209.91157200000004,208.9599966,373.0225246
2024-08-10 06:49:41+00:00,85.0,19.942,1.0,70.60000000000001,,372.0107,-195.6825,19.5,1.8015300000000003,0.0,0.0,2.06,34.5,42.75,4294967.295,10989.974,11663.2,19.5,0.0,47.853213,3.54298,175.0,,,259.981056,500.023134,259.981056,239.86755,469.920672,209.91157200000004,208.9599966,373.0225246
2024-08-10 06:49:42+00:00,85.0,19.942,1.0,70.60000000000001,,371.9816,-195.563,19.5,1.8015300000000003,0.0,0.0,2.06,34.5,42.75,4294967.295,10989.974,11663.22,19.5,0.0,47.853213,3.54298,175.0,,,259.981056,500.023134,259.981056,239.86755,469.920672,209.91157200000004,208.9599966,373.0225246
2024-08-10 06:49:43+00:00,85.0,19.942,1.0,70.61000000000001,,371.9647,-195.5795,19.5,1.8215100000000004,0.0,0.0,2.06,34.5,42.75,4294967.295,10989.974,11663.24,19.5,0.0,47.853213,3.54298,175.0,,,259.981056,500.023134,259.981056,239.86755,469.920672,209.91157200000004,208.9599966,373.0225246
2024-08-10 06:49:44+00:00,85.0,19.942,1.0,70.7,,371.9378,-195.535,19.5,1.80819,0.0,0.0,2.06,34.5,42.75,4294967.295,10989.974,11663.26,19.5,0.0,47.853213,3.54298,175.0,,,259.981056,500.023134,259.981056,239.318235,469.920672,209.91157200000004,208.4839223,373.0225246
2024-08-10 06:49:45+00:00,85.0,19.942,1.0,70.7,,371.9547,-195.1825,19.5,1.7982000000000002,0.0,0.0,2.06,34.5,42.75,4294967.295,10989.974,11663.28,19.5,0.0,47.853213,3.54298,175.0,,,259.981056,500.023134,259.981056,238.76892000000004,469.920672,209.91157200000004,208.007848,373.0225246
2024-08-10 06:49:46+00:00,85.0,19.942,1.0,70.71000000000001,,372.0639,-195.1825,19.5,1.8015300000000003,0.0,0.0,2.06,34.5,42.75,4294967.295,10989.974,11663.3,19.5,0.0,47.853213,3.54298,175.0,,,259.981056,500.023134,259.981056,238.76892000000004,469.920672,209.91157200000004,208.007848,373.0225246
2024-08-10 06:49:47+00:00,85.0,19.942,1.0,70.8,,372.0256,-195.1625,19.5,1.8181800000000004,0.0,0.0,2.06,34.5,42.75,4294967.295,10989.974,11663.322,19.5,0.0,47.853213,3.54298,175.0,,,259.981056,500.023134,259.981056,238.76892000000004,469.920672,209.91157200000004,208.007848,373.0225246
2024-08-10 06:49:48+00:00,85.0,19.942,1.0,70.8,,372.0293,-195.3135,19.5,1.7982000000000002,0.0,0.0,2.06,34.5,42.75,4294967.295,10989.974,11663.34,19.5,0.0,47.853213,3.54298,175.0,,,259.981056,500.023134,259.981056,239.318235,469.920672,209.91157200000004,208.4839223,373.0225246
2024-08-10 06:49:49+00:00,85.0,19.942,1.0,70.8,,372.0173,-195.154,19.5,1.8148500000000003,0.0,0.0,2.06,34.5,42.75,4294967.295,10989.974,11663.362,19.5,0.0,47.853213,3.54298,176.0,,,259.981056,500.023134,259.981056,239.318235,469.920672,209.91157200000004,208.4839223,373.0225246
2024-08-10 06:49:50+00:00,85.0,19.942,1.0,70.9,,372.071,-195.288,19.5,1.81152,0.0,0.0,2.06,34.5,42.75,4294967.295,10989.974,11663.382,19.5,0.0,47.853213,3.54298,176.0,2443.464,,259.981056,500.023134,259.981056,238.76892000000004,469.920672,209.91157200000004,208.007848,373.0225246
2024-08-10 06:49:51+00:00,85.0,19.942,1.0,70.9,,372.0246,-195.3875,19.5,1.81152,0.0,0.0,2.06,34.5,42.75,4294967.295,10989.974,11663.402,19.5,0.0,47.853213,3.54298,176.0,,9453.84,259.981056,500.023134,259.981056,238.76892000000004,469.920672,209.91157200000004,208.007848,373.0225246
2024-08-10 06:49:52+00:00,85.0,19.942,1.0,70.9,,371.99300000000005,-195.441,19.5,1.80486,0.0,0.0,2.06,34.5,42.75,4294967.295,10989.974,11663.422,19.5,0.0,47.853213,3.54298,176.0,,,259.981056,500.023134,259.981056,238.76892000000004,469.920672,209.91157200000004,208.007848,373.0225246
2024-08-10 06:49:53+00:00,85.0,19.942,1.0,70.99,,371.9755,-195.516,19.5,1.81152,0.0,0.0,2.06,34.5,42.75,4294967.295,10989.974,11663.442,19.5,0.0,47.853213,3.54298,176.0,,,259.981056,500.023134,259.981056,238.76892000000004,469.920672,209.91157200000004,208.007848,373.0225246
2024-08-10 06:49:54+00:00,85.0,19.942,1.0,71.0,,371.9579,-195.729,19.5,1.80486,0.0,0.0,2.06,34.75,42.75,4294967.295,10989.974,11663.462,19.5,0.0,47.853213,3.54298,176.0,,,259.981056,500.023134,259.981056,239.318235,469.920672,209.91157200000004,208.4839223,373.0225246
2024-08-10 06:49:55+00:00,85.0,19.942,1.0,71.0,,372.00770000000006,-195.7165,19.5,1.8015300000000003,0.0,0.0,2.06,34.75,42.75,4294967.295,10989.974,11663.482,19.5,0.0,47.853213,3.54298,176.0,,,259.981056,500.023134,259.981056,239.86755,469.920672,209.91157200000004,208.9599966,373.0225246
2024-08-10 06:49:56+00:00,85.0,19.942,1.0,71.08000000000001,,372.015,-195.825,19.5,1.7982000000000002,0.0,0.0,2.06,34.75,42.75,4294967.295,10989.974,11663.502,19.5,0.0,47.853213,3.54298,176.0,,,259.981056,500.023134,259.981056,239.86755,469.920672,209.91157200000004,208.9599966,373.0225246
2024-08-10 06:49:57+00:00,85.0,19.942,1.0,71.10000000000001,,372.00340000000006,-195.672,19.5,1.80819,0.0,0.0,2.06,34.75,43.0,4294967.295,10989.974,11663.522,19.5,0.0,47.853213,3.54298,177.0,,,259.981056,500.023134,259.981056,239.86755,469.920672,209.91157200000004,208.9599966,373.0225246
2024-08-10 06:49:58+00:00,85.0,19.942,1.0,71.10000000000001,,371.9705,-195.6905,19.5,1.80486,0.0,0.0,2.06,34.75,43.0,4294967.295,10989.974,11663.542,19.5,0.0,47.853213,3.54298,177.0,,,259.981056,500.023134,259.981056,239.86755,469.920672,209.91157200000004,208.9599966,373.0225246
2024-08-10 06:49:59+00:00,85.0,19.942,1.0,71.17,,371.932,-195.524,19.5,1.80486,0.0,0.0,2.06,34.75,43.0,4294967.295,10989.974,11663.564,19.5,0.0,47.853213,3.54298,177.0,,,259.981056,500.023134,259.981056,239.318235,469.920672,209.91157200000004,208.4839223,373.0225246
2024-08-10 06:50:00+00:00,85.0,19.942,1.0,71.2,,371.9147,-195.0885,19.5,1.8148500000000003,0.0,0.0,2.06,34.75,43.0,4294967.295,10989.974,11663.582,19.5,0.0,47.853213,3.54298,177.0,,,259.981056,500.023134,259.981056,238.76892000000004,469.920672,209.91157200000004,208.007848,373.0225246
2024-08-10 06:50:01+00:00,85.0,19.942,1.0,71.2,,371.9591,-195.4005,19.5,1.80819,0.0,0.0,2.06,34.75,43.0,4294967.295,10989.974,11663.604,19.5,0.0,47.853213,3.54298,177.0,,,259.981056,500.023134,259.981056,239.318235,469.920672,209.91157200000004,208.4839223,373.0225246
2024-08-10 06:50:02+00:00,85.0,19.942,1.0,71.26,,372.0557,-195.4355,19.5,1.8015300000000003,0.0,0.0,2.06,34.75,43.0,4294967.295,10989.974,11663.624,19.5,0.0,47.853213,3.54298,177.0,2443.464,,259.981056,500.023134,259.981056,239.86755,469.920672,209.91157200000004,208.9599966,373.0225246
2024-08-10 06:50:03+00:00,85.0,19.942,1.0,71.3,,372.0181,-195.421,19.5,1.80486,0.0,0.0,2.06,34.75,43.0,4294967.295,10989.974,11663.644,19.5,0.0,47.853213,3.54298,177.0,,9453.84,259.981056,500.023134,259.981056,239.318235,469.920672,209.91157200000004,208.4839223,373.0225246
2024-08-10 06:50:04+00:00,85.0,19.942,1.0,71.3,,372.0092,-195.2315,19.5,1.81152,0.0,0.0,2.06,34.75,43.0,4294967.295,10989.974,11663.664,19.5,0.0,47.853213,3.54298,177.0,,,259.981056,500.023134,259.981056,238.76892000000004,469.920672,209.91157200000004,208.007848,373.0225246
2024-08-10 06:50:05+00:00,85.0,19.942,1.0,71.35,,372.0028,-195.1275,19.5,1.7982000000000002,0.0,0.0,2.06,34.75,43.0,4294967.295,10989.974,11663.684,19.5,0.0,47.853213,3.54298,177.0,,,259.981056,500.023134,259.981056,238.76892000000004,469.920672,209.91157200000004,208.007848,373.0225246
2024-08-10 06:50:06+00:00,85.0,19.942,1.0,71.4,,372.0735,-195.365,19.5,1.8015300000000003,0.0,0.0,2.06,34.75,43.0,4294967.295,10989.974,11663.706,19.5,0.0,47.853213,3.54298,177.0,,,259.981056,500.023134,259.981056,239.318235,469.920672,209.91157200000004,208.4839223,373.0225246
2024-08-10 06:50:07+00:00,85.0,19.942,1.0,71.4,,372.0392,-195.5485,19.5,1.80486,0.0,0.0,2.06,34.75,43.0,4294967.295,10989.974,11663.726,19.5,0.0,47.853213,3.54298,177.0,,,259.981056,500.023134,259.981056,239.86755,469.920672,209.91157200000004,208.9599966,373.0225246
2024-08-10 06:50:08+00:00,85.0,19.942,1.0,71.45,,371.9803,-195.6765,19.5,1.80486,0.0,0.0,2.06,34.75,43.0,4294967.295,10989.974,11663.744,19.5,0.0,47.853213,3.54298,177.0,,,259.981056,500.023134,259.981056,239.86755,469.920672,209.91157200000004,208.9599966,373.0225246
2024-08-10 06:50:09+00:00,85.0,19.942,1.0,71.5,,371.9678,-195.71,19.5,1.7982000000000002,0.0,0.0,2.06,34.75,43.0,4294967.295,10989.974,11663.764,19.5,0.0,47.853213,3.54298,177.0,,,259.981056,500.023134,259.981056,239.86755,469.920672,209.91157200000004,208.9599966,373.0225246
2024-08-10 06:50:10+00:00,85.0,19.942,1.0,71.5,,371.9467,-195.72,19.5,1.8015300000000003,0.0,0.0,2.06,35.0,43.0,4294967.295,10989.974,11663.786,19.5,0.0,47.853213,3.54298,177.0,,,259.981056,500.023134,259.981056,239.318235,469.920672,209.91157200000004,208.4839223,373.0225246
2024-08-10 06:50:11+00:00,85.0,19.942,1.0,71.54,,371.9746,-195.2595,19.5,1.80486,0.0,0.0,2.06,35.0,43.0,4294967.295,10989.974,11663.806,19.5,0.0,47.853213,3.54298,178.0,,,259.981056,500.023134,259.981056,238.76892000000004,469.920672,209.91157200000004,208.007848,373.0225246
2024-08-10 06:50:12+00:00,85.0,19.942,1.0,71.60000000000001,,371.9751,-195.4195,19.5,1.8315,0.0,0.0,2.06,35.0,43.0,4294967.295,10989.974,11663.826,19.5,0.0,47.853213,3.54298,178.0,,,259.981056,500.023134,259.981056,239.318235,469.920672,209.91157200000004,208.4839223,373.0225246
2024-08-10 06:50:13+00:00,85.0,19.942,1.0,71.60000000000001,,371.99840000000006,-195.8865,19.5,1.80486,0.0,0.0,2.06,35.0,43.25,4294967.295,10989.974,11663.846,19.5,0.0,47.853213,3.54298,178.0,,,259.981056,500.023134,259.981056,239.86755,469.920672,209.91157200000004,208.9599966,373.0225246
2024-08-10 06:50:14+00:00,85.0,19.942,1.0,71.63000000000001,,371.949,-195.616,19.5,1.8015300000000003,0.0,0.0,2.06,35.0,43.25,4294967.295,10989.974,11663.866,19.5,0.0,47.853213,3.54298,178.0,2443.464,,259.981056,500.023134,259.981056,239.86755,469.920672,209.91157200000004,208.9599966,373.0225246
2024-08-10 06:50:15+00:00,85.0,19.942,1.0,71.7,,371.9192,-195.586,19.5,1.8215100000000004,0.0,0.0,2.06,35.0,43.25,4294967.295,10989.974,11663.886,19.5,0.0,47.853213,3.54298,178.0,,9453.84,259.981056,500.023134,259.981056,239.318235,469.920672,209.91157200000004,208.4839223,373.0225246
2024-08-10 06:50:16+00:00,85.0,19.942,1.0,71.7,,371.9079,-195.094,19.5,1.80486,0.0,0.0,2.06,35.0,43.25,4294967.295,10989.974,11663.906,19.5,0.0,47.853213,3.54298,178.0,,,259.981056,500.023134,259.981056,238.76892000000004,469.920672,209.91157200000004,208.007848,373.0225246
2024-08-10 06:50:17+00:00,85.0,19.942,1.0,71.72,,371.9387,-195.2945,19.5,1.80486,0.0,0.0,2.06,35.0,43.25,4294967.295,10989.974,11663.926,19.5,0.0,47.853213,3.54298,178.0,,,259.981056,500.023134,259.981056,238.76892000000004,469.920672,209.91157200000004,208.007848,373.0225246
2024-08-10 06:50:18+00:00,85.0,19.942,1.0,71.8,,372.0321,-195.033,19.5,1.7982000000000002,0.0,0.0,2.06,35.0,43.25,4294967.295,10989.974,11663.948,19.5,0.0,47.853213,3.54298,178.0,,,259.981056,500.023134,259.981056,238.76892000000004,469.920672,209.91157200000004,208.007848,373.0225246
2024-08-10 06:50:19+00:00,85.0,19.942,1.0,71.8,,372.0148,-195.314,19.5,1.8015300000000003,0.0,0.0,2.06,35.0,43.25,4294967.295,10989.974,11663.968,19.5,0.0,47.853213,3.54298,178.0,,,259.981056,500.023134,259.981056,238.76892000000004,469.920672,209.91157200000004,208.007848,373.0225246
2024-08-10 06:50:20+00:00,85.0,19.942,1.0,71.81,,372.0084000000001,-195.415,19.5,1.8015300000000003,0.0,0.0,2.06,35.0,43.25,4294967.295,10989.974,11663.988,19.5,0.0,47.853213,3.54298,178.0,,,259.981056,500.023134,259.981056,239.318235,469.920672,209.91157200000004,208.4839223,373.0225246
2024-08-10 06:50:21+00:00,85.0,19.942,1.0,71.9,,372.0163636363637,-195.5257576,19.5,1.80486,0.0,0.0,2.06,35.0,43.25,4294967.295,10989.974,11664.008,19.5,0.0,47.853213,3.54298,178.0,,,259.981056,500.023134,259.981056,239.86755,469.920672,209.91157200000004,208.9599966,373.0225246
2024-08-10 06:50:22+00:00,85.0,19.942,1.0,71.9,,372.05770000000007,-195.627,19.5,1.8015300000000003,0.0,0.0,2.06,35.0,43.25,4294967.295,10989.974,11664.028,19.5,0.0,47.853213,3.54298,178.0,,,259.981056,500.023134,259.981056,239.318235,469.920672,209.91157200000004,208.4839223,373.0225246
2024-08-10 06:50:23+00:00,85.0,19.942,1.0,71.9,,372.002,-195.1965,19.5,1.80819,0.0,0.0,2.06,35.0,43.25,4294967.295,10989.974,11664.048,19.5,0.0,47.853213,3.54298,178.0,,,259.981056,500.023134,259.981056,238.76892000000004,469.920672,209.91157200000004,208.007848,373.0225246
2024-08-10 06:50:24+00:00,85.0,19.942,1.0,72.0,,371.9618,-195.4455,19.5,1.7982000000000002,0.0,0.0,2.06,35.0,43.25,4294967.295,10989.974,11664.068,19.5,0.0,47.853213,3.54298,178.0,,,259.981056,500.023134,259.981056,238.76892000000004,469.920672,209.91157200000004,208.007848,373.0225246
2024-08-10 06:50:25+00:00,85.0,19.942,1.0,72.0,,371.9656,-195.718,19.5,1.80819,0.0,0.0,2.06,35.25,43.25,4294967.295,10989.974,11664.088,19.5,0.0,47.853213,3.54298,178.0,,,259.981056,500.023134,259.981056,239.318235,469.920672,209.91157200000004,208.4839223,373.0225246
2024-08-10 06:50:26+00:00,85.0,19.942,1.0,72.0,,371.9397,-195.7345,19.5,1.80486,0.0,0.0,2.06,35.25,43.25,4294967.295,10989.974,11664.108,19.5,0.0,47.853213,3.54298,178.0,2443.464,,259.981056,500.023134,259.981056,239.318235,469.920672,209.91157200000004,208.4839223,373.0225246
2024-08-10 06:50:27+00:00,85.0,19.942,1.0,72.09,,371.9849,-195.617,19.5,1.8015300000000003,0.0,0.0,2.06,35.25,43.25,4294967.295,10989.974,11664.128,19.5,0.0,47.853213,3.54298,180.0,,9453.84,259.981056,500.023134,259.981056,239.318235,469.920672,209.91157200000004,208.4839223,373.0225246
2024-08-10 06:50:28+00:00,85.0,19.942,1.0,72.10000000000001,,371.9876,-195.8475,19.5,1.8181800000000004,0.0,0.0,2.06,35.25,43.25,4294967.295,10989.974,11664.148,19.5,0.0,47.853213,3.54298,180.0,,,259.981056,500.023134,259.981056,239.86755,469.920672,209.91157200000004,208.9599966,373.0225246
2024-08-10 06:50:29+00:00,85.0,19.942,1.0,72.10000000000001,,371.9922,-195.6955,19.5,1.80486,0.0,0.0,2.06,35.25,43.5,4294967.295,10989.974,11664.168,19.5,0.0,47.853213,3.54298,180.0,,,259.981056,500.023134,259.981056,239.86755,469.920672,209.91157200000004,208.9599966,373.0225246
2024-08-10 06:50:30+00:00,85.0,19.942,1.0,72.19000000000001,,371.9524,-195.529,19.5,1.82484,0.0,0.0,2.06,35.25,43.5,4294967.295,10989.974,11664.19,19.5,0.0,47.853213,3.54298,180.0,,,259.981056,500.023134,259.981056,239.318235,469.920672,209.91157200000004,208.4839223,373.0225246
2024-08-10 06:50:31+00:00,85.0,19.942,1.0,72.2,,371.9081,-195.151,19.5,1.80486,0.0,0.0,2.06,35.25,43.5,4294967.295,10989.974,11664.21,19.5,0.0,47.853213,3.54298,180.0,,,259.981056,500.023134,259.981056,238.76892000000004,469.920672,209.91157200000004,208.007848,373.0225246
2024-08-10 06:50:32+00:00,85.0,19.942,1.0,72.2,,371.9075,-195.3225,19.5,1.8215100000000004,0.0,0.0,2.06,35.25,43.5,4294967.295,10989.974,11664.23,19.5,0.0,47.853213,3.54298,180.0,,,259.981056,500.023134,259.981056,238.76892000000004,469.920672,209.91157200000004,208.007848,373.0225246
2024-08-10 06:50:33+00:00,85.0,19.942,1.0,72.28,,371.9108,-195.1085,19.5,1.80819,0.0,0.0,2.06,35.25,43.5,4294967.295,10989.974,11664.25,19.5,0.0,47.853213,3.54298,180.0,,,259.981056,500.023134,259.981056,238.76892000000004,469.920672,209.91157200000004,208.007848,373.0225246
2024-08-10 06:50:34+00:00,85.0,19.942,1.0,72.3,,372.0348,-195.349,19.5,1.8148500000000003,0.0,0.0,2.06,35.25,43.5,4294967.295,10989.974,11664.27,19.5,0.0,47.853213,3.54298,180.0,,,259.981056,500.023134,259.981056,239.318235,469.920672,209.91157200000004,208.4839223,373.0225246
2024-08-10 06:50:35+00:00,85.0,19.942,1.0,72.3,,372.00520000000006,-195.4715,19.5,1.8148500000000003,0.0,0.0,2.06,35.25,43.5,4294967.295,10989.974,11664.29,19.5,0.0,47.853213,3.54298,180.0,,,259.981056,500.023134,259.981056,239.86755,469.920672,209.91157200000004,208.9599966,373.0225246
2024-08-10 06:50:36+00:00,85.0,19.942,1.0,72.37,,372.0028,-195.4715,19.5,1.81152,0.0,0.0,2.06,35.25,43.5,4294967.295,10989.974,11664.31,19.5,0.0,47.853213,3.54298,180.0,,,259.981056,500.023134,259.981056,239.318235,469.920672,209.91157200000004,208.4839223,373.0225246
2024-08-10 06:50:37+00:00,85.0,19.942,1.0,72.4,,372.0166,-195.3285,19.5,1.7982000000000002,0.0,0.0,2.06,35.25,43.5,4294967.295,10989.974,11664.33,19.5,0.0,47.853213,3.54298,180.0,,,259.981056,500.023134,259.981056,238.76892000000004,469.920672,209.91157200000004,208.007848,373.0225246
2024-08-10 06:50:38+00:00,85.0,19.942,1.0,72.4,,372.0242,-195.044,19.5,1.8015300000000003,0.0,0.0,2.06,35.25,43.5,4294967.295,10989.974,11664.35,19.5,0.0,47.853213,3.54298,180.0,2443.464,,259.981056,500.023134,259.981056,238.76892000000004,469.920672,209.91157200000004,208.007848,373.0225246
2024-08-10 06:50:39+00:00,85.0,19.942,1.0,72.46000000000001,,372.0099,-195.4105,19.5,1.801227272727273,0.0,0.0,2.06,35.25,43.5,4294967.295,10989.974,11664.372,19.5,0.0,47.853213,3.54298,180.0,,9453.84,259.981056,500.023134,259.981056,238.76892000000004,469.920672,209.91157200000004,208.007848,373.0225246
2024-08-10 06:50:40+00:00,85.0,19.942,1.0,72.5,,371.9727,-195.64,19.5,1.80486,0.0,0.0,2.06,35.25,43.5,4294967.295,10989.974,11664.39,19.5,0.0,47.853213,3.54298,180.0,,,259.981056,500.023134,259.981056,239.318235,469.920672,209.91157200000004,208.4839223,373.0225246
2024-08-10 06:50:41+00:00,85.0,19.942,1.0,72.5,,371.9748,-195.8485,19.5,1.8148500000000003,0.0,0.0,2.06,35.25,43.5,4294967.295,10989.974,11664.412,19.5,0.0,47.853213,3.54298,180.0,,,259.981056,500.023134,259.981056,239.86755,469.920672,209.91157200000004,208.9599966,373.0225246
2024-08-10 06:50:42+00:00,85.0,19.942,1.0,72.55,,371.9317,-195.615,19.5,1.8215100000000004,0.0,0.0,2.06,35.5,43.5,4294967.295,10989.974,11664.432,19.5,0.0,47.853213,3.54298,180.0,,,259.981056,500.023134,259.981056,239.86755,469.920672,209.91157200000004,208.9599966,373.0225246
2024-08-10 06:50:43+00:00,85.0,19.942,1.0,72.60000000000001,,371.9759,-195.8825,19.5,1.7982000000000002,0.0,0.0,2.06,35.5,43.5,4294967.295,10989.974,11664.452,19.5,0.0,47.853213,3.54298,181.0,,,259.981056,500.023134,259.981056,239.86755,469.920672,209.91157200000004,208.9599966,373.0225246
2024-08-10 06:50:44+00:00,85.0,19.942,1.0,72.60000000000001,,371.9745,-195.5715,19.5,1.81152,0.0,0.0,2.06,35.5,43.5,4294967.295,10989.974,11664.472,19.5,0.0,47.853213,3.54298,181.0,,,259.981056,500.023134,259.981056,239.318235,469.920672,209.91157200000004,208.4839223,373.0225246
2024-08-10 06:50:45+00:00,85.0,19.942,1.0,72.64000000000001,,371.9575,-195.1185,19.5,1.80819,0.0,0.0,2.06,35.5,43.5,4294967.295,10989.974,11664.492,19.5,0.0,47.853213,3.54298,181.0,,,259.981056,500.023134,259.981056,238.76892000000004,469.920672,209.91157200000004,208.007848,373.0225246
2024-08-10 06:50:46+00:00,85.0,19.942,1.0,72.7,,371.9449,-195.4505,19.5,1.8181800000000004,0.0,0.0,2.06,35.5,43.75,4294967.295,10989.974,11664.512,19.5,0.0,47.853213,3.54298,181.0,,,259.981056,500.023134,259.981056,238.76892000000004,469.920672,209.91157200000004,208.007848,373.0225246
2024-08-10 06:50:47+00:00,85.0,19.942,1.0,72.7,,371.9017,-195.4625,19.5,1.8215100000000004,0.0,0.0,2.06,35.5,43.75,4294967.295,10989.974,11664.534,19.5,0.0,47.853213,3.54298,181.0,,,259.981056,500.023134,259.981056,239.318235,469.920672,209.91157200000004,208.4839223,373.0225246
2024-08-10 06:50:48+00:00,85.0,19.942,1.0,72.74,,371.9175,-195.571,19.5,1.81152,0.0,0.0,2.06,35.5,43.75,4294967.295,10989.974,11664.552,19.5,0.0,47.853213,3.54298,181.0,,,259.981056,500.023134,259.981056,239.86755,469.920672,209.91157200000004,208.9599966,373.0225246
2024-08-10 06:50:49+00:00,85.0,19.942,1.0,72.8,,371.934,-195.4435,19.5,1.81152,0.0,0.0,2.06,35.5,43.75,4294967.295,10989.974,11664.574,19.5,0.0,47.853213,3.54298,181.0,,,259.981056,500.023134,259.981056,239.318235,469.920672,209.91157200000004,208.4839223,373.0225246
2024-08-10 06:50:50+00:00,85.0,19.942,1.0,72.8,,372.0308,-195.0905,19.5,1.80819,0.0,0.0,2.06,35.5,43.75,4294967.295,10989.974,11664.594,19.5,0.0,47.853213,3.54298,181.0,2443.464,,259.981056,500.023134,259.981056,238.76892000000004,469.920672,209.91157200000004,208.007848,373.0225246
2024-08-10 06:50:51+00:00,85.0,19.942,1.0,72.83,,371.9999,-195.4875,19.5,1.82817,0.0,0.0,2.06,35.5,43.75,4294967.295,10989.974,11664.614,19.5,0.0,47.853213,3.54298,181.0,,9453.84,259.981056,500.023134,259.981056,239.318235,469.920672,209.91157200000004,208.4839223,373.0225246
2024-08-10 06:50:52+00:00,85.0,19.942,1.0,72.9,,371.9902,-195.4275,19.5,1.8181800000000004,0.0,0.0,2.06,35.5,43.75,4294967.295,10989.974,11664.632,19.5,0.0,47.853213,3.54298,181.0,,,259.981056,500.023134,259.981056,239.318235,469.920672,209.91157200000004,208.4839223,373.0225246
2024-08-10 06:50:53+00:00,85.0,19.942,1.0,72.9,,371.99410000000006,-195.0625,19.5,1.80819,0.0,0.0,2.06,35.5,43.75,4294967.295,10989.974,11664.654,19.5,0.0,47.853213,3.54298,181.0,,,259.981056,500.023134,259.981056,238.76892000000004,469.920672,209.91157200000004,208.007848,373.0225246
2024-08-10 06:50:54+00:00,85.0,19.942,1.0,72.92,,372.0444,-195.492,19.5,1.8215100000000004,0.0,0.0,2.06,35.5,43.75,4294967.295,10989.974,11664.674,19.5,0.0,47.853213,3.54298,181.0,,,259.981056,500.023134,259.981056,239.318235,469.920672,209.91157200000004,208.4839223,373.0225246
2024-08-10 06:50:55+00:00,85.0,19.942,1.0,73.0,,372.0037,-195.628,19.5,1.82484,0.0,0.0,2.06,35.5,43.75,4294967.295,10989.974,11664.694,19.5,0.0,47.853213,3.54298,181.0,,,259.981056,500.023134,259.981056,239.86755,469.920672,209.91157200000004,208.9599966,373.0225246
2024-08-10 06:50:56+00:00,85.0,19.942,1.0,73.0,,371.9724,-195.581,19.5,1.80486,0.0,0.0,2.06,35.5,43.75,4294967.295,10989.974,11664.714,19.5,0.0,47.853213,3.54298,181.0,,,259.981056,500.023134,259.981056,239.318235,469.920672,209.91157200000004,208.4839223,373.0225246
2024-08-10 06:50:57+00:00,85.0,19.942,1.0,73.01,,371.9344,-195.375,19.5,1.80486,0.0,0.0,2.06,35.5,43.75,4294967.295,10989.974,11664.734,19.5,0.0,47.853213,3.54298,181.0,,,259.981056,500.023134,259.981056,238.76892000000004,469.920672,209.91157200000004,208.007848,373.0225246
2024-08-10 06:50:58+00:00,85.0,19.942,1.0,73.10000000000001,,371.9116,-195.59,19.5,1.80486,0.0,0.0,2.06,35.75,43.75,4294967.295,10989.974,11664.754,19.5,0.0,47.853213,3.54298,181.0,,,259.981056,500.023134,259.981056,239.318235,469.920672,209.91157200000004,208.4839223,373.0225246
2024-08-10 06:50:59+00:00,85.0,19.942,1.0,73.10000000000001,,371.9742,-195.6505,19.5,1.81152,0.0,0.0,2.06,35.75,43.75,4294967.295,10989.974,11664.776,19.5,0.0,47.853213,3.54298,182.0,,,259.981056,500.023134,259.981056,239.86755,469.920672,209.91157200000004,208.9599966,373.0225246
2024-08-10 06:51:00+00:00,85.0,19.942,1.0,73.10000000000001,,371.9918,-195.7685,19.5,1.82484,0.0,0.0,2.06,35.75,43.75,4294967.295,10989.974,11664.794,19.5,0.0,47.853213,3.54298,182.0,,,259.981056,500.023134,259.981056,239.86755,469.920672,209.91157200000004,208.9599966,373.0225246
2024-08-10 06:51:01+00:00,85.0,19.942,1.0,73.2,,371.9716,-195.62,19.5,1.8015300000000003,0.0,0.0,2.06,35.75,43.75,4294967.295,10989.974,11664.816,19.5,0.0,47.853213,3.54298,182.0,,,259.981056,500.023134,259.981056,239.318235,469.920672,209.91157200000004,208.4839223,373.0225246
2024-08-10 06:51:02+00:00,85.0,19.929,1.0,73.2,,371.93410000000006,-195.4145,19.5,1.7982000000000002,0.0,0.0,2.06,35.75,43.75,4294967.295,10989.974,11664.836,19.5,0.0,47.853213,3.54298,182.0,2443.464,,259.981056,500.023134,259.981056,238.76892000000004,469.920672,209.91157200000004,208.007848,373.0225246
2024-08-10 06:51:03+00:00,85.0,19.929,1.0,73.2,,371.9039,-195.4275,19.5,1.8148500000000003,0.0,0.0,2.06,35.75,44.0,4294967.295,10989.974,11664.856,19.5,0.0,47.853213,3.54298,182.0,,9453.84,259.981056,500.023134,259.981056,238.76892000000004,469.920672,209.91157200000004,208.007848,373.0225246
2024-08-10 06:51:04+00:00,85.0,19.929,1.0,73.28999999999999,,371.8962,-195.4655,19.5,1.8315,0.0,0.0,2.06,35.75,44.0,4294967.295,10989.974,11664.876,19.5,0.0,47.853213,3.54298,182.0,,,259.981056,500.023134,259.981056,238.76892000000004,469.920672,209.91157200000004,208.007848,373.0225246
2024-08-10 06:51:05+00:00,85.0,19.929,1.0,73.3,,371.9364,-195.494,19.5,1.8181800000000004,0.0,0.0,2.06,35.75,44.0,4294967.295,10989.974,11664.896,19.5,0.0,47.853213,3.54298,183.0,,,259.981056,500.023134,259.981056,238.76892000000004,469.920672,209.91157200000004,208.007848,373.0225246
2024-08-10 06:51:06+00:00,85.0,19.929,1.0,73.3,,372.0368,-195.512,19.5,1.8215100000000004,0.0,0.0,2.06,35.75,44.0,4294967.295,10989.974,11664.916,19.5,0.0,47.853213,3.54298,183.0,,,259.981056,500.023134,259.981056,238.76892000000004,469.920672,209.91157200000004,208.007848,373.0225246
2024-08-10 06:51:07+00:00,85.0,19.929,1.0,73.38000000000001,,372.0083,-195.5345,19.5,1.82817,0.0,0.0,2.06,35.75,44.0,4294967.295,10989.974,11664.936,19.5,0.0,47.853213,3.54298,183.0,,,259.981056,500.023134,259.981056,238.76892000000004,469.920672,209.91157200000004,208.007848,373.0225246
2024-08-10 06:51:08+00:00,85.0,19.929,1.0,73.4,,371.99410000000006,-195.5615,19.5,1.80819,0.0,0.0,2.06,35.75,44.0,4294967.295,10989.974,11664.956,19.5,0.0,47.853213,3.54298,183.0,,,259.981056,500.023134,259.981056,238.76892000000004,469.920672,209.91157200000004,208.007848,373.0225246
2024-08-10 06:51:09+00:00,85.0,19.929,1.0,73.4,,372.0167,-195.603,19.5,1.82817,0.0,0.0,2.06,35.75,44.0,4294967.295,10989.974,11664.976,19.5,0.0,47.853213,3.54298,183.0,,,259.981056,500.023134,259.981056,238.76892000000004,469.920672,209.91157200000004,208.007848,373.0225246
2024-08-10 06:51:10+00:00,85.0,19.929,1.0,73.47999999999999,,372.0398,-195.5795,19.5,1.8181800000000004,0.0,0.0,2.06,35.75,44.0,4294967.295,10989.974,11664.998,19.5,0.0,47.853213,3.54298,183.0,,,259.981056,500.023134,259.981056,238.76892000000004,469.920672,209.91157200000004,208.007848,373.0225246
2024-08-10 06:51:11+00:00,85.0,19.929,1.0,73.5,,372.0086,-195.6,19.5,1.80819,0.0,0.0,2.06,35.75,44.0,4294967.295,10989.974,11665.018,19.5,0.0,47.853213,3.54298,183.0,,,259.981056,500.023134,259.981056,238.76892000000004,469.920672,209.91157200000004,208.007848,373.0225246
2024-08-10 06:51:12+00:00,85.0,19.929,1.0,73.5,,371.9641,-195.4995,19.5,1.8315,0.0,0.0,2.06,35.75,44.0,4294967.295,10989.974,11665.038,19.5,0.0,47.853213,3.54298,183.0,,,259.981056,500.023134,259.981056,238.76892000000004,469.920672,209.91157200000004,208.007848,373.0225246
2024-08-10 06:51:13+00:00,85.0,19.929,1.0,73.57000000000001,,371.9411,-195.526,19.5,1.8215100000000004,0.0,0.0,2.06,35.75,44.0,4294967.295,10989.974,11665.058,19.5,0.0,47.853213,3.54298,184.0,,,259.981056,500.023134,259.981056,238.76892000000004,469.920672,209.91157200000004,208.007848,373.0225246
2024-08-10 06:51:14+00:00,85.0,19.929,1.0,73.60000000000001,,371.9221,-195.559,19.5,1.8215100000000004,0.0,0.0,2.06,35.75,44.0,4294967.295,10989.974,11665.078,19.5,0.0,47.853213,3.54298,184.0,2443.464,,259.981056,500.023134,259.981056,238.76892000000004,469.920672,209.91157200000004,208.007848,373.0225246
2024-08-10 06:51:15+00:00,85.0,19.929,1.0,73.60000000000001,,371.9748,-195.597,19.5,1.81152,0.0,0.0,2.06,36.0,44.0,4294967.295,10989.974,11665.098,19.5,0.0,47.853213,3.54298,184.0,,9453.84,259.981056,500.023134,259.981056,238.76892000000004,469.920672,209.91157200000004,208.007848,373.0225246
2024-08-10 06:51:16+00:00,85.0,19.929,1.0,73.66,,371.972,-195.5905,19.5,1.8181800000000004,0.0,0.0,2.06,36.0,44.0,4294967.295,10989.974,11665.12,19.5,0.0,47.853213,3.54298,184.0,,,259.981056,500.023134,259.981056,238.76892000000004,469.920672,209.91157200000004,208.007848,373.0225246
2024-08-10 06:51:17+00:00,85.0,19.929,1.0,73.7,,371.9822,-195.6065,19.5,1.8148500000000003,0.0,0.0,2.06,36.0,44.0,4294967.295,10989.974,11665.138,19.5,0.0,47.853213,3.54298,184.0,,,259.981056,500.023134,259.981056,238.76892000000004,469.920672,209.91157200000004,208.007848,373.0225246
2024-08-10 06:51:18+00:00,85.0,19.929,1.0,73.7,,371.9335,-195.583,19.5,1.8181800000000004,0.0,0.0,2.06,36.0,44.0,4294967.295,10989.974,11665.16,19.5,0.0,47.853213,3.54298,184.0,,,259.981056,500.023134,259.981056,238.76892000000004,469.920672,209.91157200000004,208.007848,373.0225246
2024-08-10 06:51:19+00:00,85.0,19.929,1.0,73.75,,371.9121,-195.5935,19.5,1.8315,0.0,0.0,2.06,36.0,44.25,4294967.295,10989.974,11665.18,19.5,0.0,47.853213,3.54298,184.0,,,259.981056,500.023134,259.981056,238.76892000000004,469.920672,209.91157200000004,208.007848,373.0225246
2024-08-10 06:51:20+00:00,85.0,19.929,1.0,73.8,,371.9003,-195.4625,19.5,1.8215100000000004,0.0,0.0,2.06,36.0,44.25,4294967.295,10989.974,11665.2,19.5,0.0,47.853213,3.54298,184.0,,,259.981056,500.023134,259.981056,238.76892000000004,469.920672,209.91157200000004,208.007848,373.0225246
2024-08-10 06:51:21+00:00,85.0,19.929,1.0,73.8,,371.9374,-195.477,19.5,1.82817,0.0,0.0,2.06,36.0,44.25,4294967.295,10989.974,11665.218,19.5,0.0,47.853213,3.54298,184.0,,,259.981056,500.023134,259.981056,238.76892000000004,469.920672,209.91157200000004,208.007848,373.0225246
2024-08-10 06:51:22+00:00,85.0,19.929,1.0,73.84,,372.0337,-195.3955,19.5,1.81152,0.0,0.0,2.06,36.0,44.25,4294967.295,10989.974,11665.24,19.5,0.0,47.853213,3.54298,184.0,,,259.981056,500.023134,259.981056,238.76892000000004,469.920672,209.91157200000004,208.007848,373.0225246
2024-08-10 06:51:23+00:00,85.0,19.929,1.0,73.9,,372.0142,-195.616,19.5,1.80819,0.0,0.0,2.06,36.0,44.25,4294967.295,10989.974,11665.26,19.5,0.0,47.853213,3.54298,184.0,,,259.981056,500.023134,259.981056,238.76892000000004,469.920672,209.91157200000004,208.007848,373.0225246
2024-08-10 06:51:24+00:00,85.0,19.929,1.0,73.9,,371.9884,-195.3855,19.5,1.8215100000000004,0.0,0.0,2.06,36.0,44.25,4294967.295,10989.974,11665.28,19.5,0.0,47.853213,3.54298,184.0,,,259.981056,500.023134,259.981056,238.76892000000004,469.920672,209.91157200000004,208.007848,373.0225246
2024-08-10 06:51:25+00:00,85.0,19.929,1.0,73.93,,372.0068,-195.654,19.5,1.82484,0.0,0.0,2.04,36.0,44.25,4294967.295,10989.974,11665.3,19.5,0.0,47.853213,3.54298,184.0,,,259.981056,500.023134,259.981056,238.76892000000004,469.920672,209.91157200000004,208.007848,373.0225246
2024-08-10 06:51:26+00:00,85.0,19.929,1.0,74.0,,372.0388,-195.3135,19.5,1.8215100000000004,0.0,0.0,2.04,36.0,44.25,4294967.295,10989.974,11665.32,19.5,0.0,47.853213,3.54298,184.0,2443.464,,259.981056,500.023134,259.981056,238.76892000000004,469.920672,209.91157200000004,208.007848,373.0225246
2024-08-10 06:51:27+00:00,85.0,19.929,1.0,74.0,,372.0026,-195.65,19.5,1.8215100000000004,0.0,0.0,2.04,36.0,44.25,4294967.295,10989.974,11665.34,19.5,0.0,47.853213,3.54298,184.0,,9453.84,259.981056,500.023134,259.981056,238.76892000000004,469.920672,209.91157200000004,208.007848,373.0225246
2024-08-10 06:51:28+00:00,85.0,19.929,1.0,74.02000000000001,,371.9465,-195.4415,19.5,1.8148500000000003,0.0,0.0,2.04,36.0,44.25,4294967.295,10989.974,11665.362,19.5,0.0,47.853213,3.54298,184.0,,,259.981056,500.023134,259.981056,238.76892000000004,469.920672,209.91157200000004,208.007848,373.0225246
2024-08-10 06:51:29+00:00,85.0,19.929,1.0,74.10000000000001,,371.9398000000001,-195.605,19.5,1.8215100000000004,0.0,0.0,2.04,36.0,44.25,4294967.295,10989.974,11665.38,19.5,0.0,47.853213,3.54298,185.0,,,259.981056,500.023134,259.981056,238.76892000000004,469.920672,209.91157200000004,208.007848,373.0225246
2024-08-10 06:51:30+00:00,85.0,19.929,1.0,74.10000000000001,,371.9094,-195.316,19.5,1.8215100000000004,0.0,0.0,2.04,36.0,44.25,4294967.295,10989.974,11665.402,19.5,0.0,47.853213,3.54298,185.0,,,259.981056,500.023134,259.981056,238.76892000000004,469.920672,209.91157200000004,208.007848,373.0225246
2024-08-10 06:51:31+00:00,85.0,19.929,1.0,74.12,,371.9598,-195.6335,19.5,1.8148500000000003,0.0,0.0,2.04,36.0,44.25,4294967.295,10989.974,11665.422,19.5,0.0,47.853213,3.54298,185.0,,,259.981056,500.023134,259.981056,238.76892000000004,469.920672,209.91157200000004,208.007848,373.0225246
2024-08-10 06:51:32+00:00,85.0,19.929,1.0,74.2,,371.9639,-195.5505,19.5,1.8215100000000004,0.0,0.0,2.04,36.25,44.25,4294967.295,10989.974,11665.442,19.5,0.0,47.853213,3.54298,185.0,,,259.981056,500.023134,259.981056,238.76892000000004,469.920672,209.91157200000004,208.007848,373.0225246
2024-08-10 06:51:33+00:00,85.0,19.929,1.0,74.2,,371.9671,-195.334,19.5,1.8148500000000003,0.0,0.0,2.04,36.25,44.25,4294967.295,10989.974,11665.462,19.5,0.0,47.853213,3.54298,185.0,,,259.981056,500.023134,259.981056,238.76892000000004,469.920672,209.91157200000004,208.007848,373.0225246
2024-08-10 06:51:34+00:00,85.0,19.929,1.0,74.21000000000001,,371.9426,-195.5155,19.5,1.80486,0.0,0.0,2.04,36.25,44.25,4294967.295,10989.974,11665.482,19.5,0.0,47.853213,3.54298,185.0,,,259.981056,500.023134,259.981056,238.76892000000004,469.920672,209.91157200000004,208.007848,373.0225246
2024-08-10 06:51:35+00:00,85.0,19.929,1.0,74.3,,371.9195,-195.508,19.5,1.8215100000000004,0.0,0.0,2.04,36.25,44.25,4294967.295,10989.974,11665.502,19.5,0.0,47.853213,3.54298,185.0,,,259.981056,500.023134,259.981056,238.76892000000004,469.920672,209.91157200000004,208.007848,373.0225246
2024-08-10 06:51:36+00:00,85.0,19.929,1.0,74.3,,371.8963,-195.4045,19.5,1.81152,0.0,0.0,2.04,36.25,44.25,4294967.295,10989.974,11665.522,19.5,0.0,47.853213,3.54298,185.0,,,259.981056,500.023134,259.981056,238.76892000000004,469.920672,209.91157200000004,208.007848,373.0225246
2024-08-10 06:51:37+00:00,85.0,19.929,1.0,74.3,,371.9417,-195.623,19.5,1.8215100000000004,0.0,0.0,2.04,36.25,44.5,4294967.295,10989.974,11665.542,19.5,0.0,47.853213,3.54298,186.0,,,259.981056,500.023134,259.981056,238.76892000000004,469.920672,209.91157200000004,208.007848,373.0225246
2024-08-10 06:51:38+00:00,85.0,19.929,1.0,74.4,,372.0365,-195.248,19.5,1.82817,0.0,0.0,2.04,36.25,44.5,4294967.295,10989.974,11665.562,19.5,0.0,47.853213,3.54298,186.0,2443.464,,259.981056,500.023134,259.981056,238.219605,469.920672,209.91157200000004,207.4951526,373.0225246
2024-08-10 06:51:39+00:00,85.0,19.929,1.0,74.4,,371.9807,-194.931,19.5,1.8148500000000003,0.0,0.0,2.04,36.25,44.5,4294967.295,10989.974,11665.582,19.5,0.0,47.853213,3.54298,186.0,,9453.84,259.981056,500.023134,259.981056,238.219605,469.920672,209.91157200000004,207.4951526,373.0225246
2024-08-10 06:51:40+00:00,85.0,19.929,1.0,74.4,,371.9846,-195.177,19.5,1.8215100000000004,0.0,0.0,2.04,36.25,44.5,4294967.295,10989.974,11665.602,19.5,0.0,47.853213,3.54298,186.0,,,259.981056,500.023134,259.981056,238.76892000000004,469.920672,209.91157200000004,208.007848,373.0225246
2024-08-10 06:51:41+00:00,85.0,19.929,1.0,74.49,,372.0082,-195.6085,19.5,1.8215100000000004,0.0,0.0,2.04,36.25,44.5,4294967.295,10989.974,11665.622,19.5,0.0,47.853213,3.54298,186.0,,,259.981056,500.023134,259.981056,238.76892000000004,469.920672,209.91157200000004,208.007848,373.0225246
2024-08-10 06:51:42+00:00,85.0,19.929,1.0,74.5,,372.038,-195.5895,19.5,1.8181800000000004,0.0,0.0,2.04,36.25,44.5,4294967.295,10989.974,11665.644,19.5,0.0,47.853213,3.54298,186.0,,,259.981056,500.023134,259.981056,238.76892000000004,469.920672,209.91157200000004,208.007848,373.0225246
2024-08-10 06:51:43+00:00,85.0,19.929,1.0,74.5,,372.008,-195.648,19.5,1.8215100000000004,0.0,0.0,2.04,36.25,44.5,4294967.295,10989.974,11665.664,19.5,0.0,47.853213,3.54298,186.0,,,259.981056,500.023134,259.981056,238.76892000000004,469.920672,209.91157200000004,208.007848,373.0225246
2024-08-10 06:51:44+00:00,85.0,19.929,1.0,74.58000000000001,,371.9715,-195.5945,19.5,1.80486,0.0,0.0,2.04,36.25,44.5,4294967.295,10989.974,11665.684,19.5,0.0,47.853213,3.54298,186.0,,,259.981056,500.023134,259.981056,238.76892000000004,469.920672,209.91157200000004,208.007848,373.0225246
2024-08-10 06:51:45+00:00,85.0,19.929,1.0,74.60000000000001,,371.9317,-195.3885,19.5,1.8148500000000003,0.0,0.0,2.04,36.25,44.5,4294967.295,10989.974,11665.704,19.5,0.0,47.853213,3.54298,186.0,,,259.981056,500.023134,259.981056,238.76892000000004,469.920672,209.91157200000004,208.007848,373.0225246
2024-08-10 06:51:46+00:00,85.0,19.929,1.0,74.60000000000001,,371.9095,-195.6315,19.5,1.8015300000000003,0.0,0.0,2.04,36.25,44.5,4294967.295,10989.974,11665.724,19.5,0.0,47.853213,3.54298,186.0,,,259.981056,500.023134,259.981056,238.76892000000004,469.920672,209.91157200000004,208.007848,373.0225246
2024-08-10 06:51:47+00:00,85.0,19.929,1.0,74.67,,371.9745,-195.6325,19.5,1.80486,0.0,0.0,2.04,36.25,44.5,4294967.295,10989.974,11665.746,19.5,0.0,47.853213,3.54298,186.0,,,259.981056,500.023134,259.981056,238.76892000000004,469.920672,209.91157200000004,208.007848,373.0225246
2024-08-10 06:51:48+00:00,85.0,19.929,1.0,74.7,,371.9713,-195.3985,19.5,1.80819,0.0,0.0,2.04,36.5,44.5,4294967.295,10989.974,11665.766,19.5,0.0,47.853213,3.54298,186.0,,,259.981056,500.023134,259.981056,238.76892000000004,469.920672,209.91157200000004,208.007848,373.0225246
2024-08-10 06:51:49+00:00,85.0,19.929,1.0,74.7,,371.9761,-195.6115,19.5,1.81152,0.0,0.0,2.04,36.5,44.5,4294967.295,10989.974,11665.784,19.5,0.0,47.853213,3.54298,186.0,,,259.981056,500.023134,259.981056,238.76892000000004,469.920672,209.91157200000004,208.007848,373.0225246
2024-08-10 06:51:50+00:00,85.0,19.929,1.0,74.77000000000001,,371.9506,-195.556,19.5,1.80486,0.0,0.0,2.04,36.5,44.5,4294967.295,10989.974,11665.804,19.5,0.0,47.853213,3.54298,186.0,2443.464,,259.981056,500.023134,259.981056,238.76892000000004,469.920672,209.91157200000004,208.007848,373.0225246
2024-08-10 06:51:51+00:00,85.0,19.929,1.0,74.8,,371.9161,-195.364,19.5,1.8148500000000003,0.0,0.0,2.04,36.5,44.5,4294967.295,10989.974,11665.826,19.5,0.0,47.853213,3.54298,186.0,,9453.84,259.981056,500.023134,259.981056,238.76892000000004,469.920672,209.91157200000004,208.007848,373.0225246
2024-08-10 06:51:52+00:00,85.0,19.929,1.0,74.8,,371.8981,-195.603,19.6,1.82484,0.0,0.0,2.04,36.5,44.5,4294967.295,10989.974,11665.846,19.5,0.0,47.853213,3.54298,186.0,,,259.981056,500.023134,259.981056,238.76892000000004,469.920672,209.91157200000004,208.007848,373.0225246
2024-08-10 06:51:53+00:00,85.0,19.929,1.0,74.86,,371.9363,-195.461,19.8,1.8215100000000004,0.0,0.0,2.04,36.5,44.5,4294967.295,10989.974,11665.866,19.5,0.0,47.853213,3.54298,187.0,,,259.981056,500.023134,259.981056,238.76892000000004,469.920672,209.91157200000004,208.007848,373.0225246
2024-08-10 06:51:54+00:00,85.0,19.929,1.0,74.9,,372.0286,-195.2855,20.0,1.82817,0.0,0.0,2.04,36.5,44.75,4294967.295,10989.974,11665.886,20.0,0.0,47.853213,3.54298,187.0,,,259.981056,500.023134,259.981056,238.76892000000004,469.920672,209.91157200000004,208.007848,373.0225246
2024-08-10 06:51:55+00:00,85.0,19.929,1.0,74.9,,372.0149,-195.6525,20.0,1.82484,0.0,0.0,2.04,36.5,44.75,4294967.295,10989.974,11665.906,20.0,0.0,47.853213,3.54298,187.0,,,259.981056,500.023134,259.981056,238.76892000000004,469.920672,209.91157200000004,208.007848,373.0225246
2024-08-10 06:51:56+00:00,85.0,19.929,1.0,74.95,,371.9956,-195.385,19.9,1.8315,0.0,0.0,2.04,36.5,44.75,4294967.295,10989.974,11665.926,20.0,0.0,47.853213,3.54298,187.0,,,259.981056,500.023134,259.981056,238.76892000000004,469.920672,209.91157200000004,208.007848,373.0225246
2024-08-10 06:51:57+00:00,85.0,19.929,1.0,75.0,,372.0132,-195.6625,19.8,1.80819,0.0,0.0,2.04,36.5,44.75,4294967.295,10989.974,11665.946,20.0,0.0,47.853213,3.54298,187.0,,,259.981056,500.023134,259.981056,239.318235,469.920672,209.91157200000004,208.4839223,373.0225246
2024-08-10 06:51:58+00:00,85.0,19.929,1.0,75.0,,372.0426,-195.54,19.7,1.7982000000000002,0.0,0.0,2.04,36.5,44.75,4294967.295,10989.974,11665.966,19.5,0.0,47.853213,3.54298,187.0,,,259.981056,500.023134,259.981056,239.318235,469.920672,209.91157200000004,208.4839223,373.0225246
2024-08-10 06:51:59+00:00,85.0,19.929,1.0,75.04,,372.0071,-195.411,20.0,1.82484,0.0,0.0,2.04,36.5,44.75,4294967.295,10989.974,11665.988,20.0,0.0,47.853213,3.54298,187.0,,,259.981056,500.023134,259.981056,238.76892000000004,469.920672,209.91157200000004,208.007848,373.0225246
2024-08-10 06:52:00+00:00,85.0,19.929,1.0,75.10000000000001,,371.9648,-195.4205,20.0,1.82484,0.0,0.0,2.04,36.5,44.75,4294967.295,10989.974,11666.008,20.0,0.0,47.853213,3.54298,187.0,,,259.981056,500.023134,259.981056,238.76892000000004,469.920672,209.91157200000004,208.007848,373.0225246
2024-08-10 06:52:01+00:00,85.0,19.929,1.0,75.10000000000001,,371.9553,-195.4475,20.0,1.8181800000000004,0.0,0.0,2.04,36.5,44.75,4294967.295,10989.974,11666.028,20.0,0.0,47.853213,3.54298,188.0,,,259.981056,500.023134,259.981056,238.76892000000004,469.920672,209.91157200000004,208.007848,373.0225246
2024-08-10 06:52:02+00:00,85.0,19.929,1.0,75.13000000000001,,371.9175757575758,-195.5439394,20.0,1.8315,0.0,0.0,2.04,36.5,44.75,4294967.295,10989.974,11666.048,20.0,0.0,47.853213,3.54298,188.0,2443.464,,259.981056,500.023134,259.981056,238.76892000000004,469.920672,209.91157200000004,208.007848,373.0225246
2024-08-10 06:52:03+00:00,85.0,19.929,1.0,75.2,,371.97069306930695,-195.3405941,20.0,1.82484,0.0,0.0,2.04,36.5,44.75,4294967.295,10989.974,11666.068,20.0,0.0,47.853213,3.54298,188.0,,9453.84,259.981056,500.023134,259.981056,238.76892000000004,469.920672,209.91157200000004,208.007848,373.0225246
2024-08-10 06:52:04+00:00,85.0,19.929,1.0,75.2,,371.9784,-195.3915,20.0,1.8148500000000003,0.0,0.0,2.04,36.75,44.75,4294967.295,10989.974,11666.088,20.0,0.0,47.853213,3.54298,188.0,,,259.981056,500.023134,259.981056,238.76892000000004,469.920672,209.91157200000004,208.007848,373.0225246
2024-08-10 06:52:05+00:00,85.0,19.929,1.0,75.22,,371.9603,-195.437,20.0,1.82484,0.0,0.0,2.04,36.75,44.75,4294967.295,10989.974,11666.108,20.0,0.0,47.853213,3.54298,188.0,,,259.981056,500.023134,259.981056,238.76892000000004,469.920672,209.91157200000004,208.007848,373.0225246
2024-08-10 06:52:06+00:00,85.0,19.929,1.0,75.3,,371.9428,-195.232,20.0,1.82484,0.0,0.0,2.04,36.75,44.75,4294967.295,10989.974,11666.128,20.0,0.0,47.853213,3.54298,188.0,,,259.981056,500.023134,259.981056,238.76892000000004,469.920672,209.91157200000004,208.007848,373.0225246
2024-08-10 06:52:07+00:00,85.0,19.929,1.0,75.3,,371.9045,-195.2925,20.0,1.8148500000000003,0.0,0.0,2.04,36.75,44.75,4294967.295,10989.974,11666.148,20.0,0.0,47.853213,3.54298,188.0,,,259.981056,500.023134,259.981056,238.76892000000004,469.920672,209.91157200000004,208.007848,373.0225246
2024-08-10 06:52:08+00:00,85.0,19.929,1.0,75.31,,371.9061,-195.514,20.0,1.82817,0.0,0.0,2.04,36.75,44.75,4294967.295,10989.974,11666.168,20.0,0.0,47.853213,3.54298,188.0,,,259.981056,500.023134,259.981056,238.76892000000004,469.920672,209.91157200000004,208.007848,373.0225246
2024-08-10 06:52:09+00:00,85.0,19.929,1.0,75.4,,371.9293,-195.2715,20.0,1.8215100000000004,0.0,0.0,2.04,36.75,44.75,4294967.295,10989.974,11666.188,20.0,0.0,47.853213,3.54298,188.0,,,259.981056,500.023134,259.981056,238.76892000000004,469.920672,209.91157200000004,208.007848,373.0225246
2024-08-10 06:52:10+00:00,85.0,19.929,1.0,75.4,,372.034,-195.2175,20.0,1.8315,0.0,0.0,2.04,36.75,44.75,4294967.295,10989.974,11666.208,20.0,0.0,47.853213,3.54298,188.0,,,259.981056,500.023134,259.981056,238.76892000000004,469.920672,209.91157200000004,208.007848,373.0225246
2024-08-10 06:52:11+00:00,85.0,19.929,1.0,75.4,,372.0104,-195.231,20.0,1.82484,0.0,0.0,2.04,36.75,44.75,4294967.295,10989.974,11666.23,20.0,0.0,47.853213,3.54298,188.0,,,259.981056,500.023134,259.981056,238.76892000000004,469.920672,209.91157200000004,208.007848,373.0225246
2024-08-10 06:52:12+00:00,85.0,19.929,1.0,75.5,,371.9957,-195.2195,20.0,1.8181800000000004,0.0,0.0,2.04,36.75,45.0,4294967.295,10989.974,11666.248,20.0,0.0,47.853213,3.54298,188.0,,,259.981056,500.023134,259.981056,238.76892000000004,469.920672,209.91157200000004,208.007848,373.0225246
2024-08-10 06:52:13+00:00,85.0,19.929,1.0,75.5,,372.0146,-195.148,20.0,1.82484,0.0,0.0,2.04,36.75,45.0,4294967.295,10989.974,11666.27,20.0,0.0,47.853213,3.54298,188.0,,,259.981056,500.023134,259.981056,238.76892000000004,469.920672,209.91157200000004,208.007848,373.0225246
2024-08-10 06:52:14+00:00,85.0,19.929,1.0,75.5,,372.0377,-195.217,20.0,1.8148500000000003,0.0,0.0,2.04,36.75,45.0,4294967.295,10989.974,11666.29,20.0,0.0,47.853213,3.54298,188.0,2443.464,,259.981056,500.023134,259.981056,238.76892000000004,469.920672,209.91157200000004,208.007848,373.0225246
2024-08-10 06:52:15+00:00,85.0,19.929,1.0,75.60000000000001,,372.0122,-195.2875,20.0,1.8148500000000003,0.0,0.0,2.04,36.75,45.0,4294967.295,10989.974,11666.31,20.0,0.0,47.853213,3.54298,188.0,,9453.84,259.981056,500.023134,259.981056,238.76892000000004,469.920672,209.91157200000004,208.007848,373.0225246
2024-08-10 06:52:16+00:00,85.0,19.929,1.0,75.60000000000001,,371.95020000000005,-195.2405,20.0,1.8215100000000004,0.0,0.0,2.04,36.75,45.0,4294967.295,10989.974,11666.33,20.0,0.0,47.853213,3.54298,188.0,,,259.981056,500.023134,259.981056,238.76892000000004,469.920672,209.91157200000004,208.007848,373.0225246
2024-08-10 06:52:17+00:00,85.0,19.929,1.0,75.60000000000001,,371.9367,-195.1495,20.0,1.82484,0.0,0.0,2.04,36.75,45.0,4294967.295,10989.974,11666.35,20.0,0.0,47.853213,3.54298,189.0,,,259.981056,500.023134,259.981056,238.76892000000004,469.920672,209.91157200000004,208.007848,373.0225246
2024-08-10 06:52:18+00:00,85.0,19.929,1.0,75.69000000000001,,371.92910000000006,-195.276,20.0,1.82817,0.0,0.0,2.04,36.75,45.0,4294967.295,10989.974,11666.37,20.0,0.0,47.853213,3.54298,189.0,,,259.981056,500.023134,259.981056,238.76892000000004,469.920672,209.91157200000004,208.007848,373.0225246
2024-08-10 06:52:19+00:00,85.0,19.929,1.0,75.7,,371.93910000000005,-194.9715,19.9,1.82484,0.0,0.0,2.04,36.75,45.0,4294967.295,10989.974,11666.39,20.0,0.0,47.853213,3.54298,189.0,,,259.981056,500.023134,259.981056,238.219605,469.920672,209.91157200000004,207.4951526,373.0225246
2024-08-10 06:52:20+00:00,85.0,19.929,1.0,75.7,,371.9584,-194.98,19.7,1.8148500000000003,0.0,0.0,2.04,36.75,45.0,4294967.295,10989.974,11666.41,19.5,0.0,47.853213,3.54298,189.0,,,259.981056,500.023134,259.981056,238.219605,469.920672,209.91157200000004,207.4951526,373.0225246
2024-08-10 06:52:21+00:00,85.0,19.929,1.0,75.78,,371.9701,-195.319,19.6,1.82817,0.0,0.0,2.04,37.0,45.0,4294967.295,10989.974,11666.43,19.5,0.0,47.853213,3.54298,189.0,,,259.981056,500.023134,259.981056,238.76892000000004,469.920672,209.91157200000004,208.007848,373.0225246
2024-08-10 06:52:22+00:00,85.0,19.929,1.0,75.8,,371.9314,-195.1165,19.5,1.8215100000000004,0.0,0.0,2.04,37.0,45.0,4294967.295,10989.974,11666.452,19.5,0.0,47.853213,3.54298,189.0,,,259.981056,500.023134,259.981056,238.76892000000004,469.920672,209.91157200000004,208.007848,373.0225246
2024-08-10 06:52:23+00:00,85.0,19.929,1.0,75.8,,371.9229,-195.183,19.6,1.82817,0.0,0.0,2.04,37.0,45.0,4294967.295,10989.974,11666.47,19.5,0.0,47.853213,3.54298,189.0,,,259.981056,500.023134,259.981056,238.76892000000004,469.920672,209.91157200000004,208.007848,373.0225246
2024-08-10 06:52:24+00:00,85.0,19.929,1.0,75.87,,371.8966,-195.316,19.6,1.8315,0.0,0.0,2.04,37.0,45.0,4294967.295,10989.974,11666.492,19.5,0.0,47.853213,3.54298,189.0,,,259.981056,500.023134,259.981056,239.318235,469.920672,209.91157200000004,208.4839223,373.0225246
2024-08-10 06:52:25+00:00,85.0,19.929,1.0,75.9,,371.9354,-195.2585,19.6,1.8215100000000004,0.0,0.0,2.04,37.0,45.0,4294967.295,10989.974,11666.512,19.5,0.0,47.853213,3.54298,190.0,,,259.981056,500.023134,259.981056,239.318235,469.920672,209.91157200000004,208.4839223,373.0225246
2024-08-10 06:52:26+00:00,85.0,19.929,1.0,75.9,,372.0299,-195.006,19.6,1.82484,0.0,0.0,2.04,37.0,45.0,4294967.295,10989.974,11666.532,19.5,0.0,47.853213,3.54298,190.0,2443.464,,259.981056,500.023134,259.981056,238.76892000000004,469.920672,209.91157200000004,208.007848,373.0225246
2024-08-10 06:52:27+00:00,85.0,19.929,1.0,75.96000000000001,,372.0,-194.999,19.6,1.8215100000000004,0.0,0.0,2.04,37.0,45.0,4294967.295,10989.974,11666.552,20.0,0.0,47.853213,3.54298,190.0,,9453.84,259.981056,500.023134,259.981056,238.76892000000004,469.920672,209.91157200000004,208.007848,373.0225246
2024-08-10 06:52:28+00:00,85.0,19.929,1.0,76.0,,371.9989,-195.198,19.7,1.80819,0.0,0.0,2.04,37.0,45.0,4294967.295,10989.974,11666.572,20.0,0.0,47.853213,3.54298,190.0,,,259.981056,500.023134,259.981056,238.76892000000004,469.920672,209.91157200000004,208.007848,373.0225246
2024-08-10 06:52:29+00:00,85.0,19.929,1.0,76.0,,371.9999,-195.0185,19.6,1.8315,0.0,0.0,2.04,37.0,45.0,4294967.295,10989.974,11666.592,19.5,0.0,47.853213,3.54298,190.0,,,259.981056,500.023134,259.981056,238.219605,469.920672,209.91157200000004,207.4951526,373.0225246
2024-08-10 06:52:30+00:00,85.0,19.929,1.0,76.05,,372.0388,-195.008,19.5,1.82817,0.0,0.0,2.04,37.0,45.25,4294967.295,10989.974,11666.612,19.5,0.0,47.853213,3.54298,190.0,,,259.981056,500.023134,259.981056,237.67029,469.920672,209.91157200000004,206.9824572,373.0225246
2024-08-10 06:52:31+00:00,85.0,19.929,1.0,76.10000000000001,,371.99660000000006,-194.982,19.5,1.8315,0.0,0.0,2.04,37.0,45.25,4294967.295,10989.974,11666.632,19.5,0.0,47.853213,3.54298,190.0,,,259.981056,500.023134,259.981056,237.67029,469.920672,209.91157200000004,206.9824572,373.0225246
2024-08-10 06:52:32+00:00,85.0,19.929,1.0,76.10000000000001,,371.9586,-194.9805,19.5,1.8181800000000004,0.0,0.0,2.04,37.0,45.25,4294967.295,10989.974,11666.652,19.5,0.0,47.853213,3.54298,190.0,,,259.981056,500.023134,259.981056,237.67029,469.920672,209.91157200000004,206.9824572,373.0225246
2024-08-10 06:52:33+00:00,85.0,19.929,1.0,76.14000000000001,,371.9412,-194.964,19.5,1.8181800000000004,0.0,0.0,2.04,37.0,45.25,4294967.295,10989.974,11666.672,19.5,0.0,47.853213,3.54298,190.0,,,259.981056,500.023134,259.981056,237.67029,469.920672,209.91157200000004,206.9824572,373.0225246
2024-08-10 06:52:34+00:00,85.0,19.929,1.0,76.2,,371.9075,-194.744,19.5,1.82817,0.0,0.0,2.04,37.0,45.25,4294967.295,10989.974,11666.692,19.5,0.0,47.853213,3.54298,190.0,,,259.981056,500.023134,259.981056,238.219605,469.920672,209.91157200000004,207.4951526,373.0225246
2024-08-10 06:52:35+00:00,85.0,19.929,1.0,76.2,,371.9609,-194.89,19.5,1.82817,0.0,0.0,2.04,37.0,45.25,4294967.295,10989.974,11666.712,19.5,0.0,47.853213,3.54298,190.0,,,259.981056,500.023134,259.981056,238.76892000000004,469.920672,209.91157200000004,208.007848,373.0225246
2024-08-10 06:52:36+00:00,85.0,19.929,1.0,76.22999999999999,,371.9698,-194.755,19.5,1.8181800000000004,0.0,0.0,2.04,37.0,45.25,4294967.295,10989.974,11666.734,19.5,0.0,47.853213,3.54298,190.0,,,259.981056,500.023134,259.981056,238.76892000000004,469.920672,209.91157200000004,208.007848,373.0225246
2024-08-10 06:52:37+00:00,85.0,19.929,1.0,76.3,,371.9554,-194.7055,19.5,1.82484,0.0,0.0,2.04,37.0,45.25,4294967.295,10989.974,11666.752,19.5,0.0,47.853213,3.54298,190.0,,,259.981056,500.023134,259.981056,238.76892000000004,469.920672,209.91157200000004,208.007848,373.0225246
2024-08-10 06:52:38+00:00,85.0,19.929,1.0,76.3,,371.9232,-194.6965,19.5,1.82484,0.0,0.0,2.04,37.25,45.25,4294967.295,10989.974,11666.774,19.5,0.0,47.853213,3.54298,190.0,2443.464,,259.981056,500.023134,259.981056,238.219605,469.920672,209.91157200000004,207.4951526,373.0225246
2024-08-10 06:52:39+00:00,85.0,19.929,1.0,76.32000000000001,,371.8934,-194.452,19.5,1.82484,0.0,0.0,2.04,37.25,45.25,4294967.295,10989.974,11666.794,19.5,0.0,47.853213,3.54298,190.0,,9453.84,259.981056,500.023134,259.981056,237.67029,469.920672,209.91157200000004,206.9824572,373.0225246
2024-08-10 06:52:40+00:00,85.0,19.929,1.0,76.4,,371.8656,-194.503,19.5,1.8315,0.0,0.0,2.04,37.25,45.25,4294967.295,10989.974,11666.814,19.5,0.0,47.853213,3.54298,190.0,,,259.981056,500.023134,259.981056,237.67029,469.920672,209.91157200000004,206.9824572,373.0225246
2024-08-10 06:52:41+00:00,85.0,19.916,1.0,76.4,,371.9056,-194.364,19.5,1.8215100000000004,0.0,0.0,2.04,37.25,45.25,4294967.295,10989.974,11666.834,19.5,0.0,47.853213,3.54298,191.0,,,259.981056,500.023134,259.981056,237.67029,469.920672,209.91157200000004,206.9824572,373.0225246
2024-08-10 06:52:42+00:00,85.0,19.916,1.0,76.41,,372.0096,-194.4735,19.5,1.82817,0.0,0.0,2.04,37.25,45.25,4294967.295,10989.974,11666.854,19.5,0.0,47.853213,3.54298,191.0,,,259.981056,500.023134,259.981056,237.67029,469.920672,209.91157200000004,206.9824572,373.0225246
2024-08-10 06:52:43+00:00,85.0,19.916,1.0,76.5,,371.9833,-194.5745,19.5,1.82817,0.0,0.0,2.04,37.25,45.25,4294967.295,10989.974,11666.872,19.5,0.0,47.853213,3.54298,191.0,,,259.981056,500.023134,259.981056,238.219605,469.920672,209.91157200000004,207.4951526,373.0225246
2024-08-10 06:52:44+00:00,85.0,19.916,1.0,76.5,,371.9738,-194.5455,19.5,1.8181800000000004,0.0,0.0,2.04,37.25,45.25,4294967.295,10989.974,11666.894,19.5,0.0,47.853213,3.54298,191.0,,,259.981056,500.023134,259.981056,238.219605,469.920672,209.91157200000004,207.4951526,373.0225246
2024-08-10 06:52:45+00:00,85.0,19.916,1.0,76.5,,371.959798,-194.270202,19.5,1.8215100000000004,0.0,0.0,2.04,37.25,45.25,4294967.295,10989.974,11666.914,19.5,0.0,47.853213,3.54298,191.0,,,259.981056,500.023134,259.981056,237.67029,469.920672,209.91157200000004,206.9824572,373.0225246
2024-08-10 06:52:46+00:00,85.0,19.916,1.0,76.60000000000001,,372.0266,-194.4315,19.5,1.82817,0.0,0.0,2.04,37.25,45.25,4294967.295,10989.974,11666.934,19.5,0.0,47.853213,3.54298,191.0,,,259.981056,500.023134,259.981056,237.67029,469.920672,209.91157200000004,206.9824572,373.0225246
2024-08-10 06:52:47+00:00,85.0,19.916,1.0,76.60000000000001,,371.9838,-194.453,19.5,1.82817,0.0,0.0,2.04,37.25,45.5,4294967.295,10989.974,11666.954,19.5,0.0,47.853213,3.54298,191.0,,,259.981056,500.023134,259.981056,237.67029,469.920672,209.91157200000004,206.9824572,373.0225246
2024-08-10 06:52:48+00:00,85.0,19.916,1.0,76.60000000000001,,371.9363,-194.238,19.5,1.8215100000000004,0.0,0.0,2.04,37.25,45.5,4294967.295,10989.974,11666.974,19.5,0.0,47.853213,3.54298,191.0,,,259.981056,500.023134,259.981056,237.67029,469.920672,209.91157200000004,206.9824572,373.0225246
2024-08-10 06:52:49+00:00,85.0,19.916,1.0,76.69000000000001,,371.9043,-194.2165,19.6,1.8315,0.0,0.0,2.04,37.25,45.5,4294967.295,10989.974,11666.994,20.0,0.0,47.853213,3.54298,192.0,,,259.981056,500.023134,259.981056,237.67029,469.920672,209.91157200000004,206.9824572,373.0225246
2024-08-10 06:52:50+00:00,85.0,19.916,1.0,76.7,,371.8928,-194.186,19.5,1.82817,0.0,0.0,2.04,37.25,45.5,4294967.295,10989.974,11667.014,19.5,0.0,47.853213,3.54298,192.0,2443.464,,259.981056,500.023134,259.981056,237.67029,469.920672,209.91157200000004,206.9824572,373.0225246
2024-08-10 06:52:51+00:00,85.0,19.916,1.0,76.7,,371.9347,-194.173,19.6,1.8215100000000004,0.0,0.0,2.04,37.25,45.5,4294967.295,10989.974,11667.034,19.5,0.0,47.853213,3.54298,192.0,,9453.84,259.981056,500.023134,259.981056,237.67029,469.920672,209.91157200000004,206.9824572,373.0225246
2024-08-10 06:52:52+00:00,85.0,19.916,1.0,76.78,,371.9288,-194.1785,19.7,1.8315,0.0,0.0,2.04,37.25,45.5,4294967.295,10989.974,11667.054,19.5,0.0,47.853213,3.54298,192.0,,,259.981056,500.023134,259.981056,237.67029,469.920672,209.91157200000004,206.9824572,373.0225246
2024-08-10 06:52:53+00:00,85.0,19.916,1.0,76.80000000000001,,371.941,-194.143,19.8,1.82817,0.0,0.0,2.04,37.5,45.5,4294967.295,10989.974,11667.076,19.5,0.0,47.853213,3.54298,192.0,,,259.981056,500.023134,259.981056,237.67029,469.920672,209.91157200000004,206.9824572,373.0225246
2024-08-10 06:52:54+00:00,85.0,19.916,1.0,76.80000000000001,,371.9138,-194.1435,19.7,1.8215100000000004,0.0,0.0,2.04,37.5,45.5,4294967.295,10989.974,11667.094,19.5,0.0,47.853213,3.54298,192.0,,,259.981056,500.023134,259.981056,237.67029,469.920672,209.91157200000004,206.9824572,373.0225246
2024-08-10 06:52:55+00:00,85.0,19.916,1.0,76.87,,371.8887,-194.157,19.7,1.8148500000000003,0.0,0.0,2.04,37.5,45.5,4294967.295,10989.974,11667.114,20.0,0.0,47.853213,3.54298,192.0,,,259.981056,500.023134,259.981056,237.67029,469.920672,209.91157200000004,206.9824572,373.0225246
2024-08-10 06:52:56+00:00,85.0,19.916,1.0,76.9,,371.8661,-194.155,19.6,1.82817,0.0,0.0,2.04,37.5,45.5,4294967.295,10989.974,11667.134,19.5,0.0,47.853213,3.54298,192.0,,,259.981056,500.023134,259.981056,237.67029,469.920672,209.91157200000004,206.9824572,373.0225246
2024-08-10 06:52:57+00:00,85.0,19.916,1.0,76.9,,371.9103,-194.043,19.8,1.8215100000000004,0.0,0.0,2.04,37.5,45.5,4294967.295,10989.974,11667.154,19.5,0.0,47.853213,3.54298,193.0,,,259.981056,500.023134,259.981056,237.67029,469.920672,209.91157200000004,206.9824572,373.0225246
2024-08-10 06:52:58+00:00,85.0,19.916,1.0,76.96000000000001,,371.9878,-193.755,19.8,1.8215100000000004,0.0,0.0,2.04,37.5,45.5,4294967.295,10989.974,11667.174,19.5,0.0,47.853213,3.54298,193.0,,,259.981056,500.023134,259.981056,237.67029,469.920672,209.91157200000004,206.9824572,373.0225246
2024-08-10 06:52:59+00:00,85.0,19.916,1.0,77.0,,371.961,-193.7615,19.7,1.82817,0.0,0.0,2.04,37.5,45.5,4294967.295,10989.974,11667.194,19.5,0.0,47.853213,3.54298,193.0,,,259.981056,500.023134,259.981056,237.67029,469.920672,209.91157200000004,206.9824572,373.0225246
2024-08-10 06:53:00+00:00,85.0,19.916,1.0,77.0,,371.9553,-193.6925,19.9,1.8215100000000004,0.0,0.0,2.04,37.5,45.5,4294967.295,10989.974,11667.214,20.0,0.0,47.853213,3.54298,193.0,,,259.981056,500.023134,259.981056,237.67029,469.920672,209.91157200000004,206.9824572,373.0225246
2024-08-10 06:53:01+00:00,85.0,19.916,1.0,77.05,,371.9503,-193.464,19.9,1.8215100000000004,0.0,0.0,2.04,37.5,45.5,4294967.295,10989.974,11667.236,20.0,0.0,47.853213,3.54298,193.0,,,259.981056,500.023134,259.981056,237.120975,469.920672,209.91157200000004,206.4697618,373.0225246
2024-08-10 06:53:02+00:00,85.0,19.916,1.0,77.10000000000001,,371.9877,-193.401,19.9,1.8315,0.0,0.0,2.04,37.5,45.5,4294967.295,10989.974,11667.254,20.0,0.0,47.853213,3.54298,193.0,2443.464,,259.981056,500.023134,259.981056,236.57166,469.920672,209.91157200000004,205.9570664,373.0225246
2024-08-10 06:53:03+00:00,85.0,19.916,1.0,77.10000000000001,,371.9372,-193.4075,20.0,1.82817,0.0,0.0,2.04,37.5,45.5,4294967.295,10989.974,11667.276,20.0,0.0,47.853213,3.54298,193.0,,9453.84,259.981056,500.023134,259.981056,236.57166,469.920672,209.91157200000004,205.9570664,373.0225246
2024-08-10 06:53:04+00:00,85.0,19.916,1.0,77.14000000000001,,371.9017,-193.4125,20.0,1.82817,0.0,0.0,2.04,37.5,45.75,4294967.295,10989.974,11667.294,20.0,0.0,47.853213,3.54298,193.0,,,259.981056,500.023134,259.981056,236.57166,469.920672,209.91157200000004,205.9570664,373.0225246
2024-08-10 06:53:05+00:00,85.0,19.916,1.0,77.2,,371.89,-193.395,19.9,1.82484,0.0,0.0,2.04,37.5,45.75,4294967.295,10989.974,11667.314,20.0,0.0,47.853213,3.54298,193.0,,,259.981056,500.023134,259.981056,236.57166,469.920672,209.91157200000004,205.9570664,373.0225246
2024-08-10 06:53:06+00:00,85.0,19.916,1.0,77.2,,371.8572,-193.4205,19.9,1.82484,0.0,0.0,2.04,37.5,45.75,4294967.295,10989.974,11667.334,20.0,0.0,47.853213,3.54298,193.0,,,259.981056,500.023134,259.981056,236.57166,469.920672,209.91157200000004,205.9570664,373.0225246
2024-08-10 06:53:07+00:00,85.0,19.916,1.0,77.23,,371.8993,-193.4345,20.0,1.82484,0.0,0.0,2.04,37.5,45.75,4294967.295,10989.974,11667.354,20.0,0.0,47.853213,3.54298,193.0,,,259.981056,500.023134,259.981056,236.57166,469.920672,209.91157200000004,205.9570664,373.0225246
2024-08-10 06:53:08+00:00,85.0,19.916,1.0,77.30000000000001,,371.9027,-193.3955,20.0,1.82817,0.0,0.0,2.04,37.5,45.75,4294967.295,10989.974,11667.374,20.0,0.0,47.853213,3.54298,193.0,,,259.981056,500.023134,259.981056,236.57166,469.920672,209.91157200000004,205.9570664,373.0225246
2024-08-10 06:53:09+00:00,85.0,19.916,1.0,77.30000000000001,,371.9097,-192.9235,20.0,1.8148500000000003,0.0,0.0,2.04,37.5,45.75,4294967.295,10989.974,11667.394,20.0,0.0,47.853213,3.54298,193.0,,,259.981056,500.023134,259.981056,236.57166,469.920672,209.91157200000004,205.9570664,373.0225246
2024-08-10 06:53:10+00:00,85.0,19.916,1.0,77.31000000000002,,371.88020000000006,-193.3945,20.0,1.8315,0.0,0.0,2.04,37.5,45.75,4294967.295,10989.974,11667.414,20.0,0.0,47.853213,3.54298,193.0,,,259.981056,500.023134,259.981056,236.57166,469.920672,209.91157200000004,205.9570664,373.0225246
2024-08-10 06:53:11+00:00,85.0,19.916,1.0,77.4,,371.8335,-192.468,19.9,1.8315,0.0,0.0,2.04,37.75,45.75,4294967.295,10989.974,11667.434,20.0,0.0,47.853213,3.54298,193.0,,,259.981056,500.023134,259.981056,235.47303,469.920672,209.91157200000004,204.9682967,373.0225246
2024-08-10 06:53:12+00:00,85.0,19.916,1.0,77.4,,371.7722,-191.4755,19.9,1.8315,0.0,0.0,2.02,37.75,45.75,4294967.295,10989.974,11667.454,20.0,0.0,47.853213,3.54298,193.0,,,259.981056,500.023134,259.981056,234.3744,469.920672,209.91157200000004,203.979527,372.5098292
2024-08-10 06:53:13+00:00,85.0,19.916,1.0,77.4,,371.8279,-192.5025,20.0,1.8315,0.0,0.0,2.02,37.75,45.75,4294967.295,10989.974,11667.474,20.0,0.0,47.853213,3.54298,193.0,,,259.981056,500.023134,259.981056,235.47303,469.920672,209.91157200000004,204.9682967,372.5098292
2024-08-10 06:53:14+00:00,85.0,19.916,1.0,77.5,,371.9609,-193.0835,20.0,1.82817,0.0,0.0,2.02,37.75,45.75,4294967.295,10989.974,11667.494,20.0,0.0,47.853213,3.54298,193.0,2443.464,,259.981056,500.023134,259.981056,236.57166,469.920672,209.91157200000004,205.9570664,373.0225246
2024-08-10 06:53:15+00:00,85.0,19.916,1.0,77.5,,371.94340000000005,-192.974,20.0,1.8315,0.0,0.0,2.02,37.75,45.75,4294967.295,10989.974,11667.514,20.0,0.0,47.853213,3.54298,194.0,,9453.84,259.981056,500.023134,259.981056,236.57166,469.920672,209.91157200000004,205.9570664,373.0225246
2024-08-10 06:53:16+00:00,85.0,19.916,1.0,77.5,,371.9288,-193.2545,20.0,1.8315,0.0,0.0,2.02,37.75,45.75,4294967.295,10989.974,11667.534,20.0,0.0,47.853213,3.54298,194.0,,,259.981056,500.023134,259.981056,236.57166,469.920672,209.91157200000004,205.9570664,373.0225246
2024-08-10 06:53:17+00:00,85.0,19.916,1.0,77.59,,371.9167,-192.849,20.0,1.8181800000000004,0.0,0.0,2.02,37.75,45.75,4294967.295,10989.974,11667.554,20.0,0.0,47.853213,3.54298,194.0,,,259.981056,500.023134,259.981056,236.57166,469.920672,209.91157200000004,205.9570664,373.0225246
2024-08-10 06:53:18+00:00,85.0,19.916,1.0,77.60000000000001,,371.9636,-192.997,20.0,1.82817,0.0,0.0,2.02,37.75,45.75,4294967.295,10989.974,11667.574,20.0,0.0,47.853213,3.54298,194.0,,,259.981056,500.023134,259.981056,236.57166,469.920672,209.91157200000004,205.9570664,373.0225246
2024-08-10 06:53:19+00:00,85.0,19.916,1.0,77.60000000000001,,371.9401,-193.1535,20.0,1.8215100000000004,0.0,0.0,2.02,37.75,45.75,4294967.295,10989.974,11667.594,20.0,0.0,47.853213,3.54298,194.0,,,259.981056,500.023134,259.981056,236.57166,469.920672,209.91157200000004,205.9570664,373.0225246
2024-08-10 06:53:20+00:00,85.0,19.916,1.0,77.67,,371.8874,-192.779,20.0,1.8181800000000004,0.0,0.0,2.02,37.75,45.75,4294967.295,10989.974,11667.614,20.0,0.0,47.853213,3.54298,194.0,,,259.981056,500.023134,259.981056,236.57166,469.920672,209.91157200000004,205.9570664,373.0225246
2024-08-10 06:53:21+00:00,85.0,19.916,1.0,77.7,,371.8876,-193.0085,20.0,1.82484,0.0,0.0,2.02,37.75,45.75,4294967.295,10989.974,11667.634,20.0,0.0,47.853213,3.54298,194.0,,,259.981056,500.023134,259.981056,235.47303,469.920672,209.91157200000004,204.9682967,373.0225246
2024-08-10 06:53:22+00:00,85.0,19.916,1.0,77.7,,371.8768,-193.5625,20.0,1.82817,0.0,0.0,2.02,37.75,46.0,4294967.295,10989.974,11667.654,20.0,0.0,47.853213,3.54298,194.0,,,259.981056,500.023134,259.981056,233.27577,469.920672,209.91157200000004,202.9907573,373.0225246
2024-08-10 06:53:23+00:00,85.0,19.916,1.0,77.76000000000002,,371.8743,-192.3225,20.0,1.8215100000000004,0.0,0.0,2.02,37.75,46.0,4294967.295,10989.974,11667.672,20.0,0.0,47.853213,3.54298,195.0,,,259.981056,500.023134,259.981056,232.17714,469.920672,209.91157200000004,202.0019876,373.0225246
2024-08-10 06:53:24+00:00,85.0,19.916,1.0,77.80000000000001,,371.8631,-191.882,20.0,1.8315,0.0,0.0,2.02,37.75,46.0,4294967.295,10989.974,11667.694,20.0,0.0,47.853213,3.54298,195.0,,,259.981056,500.023134,259.981056,231.07851,469.920672,209.91157200000004,200.9765968,372.5098292
2024-08-10 06:53:25+00:00,85.0,19.916,1.0,77.80000000000001,,371.8326,-191.002,20.0,1.8315,0.0,0.0,2.02,37.75,46.0,4294967.295,10989.974,11667.712,20.0,0.0,47.853213,3.54298,195.0,,,259.981056,500.023134,259.981056,229.97988,469.920672,209.91157200000004,199.951206,371.9971338
2024-08-10 06:53:26+00:00,85.0,19.916,1.0,77.85000000000001,,371.8015,-191.5145,20.0,1.82817,0.0,0.0,2.02,37.75,46.0,4294967.295,10989.974,11667.732,20.0,0.0,47.853213,3.54298,195.0,2443.464,,259.981056,500.023134,259.981056,229.97988,469.920672,209.91157200000004,199.951206,371.9971338
2024-08-10 06:53:27+00:00,85.0,19.916,1.0,77.9,,371.8036,-192.136,20.0,1.8315,0.0,0.0,2.02,37.75,46.0,4294967.295,10989.974,11667.752,20.0,0.0,47.853213,3.54298,195.0,,9453.84,259.981056,500.023134,259.981056,229.97988,469.920672,209.91157200000004,199.951206,371.9971338
2024-08-10 06:53:28+00:00,85.0,19.916,1.0,77.9,,371.786,-191.946,20.0,1.82817,0.0,0.0,2.02,38.0,46.0,4294967.295,10989.974,11667.772,20.0,0.0,47.853213,3.54298,195.0,,,259.981056,500.023134,259.981056,229.97988,469.920672,209.91157200000004,199.951206,371.9971338
2024-08-10 06:53:29+00:00,85.0,19.916,1.0,77.93,,371.7949,-191.2845,20.0,1.8315,0.0,0.0,2.02,37.75,46.0,4294967.295,10989.974,11667.792,20.0,0.0,47.853213,3.54298,195.0,,,259.981056,500.023134,259.981056,229.97988,469.920672,209.91157200000004,199.951206,371.9971338
2024-08-10 06:53:30+00:00,85.0,19.916,1.0,78.0,,371.8912,-191.153,20.0,1.82817,0.0,0.0,2.02,37.75,46.0,4294967.295,10989.974,11667.812,20.0,0.0,47.853213,3.54298,195.0,,,259.981056,500.023134,259.981056,231.07851,469.920672,209.91157200000004,200.9765968,371.9971338
2024-08-10 06:53:31+00:00,85.0,19.916,1.0,78.0,,371.896,-191.7285,20.0,1.82817,0.0,0.0,2.02,37.75,46.0,4294967.295,10989.974,11667.832,20.0,0.0,47.853213,3.54298,196.0,,,259.981056,500.023134,259.981056,232.726455,469.920672,209.91157200000004,202.4780619,371.9971338
2024-08-10 06:53:32+00:00,85.0,19.916,1.0,78.02000000000001,,371.88020000000006,-191.933,20.0,1.82817,0.0,0.0,2.02,37.75,46.0,4294967.295,10989.974,11667.852,20.0,0.0,47.853213,3.54298,196.0,,,259.981056,500.023134,259.981056,233.27577,469.920672,209.91157200000004,202.9541362,371.9971338
2024-08-10 06:53:33+00:00,85.0,19.916,1.0,78.10000000000001,,371.9037,-192.1265,20.0,1.8315,0.0,0.0,2.02,37.75,46.0,4294967.295,10989.974,11667.872,20.0,0.0,47.853213,3.54298,196.0,,,259.981056,500.023134,259.981056,233.27577,469.920672,209.91157200000004,202.9541362,371.9971338
2024-08-10 06:53:34+00:00,85.0,19.916,1.0,78.10000000000001,,371.9289,-191.7795,20.0,1.82817,0.0,0.0,2.02,37.75,46.0,4294967.295,10989.974,11667.892,20.0,0.0,47.853213,3.54298,196.0,,,259.981056,500.023134,259.981056,233.27577,469.920672,209.91157200000004,202.9541362,371.9971338
2024-08-10 06:53:35+00:00,85.0,19.916,1.0,78.10000000000001,,371.8844,-191.3825,20.0,1.8315,0.0,0.0,2.02,37.75,46.0,4294967.295,10989.974,11667.912,20.0,0.0,47.853213,3.54298,196.0,,,259.981056,500.023134,259.981056,233.825085,469.920672,209.91157200000004,203.4668316,371.9971338
2024-08-10 06:53:36+00:00,85.0,19.916,1.0,78.2,,371.851,-191.971,20.0,1.8315,0.0,0.0,2.02,37.75,46.0,4294967.295,10989.974,11667.93,20.0,0.0,47.853213,3.54298,196.0,,,259.981056,500.023134,259.981056,234.3744,469.920672,209.91157200000004,203.979527,372.5098292
2024-08-10 06:53:37+00:00,85.0,19.916,1.0,78.2,,371.83380000000005,-191.977,20.0,1.82817,0.0,0.0,2.02,37.75,46.0,4294967.295,10989.974,11667.952,20.0,0.0,47.853213,3.54298,196.0,,,259.981056,500.023134,259.981056,234.3744,469.920672,209.91157200000004,203.979527,373.0225246
2024-08-10 06:53:38+00:00,85.0,19.916,1.0,78.2,,371.8096,-191.9455,20.0,1.8215100000000004,0.0,0.0,2.0,37.75,46.0,4294967.295,10989.974,11667.97,20.0,0.0,47.853213,3.54298,196.0,2443.464,,259.981056,500.023134,259.981056,234.3744,469.920672,209.91157200000004,203.979527,373.0225246
2024-08-10 06:53:39+00:00,85.0,19.916,1.0,78.29,,371.8656,-192.0045,20.0,1.82817,0.0,0.0,2.0,38.0,46.0,4294967.295,10989.974,11667.992,20.0,0.0,47.853213,3.54298,196.0,,9453.84,259.981056,500.023134,259.981056,234.3744,469.920672,209.91157200000004,203.979527,372.5098292
2024-08-10 06:53:40+00:00,85.0,19.916,1.0,78.30000000000001,,371.877,-192.361,20.0,1.8215100000000004,0.0,0.0,2.0,38.0,46.25,4294967.295,10989.974,11668.01,20.0,0.0,47.853213,3.54298,196.0,,,259.981056,500.023134,259.981056,234.3744,469.920672,209.91157200000004,203.979527,372.5098292
2024-08-10 06:53:41+00:00,85.0,19.916,1.0,78.30000000000001,,371.8616,-192.134,20.0,1.8315,0.0,0.0,2.0,38.0,46.25,4294967.295,10989.974,11668.03,20.0,0.0,47.853213,3.54298,196.0,,,259.981056,500.023134,259.981056,234.3744,469.920672,209.91157200000004,203.979527,372.5098292
2024-08-10 06:53:42+00:00,85.0,19.916,1.0,78.38000000000001,,371.8441,-192.416,20.0,1.82484,0.0,0.0,2.0,38.0,46.25,4294967.295,10989.974,11668.05,20.0,0.0,47.853213,3.54298,196.0,,,259.981056,500.023134,259.981056,234.3744,469.920672,209.91157200000004,203.979527,372.5098292
2024-08-10 06:53:43+00:00,85.0,19.916,1.0,78.4,,371.8166000000001,-191.9955,20.0,1.82817,0.0,0.0,2.0,38.0,46.25,4294967.295,10989.974,11668.07,20.0,0.0,47.853213,3.54298,196.0,,,259.981056,500.023134,259.981056,234.3744,469.920672,209.91157200000004,203.979527,373.0225246
2024-08-10 06:53:44+00:00,85.0,19.916,1.0,78.4,,371.80550000000005,-191.954,20.0,1.82484,0.0,0.0,2.0,38.0,46.25,4294967.295,10989.974,11668.09,20.0,0.0,47.853213,3.54298,196.0,,,259.981056,500.023134,259.981056,234.3744,469.920672,209.91157200000004,203.979527,373.0225246
2024-08-10 06:53:45+00:00,85.0,19.916,1.0,78.46000000000001,,371.8329,-191.9505,20.0,1.8181800000000004,0.0,0.0,2.0,38.0,46.25,4294967.295,10989.974,11668.11,20.0,0.0,47.853213,3.54298,196.0,,,259.981056,500.023134,259.981056,234.3744,469.920672,209.91157200000004,203.979527,373.0225246
2024-08-10 06:53:46+00:00,85.0,19.916,1.0,78.5,,371.9261,-191.7725,20.0,1.8315,0.0,0.0,2.0,38.0,46.25,4294967.295,10989.974,11668.13,20.0,0.0,47.853213,3.54298,196.0,,,259.981056,500.023134,259.981056,234.3744,469.920672,209.91157200000004,203.979527,372.5098292
2024-08-10 06:53:47+00:00,85.0,19.916,1.0,78.5,,371.9138,-191.926,20.0,1.8181800000000004,0.0,0.0,2.0,38.0,46.25,4294967.295,10989.974,11668.148,20.0,0.0,47.853213,3.54298,197.0,,,259.981056,500.023134,259.981056,234.3744,469.920672,209.91157200000004,203.979527,372.5098292
2024-08-10 06:53:48+00:00,85.0,19.916,1.0,78.55,,371.9029,-191.941,20.0,1.82484,0.0,0.0,2.0,38.0,46.25,4294967.295,10989.974,11668.168,20.0,0.0,47.853213,3.54298,197.0,,,259.981056,500.023134,259.981056,234.3744,469.920672,209.91157200000004,203.979527,373.0225246
2024-08-10 06:53:49+00:00,85.0,19.916,1.0,78.60000000000001,,371.9556,-192.8705,20.0,1.82484,0.0,0.0,2.0,38.0,46.25,4294967.295,10989.974,11668.188,20.0,0.0,47.853214,3.542981,197.0,,,259.981056,500.023134,259.981056,234.3744,469.920672,209.91157200000004,203.979527,373.0225246
2024-08-10 06:53:50+00:00,85.0,19.916,1.0,78.60000000000001,,372.0093,-193.192,20.0,1.8215100000000004,0.0,0.0,2.0,38.25,46.25,4294967.295,10989.974,11668.208,20.0,0.0,47.853214,3.542981,197.0,2443.464,,259.981056,500.023134,259.981056,233.27577,469.920672,209.91157200000004,202.9907573,373.0225246
2024-08-10 06:53:51+00:00,85.0,19.916,1.0,78.63000000000001,,371.8972,-191.6165,20.0,1.82484,0.0,0.0,2.0,38.25,46.25,4294967.295,10989.974,11668.228,20.0,0.0,47.853214,3.542981,197.0,,9453.84,259.981056,500.023134,259.981056,231.627825,469.920672,209.91157200000004,201.4892922,373.0225246
2024-08-10 06:53:52+00:00,85.0,19.916,1.0,78.7,,371.8413,-191.1975,20.0,1.8315,0.0,0.0,2.0,38.25,46.25,4294967.295,10989.974,11668.248,20.0,0.0,47.853214,3.542981,197.0,,,259.981056,500.023134,259.981056,230.529195,469.920672,209.91157200000004,200.4639014,372.5098292
2024-08-10 06:53:53+00:00,85.0,19.916,1.0,78.7,,371.8228,-190.927,20.0,1.8315,0.0,0.0,2.0,38.25,46.25,4294967.295,10989.974,11668.268,20.0,0.0,47.853214,3.542981,197.0,,,259.981056,500.023134,259.981056,229.97988,469.920672,209.91157200000004,199.951206,371.9971338
2024-08-10 06:53:54+00:00,85.0,19.916,1.0,78.72,,371.7758,-190.821,20.0,1.8315,0.0,0.0,2.0,38.25,46.25,4294967.295,10989.974,11668.288,20.0,0.0,47.853214,3.542981,197.0,,,259.981056,500.023134,259.981056,229.97988,469.920672,209.91157200000004,199.951206,371.9971338
2024-08-10 06:53:55+00:00,85.0,19.916,1.0,78.80000000000001,,371.8205,-190.8085,20.0,1.8315,0.0,0.0,2.0,38.25,46.25,4294967.295,10989.974,11668.306,20.0,0.0,47.853214,3.542981,198.0,,,259.981056,500.023134,259.981056,229.97988,469.920672,209.91157200000004,199.951206,371.9971338
2024-08-10 06:53:56+00:00,85.0,19.9147,1.0,78.80000000000001,,371.7955,-189.7385,20.0,1.8315,0.0,0.0,2.0,38.25,46.25,4294967.295,10989.974,11668.328,20.0,0.0,47.853214,3.542981,198.0,,,259.981056,500.023134,259.981056,229.97988,469.920672,209.91157200000004,199.951206,371.9971338
2024-08-10 06:53:57+00:00,85.0,19.903,1.0,78.80000000000001,,371.8157,-190.521,20.0,1.8315,0.0,0.0,2.0,38.25,46.25,4294967.295,10989.974,11668.346,20.0,0.0,47.853214,3.542981,198.0,,,259.981056,500.023134,259.981056,231.07851,469.920672,209.91157200000004,200.9765968,371.9971338
2024-08-10 06:53:58+00:00,85.0,19.903,1.0,78.9,,371.8114,-190.999,20.0,1.82817,0.0,0.0,2.0,38.25,46.25,4294967.295,10989.974,11668.366,20.0,0.0,47.853214,3.542981,198.0,,,259.981056,500.023134,259.981056,232.17714,469.920672,209.91157200000004,202.0019876,371.9971338
2024-08-10 06:53:59+00:00,85.0,19.903,1.0,78.9,,371.7751,-190.7845,20.0,1.82817,0.0,0.0,2.0,38.25,46.5,4294967.295,10989.974,11668.386,20.0,0.0,47.853214,3.542981,198.0,,,259.981056,500.023134,259.981056,232.17714,469.920672,209.91157200000004,202.0019876,371.9971338
2024-08-10 06:54:00+00:00,85.0,19.903,1.0,78.9,,371.7480000000001,-190.5425,20.0,1.82817,0.0,0.0,2.0,38.25,46.5,4294967.295,10989.974,11668.406,20.0,0.0,47.853214,3.542981,198.0,,,259.981056,500.023134,259.981056,232.17714,469.920672,209.91157200000004,202.0019876,371.9971338
2024-08-10 06:54:01+00:00,85.0,19.903,1.0,78.99,,371.7844,-190.3365,20.0,1.82484,0.0,0.0,2.0,38.25,46.5,4294967.295,10989.974,11668.426,20.0,0.0,47.853214,3.542981,198.0,,,259.981056,500.023134,259.981056,232.17714,469.920672,209.91157200000004,202.0019876,371.9971338
2024-08-10 06:54:02+00:00,85.0,19.903,1.0,79.0,,371.8965,-190.619,20.0,1.8315,0.0,0.0,2.0,38.25,46.5,4294967.295,10989.974,11668.444,20.0,0.0,47.853214,3.542981,198.0,2443.464,,259.981056,500.023134,259.981056,232.726455,469.920672,209.91157200000004,202.4780619,371.9971338
2024-08-10 06:54:03+00:00,85.0,19.903,1.0,79.0,,371.86730000000006,-190.511,20.0,1.8315,0.0,0.0,2.0,38.25,46.5,4294967.295,10989.974,11668.464,20.0,0.0,47.853214,3.542981,198.0,,9453.84,259.981056,500.023134,259.981056,233.27577,469.920672,209.91157200000004,202.9541362,371.9971338
2024-08-10 06:54:04+00:00,85.0,19.903,1.0,79.07000000000001,,371.8617,-190.551,20.0,1.8315,0.0,0.0,2.0,38.25,46.5,4294967.295,10989.974,11668.484,20.0,0.0,47.853214,3.542981,198.0,,,259.981056,500.023134,259.981056,233.27577,469.920672,209.91157200000004,202.9541362,371.9971338
2024-08-10 06:54:05+00:00,85.0,19.903,1.0,79.10000000000001,,371.8857,-190.8155,20.0,1.8315,0.0,0.0,2.0,38.25,46.5,4294967.295,10989.974,11668.504,20.0,0.0,47.853214,3.542981,198.0,,,259.981056,500.023134,259.981056,233.27577,469.920672,209.91157200000004,202.9541362,371.9971338
2024-08-10 06:54:06+00:00,85.0,19.903,1.0,79.10000000000001,,371.9061,-190.7055,20.0,1.8315,0.0,0.0,2.0,38.25,46.5,4294967.295,10989.974,11668.524,20.0,0.0,47.853214,3.542981,198.0,,,259.981056,500.023134,259.981056,233.27577,469.920672,209.91157200000004,202.9541362,371.9971338
2024-08-10 06:54:07+00:00,85.0,19.903,1.0,79.15,,371.878,-190.7915,20.0,1.8315,0.0,0.0,2.0,38.25,46.5,4294967.295,10989.974,11668.544,20.0,0.0,47.853214,3.542981,198.0,,,259.981056,500.023134,259.981056,233.27577,469.920672,209.91157200000004,202.9541362,372.5098292
2024-08-10 06:54:08+00:00,85.0,19.903,1.0,79.2,,371.8285,-190.5635,20.0,1.8315,0.0,0.0,2.0,38.25,46.5,4294967.295,10989.974,11668.564,20.0,0.0,47.853214,3.542981,198.0,,,259.981056,500.023134,259.981056,233.27577,469.920672,209.91157200000004,202.9541362,372.5098292
2024-08-10 06:54:09+00:00,85.0,19.903,1.0,79.2,,371.8049,-190.551,20.0,1.8315,0.0,0.0,2.0,38.25,46.5,4294967.295,10989.974,11668.584,20.0,0.0,47.853214,3.542981,198.0,,,259.981056,500.023134,259.981056,233.27577,469.920672,209.91157200000004,202.9541362,371.9971338
2024-08-10 06:54:10+00:00,85.0,19.903,1.0,79.24000000000001,,371.7874,-190.564,20.0,1.8315,0.0,0.0,2.0,38.25,46.5,4294967.295,10989.974,11668.602,20.0,0.0,47.853214,3.542981,198.0,,,259.981056,500.023134,259.981056,233.27577,469.920672,209.91157200000004,202.9541362,371.9971338
2024-08-10 06:54:11+00:00,85.0,19.903,1.0,79.30000000000001,,371.8291,-190.575,20.0,1.8315,0.0,0.0,2.0,38.5,46.5,4294967.295,10989.974,11668.622,20.0,0.0,47.853214,3.542981,198.0,,,259.981056,500.023134,259.981056,233.27577,469.920672,209.91157200000004,202.9541362,371.9971338
2024-08-10 06:54:12+00:00,85.0,19.903,1.0,79.30000000000001,,371.9661,-193.899,20.0,1.8215100000000004,0.0,0.0,2.0,38.5,46.5,4294967.295,10989.974,11668.642,20.0,0.0,47.853214,3.542981,198.0,,,259.981056,500.023134,259.981056,233.27577,469.920672,209.91157200000004,202.9541362,372.5098292
2024-08-10 06:54:13+00:00,85.0,19.903,1.0,79.32000000000001,,371.8682,-191.1105,20.0,1.8315,0.0,0.0,2.0,38.5,46.5,4294967.295,10989.974,11668.662,20.0,0.0,47.853214,3.542981,199.0,,,259.981056,500.023134,259.981056,229.43056500000003,469.920672,209.91157200000004,199.4751317,373.0225246
2024-08-10 06:54:14+00:00,85.0,19.903,1.0,79.4,,371.7147,-188.3,20.0,1.8315,0.0,0.0,2.0,38.5,46.5,,10989.974,11668.682,20.0,0.0,47.853214,3.542981,199.0,2443.464,,259.981056,500.023134,259.981056,223.937415,469.920672,209.91157200000004,194.4946621,372.5098292
2024-08-10 06:54:15+00:00,85.0,19.903,1.0,79.4,,371.7143,-188.771,20.0,1.8315,0.0,0.0,2.0,38.5,46.5,,10989.974,11668.702,20.0,0.0,47.853214,3.542981,199.0,,9453.84,259.981056,500.023134,259.981056,222.28947,469.920672,209.91157200000004,192.993197,371.9971338
2024-08-10 06:54:16+00:00,85.0,19.903,1.0,79.4,,371.6707,-188.031,20.0,1.82817,0.0,0.0,1.98,38.5,46.5,,10989.974,11668.72,20.0,0.0,47.853214,3.542981,199.0,,,259.981056,500.023134,259.981056,222.28947,469.920672,209.91157200000004,192.993197,371.9971338
2024-08-10 06:54:17+00:00,85.0,19.903,1.0,79.5,,371.7499,-188.9525,20.0,1.82817,0.0,0.0,1.98,38.5,46.5,,10989.974,11668.74,20.0,0.0,47.853214,3.542981,199.0,,,259.981056,500.023134,259.981056,222.838785,469.920672,209.91157200000004,193.5058924,371.9971338
2024-08-10 06:54:18+00:00,85.0,19.903,1.0,79.5,,371.8647,-189.6785,20.0,1.8315,0.0,0.0,1.98,38.5,46.75,,10989.974,11668.76,20.0,0.0,47.853214,3.542981,199.0,,,259.981056,500.023134,259.981056,223.38810000000004,469.920672,209.91157200000004,194.0185878,371.9971338
2024-08-10 06:54:19+00:00,85.0,19.903,1.0,79.5,,371.8242,-189.269,20.0,1.8315,0.0,0.0,1.98,38.5,46.75,,10989.974,11668.78,20.0,0.0,47.853214,3.542981,199.0,,,259.981056,500.023134,259.981056,222.838785,469.920672,209.91157200000004,193.5058924,371.9971338
2024-08-10 06:54:20+00:00,85.0,19.903,1.0,79.575,,371.8080898876405,-189.0044944,20.0,1.8241000000000005,0.0,0.0,1.98,38.5,46.75,,10989.974,11668.798,20.0,0.0,47.853214,3.542981,199.0,,,259.981056,500.023134,259.981056,222.28947,469.920672,209.911572,192.993197,371.9971338
2024-08-10 06:54:21+00:00,85.0,19.903,1.0,79.60000000000001,,371.8235,-189.126,20.0,1.83816,0.0,0.0,1.98,38.5,46.75,,10989.974,11668.818,20.0,0.0,47.853214,3.542981,200.0,,,259.981056,500.023134,259.981056,222.28947,469.920672,209.91157200000004,192.993197,371.9971338
2024-08-10 06:54:22+00:00,85.0,19.903,1.0,79.60000000000001,,371.8627,-189.113,20.0,1.83483,0.0,0.0,1.98,38.5,46.75,,10989.974,11668.836,20.0,0.0,47.853214,3.542981,200.0,,,259.981056,500.023134,259.981056,221.740155,469.920672,209.91157200000004,192.4805016,371.9971338
2024-08-10 06:54:23+00:00,85.0,19.903,1.0,79.66,,371.7901,-188.5355,20.0,1.8315,0.0,0.0,1.98,38.5,46.75,,10989.974,11668.858,20.0,0.0,47.853214,3.542981,200.0,,,259.981056,500.023134,259.981056,221.19084000000004,469.920672,209.91157200000004,191.9678062,371.9971338
2024-08-10 06:54:24+00:00,85.0,19.903,1.0,79.7,,371.7751,-188.582,20.0,1.8315,0.0,0.0,1.98,38.75,46.75,,10989.974,11668.876,20.0,0.0,47.853214,3.542981,200.0,,,259.981056,500.023134,259.981056,221.740155,469.920672,209.91157200000004,192.4805016,371.9971338
2024-08-10 06:54:25+00:00,85.0,19.903,1.0,79.7,,371.7598,-189.0805,20.0,1.8215100000000004,0.0,0.0,1.98,38.75,46.75,,10989.974,11668.896,20.0,0.0,47.853214,3.542981,200.0,,,259.981056,500.023134,259.981056,221.740155,469.920672,209.91157200000004,192.4805016,371.9971338
2024-08-10 06:54:26+00:00,85.0,19.903,1.0,79.74000000000001,,371.7251,-188.7865,20.0,1.8315,0.0,0.0,1.98,38.75,46.75,,10989.974,11668.916,20.0,0.0,47.853214,3.542981,200.0,2443.464,,259.981056,500.023134,259.981056,221.19084000000004,469.920672,209.91157200000004,191.9678062,371.9971338
2024-08-10 06:54:27+00:00,85.0,19.903,1.0,79.80000000000001,,371.7705,-188.8845,20.0,1.8315,0.0,0.0,1.98,38.75,46.75,,10989.974,11668.936,20.0,0.0,47.853214,3.542981,200.0,,9453.84,259.981056,500.023134,259.981056,222.28947,469.920672,209.91157200000004,192.993197,371.9971338
2024-08-10 06:54:28+00:00,85.0,19.903,1.0,79.80000000000001,,371.7841,-189.075,20.0,1.8315,0.0,0.0,1.98,38.75,46.75,,10989.974,11668.954,20.0,0.0,47.853214,3.542981,200.0,,,259.981056,500.023134,259.981056,223.38810000000004,469.920672,209.91157200000004,194.0185878,371.9971338
2024-08-10 06:54:29+00:00,85.0,19.903,1.0,79.83000000000001,,371.7915,-189.1405,20.0,1.8315,0.0,0.0,1.98,38.75,46.75,,10989.974,11668.974,20.0,0.0,47.853214,3.542981,201.0,,,259.981056,500.023134,259.981056,223.38810000000004,469.920672,209.91157200000004,194.0185878,371.9971338
2024-08-10 06:54:30+00:00,85.0,19.903,1.0,79.9,,371.7513,-188.98,20.0,1.8315,0.0,0.0,1.98,38.75,46.75,,10989.974,11668.994,20.0,0.0,47.853214,3.542981,201.0,,,259.981056,500.023134,259.981056,223.38810000000004,469.920672,209.91157200000004,194.0185878,371.9971338
2024-08-10 06:54:31+00:00,85.0,19.903,1.0,79.9,,371.7375,-188.911,20.0,1.8315,0.0,0.0,1.98,38.75,46.75,,10989.974,11669.014,20.0,0.0,47.853214,3.542981,201.0,,,259.981056,500.023134,259.981056,222.838785,469.920672,209.91157200000004,193.5058924,371.9971338
2024-08-10 06:54:32+00:00,85.0,19.903,1.0,79.91,,371.6959000000001,-188.3915,20.0,1.82817,0.0,0.0,1.98,38.75,46.75,,10989.974,11669.034,20.0,0.0,47.853214,3.542981,201.0,,,259.981056,500.023134,259.981056,221.740155,469.920672,209.91157200000004,192.4805016,371.9971338
2024-08-10 06:54:33+00:00,85.0,19.903,1.0,80.0,,371.7313,-188.309,20.0,1.82817,0.0,0.0,1.98,38.75,46.75,,10989.974,11669.052,20.0,0.0,47.853214,3.542981,201.0,,,259.981056,500.023134,259.981056,221.740155,469.920672,209.91157200000004,192.4805016,371.9971338
2024-08-10 06:54:34+00:00,85.0,19.903,1.0,80.0,,371.842,-188.633,20.0,1.82817,0.0,0.0,1.98,38.75,46.75,,10989.974,11669.072,20.0,0.0,47.853214,3.542981,201.0,,,259.981056,500.023134,259.981056,222.28947,469.920672,209.91157200000004,192.993197,371.9971338
2024-08-10 06:54:35+00:00,85.0,19.903,1.0,80.0,,371.8045,-188.2965,20.0,1.8315,0.0,0.0,1.98,38.75,46.75,,10989.974,11669.09,20.0,0.0,47.853214,3.542981,201.0,,,259.981056,500.023134,259.981056,222.28947,469.920672,209.91157200000004,192.993197,371.9971338
2024-08-10 06:54:36+00:00,85.0,19.903,1.0,80.09,,371.80770000000007,-188.282,20.0,1.8315,0.0,0.0,1.98,38.75,46.75,,10989.974,11669.11,20.0,0.0,47.853214,3.542981,201.0,,,259.981056,500.023134,259.981056,221.740155,469.920672,209.91157200000004,192.4805016,371.9971338
2024-08-10 06:54:37+00:00,85.0,19.903,1.0,80.10000000000001,,371.8029,-188.2755,20.0,1.82817,0.0,0.0,1.96,38.75,46.75,,10989.974,11669.13,20.0,0.0,47.853214,3.542981,201.0,,,259.981056,500.023134,259.981056,221.740155,469.920672,209.91157200000004,192.4805016,371.9971338
2024-08-10 06:54:38+00:00,85.0,19.903,1.0,80.10000000000001,,371.8493,-188.2925,20.0,1.82484,0.0,0.0,1.96,38.75,47.0,,10989.974,11669.15,20.0,0.0,47.853214,3.542981,201.0,2443.464,,259.981056,500.023134,259.981056,222.28947,469.920672,209.91157200000004,192.993197,371.9971338
2024-08-10 06:54:39+00:00,85.0,19.903,1.0,80.17,,371.7949,-188.333,20.0,1.8315,0.0,0.0,1.96,38.75,47.0,,10989.974,11669.17,20.0,0.0,47.853214,3.542981,201.0,,9453.84,259.981056,500.023134,259.981056,222.28947,469.920672,209.91157200000004,192.993197,371.9971338
2024-08-10 06:54:40+00:00,85.0,19.903,1.0,80.2,,371.7719,-188.3015,20.0,1.82817,0.0,0.0,1.96,38.75,47.0,,10989.974,11669.188,20.0,0.0,47.853214,3.542981,201.0,,,259.981056,500.023134,259.981056,222.28947,469.920672,209.91157200000004,192.993197,371.9971338
2024-08-10 06:54:41+00:00,85.0,19.903,1.0,80.2,,371.7428,-188.278,20.0,1.8315,0.0,0.0,1.96,38.75,47.0,,10989.974,11669.208,20.0,0.0,47.853214,3.542981,201.0,,,259.981056,500.023134,259.981056,222.28947,469.920672,209.91157200000004,192.993197,371.9971338
2024-08-10 06:54:42+00:00,85.0,19.903,1.0,80.25000000000001,,371.7173,-188.245,20.0,1.8315,0.0,0.0,1.96,38.75,47.0,,10989.974,11669.228,20.0,0.0,47.853214,3.542981,201.0,,,259.981056,500.023134,259.981056,222.28947,469.920672,209.91157200000004,192.993197,371.9971338
2024-08-10 06:54:43+00:00,85.0,19.903,1.0,80.30000000000001,,371.7523000000001,-188.1665,20.0,1.8315,0.0,0.0,1.96,38.75,47.0,,10989.974,11669.248,20.0,0.0,47.853214,3.542981,201.0,,,259.981056,500.023134,259.981056,222.28947,469.920672,209.91157200000004,192.993197,371.9971338
2024-08-10 06:54:44+00:00,85.0,19.903,1.0,80.30000000000001,,371.7481,-187.767,20.0,1.8315,0.0,0.0,1.96,38.75,47.0,,10989.974,11669.266,20.0,0.0,47.853214,3.542981,201.0,,,259.981056,500.023134,259.981056,222.28947,469.920672,209.91157200000004,192.993197,371.9971338
2024-08-10 06:54:45+00:00,85.0,19.903,1.0,80.32000000000001,,371.74840000000006,-187.6185,20.0,1.82484,0.0,0.0,1.96,38.75,47.0,,10989.974,11669.286,20.0,0.0,47.853214,3.542981,202.0,,,259.981056,500.023134,259.981056,221.740155,469.920672,209.91157200000004,192.4805016,371.9971338
2024-08-10 06:54:46+00:00,85.0,19.903,1.0,80.4,,371.7108,-187.468,20.0,1.8315,0.0,0.0,1.96,38.75,47.0,,10989.974,11669.304,20.0,0.0,47.853214,3.542981,202.0,,,259.981056,500.023134,259.981056,221.19084000000004,469.920672,209.91157200000004,191.9678062,371.9971338
2024-08-10 06:54:47+00:00,85.0,19.903,1.0,80.4,,371.6908,-187.4855,20.0,1.8315,0.0,0.0,1.96,39.0,47.0,,10989.974,11669.324,20.0,0.0,47.853214,3.542981,202.0,,,259.981056,500.023134,259.981056,221.19084000000004,469.920672,209.91157200000004,191.9678062,371.9971338
2024-08-10 06:54:48+00:00,85.0,19.903,1.0,80.4,,371.6597,-187.479,20.0,1.8315,0.0,0.0,1.96,39.0,47.0,,10989.974,11669.344,20.0,0.0,47.853214,3.542981,202.0,,,259.981056,500.023134,259.981056,221.19084000000004,469.920672,209.91157200000004,191.9678062,371.9971338
2024-08-10 06:54:49+00:00,85.0,19.903,1.0,80.5,,371.7133,-187.4815,20.0,1.8315,0.0,0.0,1.96,39.0,47.0,,10989.974,11669.364,20.0,0.0,47.853214,3.542981,202.0,,,259.981056,500.023134,259.981056,221.19084000000004,469.920672,209.91157200000004,191.9678062,371.9971338
2024-08-10 06:54:50+00:00,85.0,19.903,1.0,80.5,,371.81,-187.456,20.0,1.8315,0.0,0.0,1.96,39.0,47.0,,10989.974,11669.382,20.0,0.0,47.853214,3.542981,202.0,2443.464,,259.981056,500.023134,259.981056,221.19084000000004,469.920672,209.91157200000004,191.9678062,371.9971338
2024-08-10 06:54:51+00:00,85.0,19.903,1.0,80.5,,371.7784,-187.425,20.0,1.8315,0.0,0.0,1.96,39.0,47.0,,10989.974,11669.402,20.0,0.0,47.853214,3.542981,202.0,,9453.84,259.981056,500.023134,259.981056,221.19084000000004,469.920672,209.91157200000004,191.9678062,371.9971338
2024-08-10 06:54:52+00:00,85.0,19.903,1.0,80.58000000000001,,371.7578,-186.9505,20.0,1.82484,0.0,0.0,1.96,39.0,47.0,,10989.974,11669.42,20.0,0.0,47.853214,3.542981,202.0,,,259.981056,500.023134,259.981056,221.19084000000004,469.920672,209.91157200000004,191.9678062,371.9971338
2024-08-10 06:54:53+00:00,85.0,19.903,1.0,80.60000000000001,,371.7636,-187.0785,20.0,1.82817,0.0,0.0,1.96,39.0,47.0,,10989.974,11669.44,20.0,0.0,47.853214,3.542981,202.0,,,259.981056,500.023134,259.981056,221.19084000000004,469.920672,209.91157200000004,191.9678062,371.9971338
2024-08-10 06:54:54+00:00,85.0,19.903,1.0,80.60000000000001,,371.8004,-187.013,20.0,1.8315,0.0,0.0,1.96,39.0,47.0,,10989.974,11669.46,20.0,0.0,47.853214,3.542981,202.0,,,259.981056,500.023134,259.981056,221.19084000000004,469.920672,209.91157200000004,191.9678062,371.9971338
2024-08-10 06:54:55+00:00,85.0,19.903,1.0,80.66,,371.7544,-186.8765,20.0,1.8315,0.0,0.0,1.96,39.0,47.0,,10989.974,11669.478,20.0,0.0,47.853214,3.542981,202.0,,,259.981056,500.023134,259.981056,221.19084000000004,469.920672,209.91157200000004,191.9678062,371.9971338
2024-08-10 06:54:56+00:00,85.0,19.903,1.0,80.7,,371.7201,-186.698,20.0,1.8315,0.0,0.0,1.96,39.0,47.0,,10989.974,11669.498,20.0,0.0,47.853214,3.542981,202.0,,,259.981056,500.023134,259.981056,220.641525,469.920672,209.91157200000004,191.4917319,371.9971338
2024-08-10 06:54:57+00:00,85.0,19.903,1.0,80.7,,371.6832,-186.6435,20.0,1.82817,0.0,0.0,1.96,39.0,47.0,,10989.974,11669.518,20.0,0.0,47.853214,3.542981,202.0,,,259.981056,500.023134,259.981056,220.09221,469.920672,209.91157200000004,191.0156576,371.9971338
2024-08-10 06:54:58+00:00,85.0,19.903,1.0,80.74000000000001,,371.6625,-186.645,20.0,1.8315,0.0,0.0,1.96,39.0,47.0,,10989.974,11669.538,20.0,0.0,47.853214,3.542981,202.0,,,259.981056,500.023134,259.981056,220.09221,469.920672,209.91157200000004,191.0156576,371.9971338
2024-08-10 06:54:59+00:00,85.0,19.903,1.0,80.80000000000001,,371.7095000000001,-186.6535,20.0,1.83483,0.0,0.0,1.94,39.0,47.25,,10989.974,11669.556,20.0,0.0,47.853214,3.542981,202.0,,,259.981056,500.023134,259.981056,220.09221,469.920672,209.91157200000004,191.0156576,371.9971338
2024-08-10 06:55:00+00:00,85.0,19.903,1.0,80.80000000000001,,371.7205,-186.693,20.0,1.8315,0.0,0.0,1.94,39.0,47.25,,10989.974,11669.576,20.0,0.0,47.853214,3.542981,202.0,,,259.981056,500.023134,259.981056,220.09221,469.920672,209.91157200000004,191.0156576,371.9971338
2024-08-10 06:55:01+00:00,85.0,19.903,1.0,80.81000000000002,,371.7034,-186.2305,20.0,1.8315,0.0,0.0,1.94,39.0,47.25,,10989.974,11669.594,20.0,0.0,47.853214,3.542981,204.0,,,259.981056,500.023134,259.981056,220.09221,469.920672,209.91157200000004,191.0156576,371.9971338
2024-08-10 06:55:02+00:00,85.0,19.903,1.0,80.9,,371.6696,-186.3705,20.0,1.8315,0.0,0.0,1.94,39.0,47.25,,10989.974,11669.614,20.0,0.0,47.853214,3.542981,204.0,2443.464,,259.981056,500.023134,259.981056,220.09221,469.920672,209.91157200000004,191.0156576,371.9971338
2024-08-10 06:55:03+00:00,85.0,19.903,1.0,80.9,,371.6639,-186.264,20.0,1.82817,0.0,0.0,1.94,39.0,47.25,,10989.974,11669.632,20.0,0.0,47.853214,3.542981,204.0,,9453.84,259.981056,500.023134,259.981056,220.09221,469.920672,209.91157200000004,191.0156576,371.9971338
2024-08-10 06:55:04+00:00,85.0,19.903,1.0,80.9,,371.61480000000006,-185.664,20.0,1.8315,0.0,0.0,1.94,39.0,47.25,,10989.974,11669.652,20.0,0.0,47.853214,3.542981,204.0,,,259.981056,500.023134,259.981056,218.99358,469.920672,209.91157200000004,189.9902668,371.9971338
2024-08-10 06:55:05+00:00,85.0,19.903,1.0,80.99,,371.62270000000007,-184.707,20.0,1.8315,0.0,0.0,1.94,39.0,47.25,,10989.974,11669.67,20.0,0.0,47.853214,3.542981,204.0,,,259.981056,500.023134,259.981056,217.89495,469.920672,209.91157200000004,188.964876,371.9971338
2024-08-10 06:55:06+00:00,85.0,19.903,1.0,81.0,,371.7392,-185.6545,20.0,1.8315,0.0,0.0,1.94,39.0,47.25,,10989.974,11669.69,20.0,0.0,47.853214,3.542981,204.0,,,259.981056,500.023134,259.981056,217.89495,469.920672,209.91157200000004,188.964876,371.9971338
2024-08-10 06:55:07+00:00,85.0,19.903,1.0,81.0,,371.705,-185.041,20.0,1.8315,0.0,0.0,1.94,39.25,47.25,,10989.974,11669.71,20.0,0.0,47.853215,3.542981,204.0,,,259.981056,500.023134,259.981056,217.89495,469.920672,209.91157200000004,188.964876,371.9971338
2024-08-10 06:55:08+00:00,85.0,19.903,1.0,81.06,,371.7248,-185.801,20.0,1.8315,0.0,0.0,1.94,39.25,47.25,,10989.974,11669.73,20.0,0.0,47.853215,3.542981,204.0,,,259.981056,500.023134,259.981056,218.99358,469.920672,209.91157200000004,189.9902668,371.9971338
2024-08-10 06:55:09+00:00,85.0,19.903,1.0,81.10000000000001,,371.7481,-186.144,20.0,1.8315,0.0,0.0,1.94,39.25,47.25,,10989.974,11669.748,20.0,0.0,47.853215,3.542981,204.0,,,259.981056,500.023134,259.981056,220.09221,469.920672,209.91157200000004,191.0156576,371.9971338
2024-08-10 06:55:10+00:00,85.0,19.903,1.0,81.10000000000001,,371.7966,-186.123,20.0,1.8315,0.0,0.0,1.94,39.25,47.25,,10989.974,11669.766,20.0,0.0,47.853215,3.542981,204.0,,,259.981056,500.023134,259.981056,220.09221,469.920672,209.91157200000004,191.0156576,371.9971338
2024-08-10 06:55:11+00:00,85.0,19.903,1.0,81.14000000000001,,371.7148,-185.754,20.0,1.8315,0.0,0.0,1.94,39.25,47.25,,10989.974,11669.786,20.0,0.0,47.853215,3.542981,204.0,,,259.981056,500.023134,259.981056,218.99358,469.920672,209.91157200000004,189.9902668,371.9971338
2024-08-10 06:55:12+00:00,85.0,19.903,1.0,81.2,,371.6632,-185.0265,20.0,1.8315,0.0,0.0,1.94,39.25,47.25,,10989.974,11669.806,20.0,0.0,47.853215,3.542981,204.0,,,259.981056,500.023134,259.981056,217.89495,469.920672,209.91157200000004,188.964876,371.9971338
2024-08-10 06:55:13+00:00,85.0,19.903,1.0,81.2,,371.6735353535353,-185.8161616,20.0,1.8315,0.0,0.0,1.94,39.25,47.25,,10989.974,11669.826,20.0,0.0,47.853215,3.542981,204.0,,,259.981056,500.023134,259.981056,218.99358,469.920672,209.91157200000004,189.9902668,371.9971338
2024-08-10 06:55:14+00:00,85.0,19.903,1.0,81.21000000000001,,371.65306930693066,-185.8074257,20.0,1.83816,0.0,0.0,1.94,39.25,47.25,,10989.974,11669.844,20.0,0.0,47.853215,3.542981,204.0,2443.464,,259.981056,500.023134,259.981056,220.09221,469.920672,209.91157200000004,191.0156576,371.9971338
2024-08-10 06:55:15+00:00,85.0,19.903,1.0,81.30000000000001,,371.6966000000001,-185.679,20.0,1.82817,0.0,0.0,1.94,39.25,47.25,,10989.974,11669.864,20.0,0.0,47.853215,3.542981,204.0,,9453.84,259.981056,500.023134,259.981056,218.99358,469.920672,209.91157200000004,189.9902668,371.9971338
2024-08-10 06:55:16+00:00,85.0,19.903,1.0,81.30000000000001,,371.6741414141414,-185.0752525,20.0,1.82817,0.0,0.0,1.94,39.25,47.25,,10989.974,11669.882,20.0,0.0,47.853215,3.542981,204.0,,,259.981056,500.023134,259.981056,217.89495,469.920672,209.91157200000004,188.964876,371.9971338
2024-08-10 06:55:17+00:00,85.0,19.903,1.0,81.30000000000001,,371.6638,-185.083,20.0,1.8315,0.0,0.0,1.94,39.25,47.25,,10989.974,11669.902,20.0,0.0,47.853215,3.542981,204.0,,,259.981056,500.023134,259.981056,217.89495,469.920672,209.91157200000004,188.964876,371.9971338
2024-08-10 06:55:18+00:00,85.0,19.903,1.0,81.39000000000001,,371.6383,-185.0495,20.0,1.8315,0.0,0.0,1.92,39.25,47.25,,10989.974,11669.92,20.0,0.0,47.853215,3.542981,204.0,,,259.981056,500.023134,259.981056,217.89495,469.920672,209.91157200000004,188.964876,371.9971338
2024-08-10 06:55:19+00:00,85.0,19.903,1.0,81.4,,371.6438,-185.512,20.0,1.83483,0.0,0.0,1.92,39.25,47.25,,10989.974,11669.94,20.0,0.0,47.853215,3.542981,205.0,,,259.981056,500.023134,259.981056,218.99358,469.920672,209.91157200000004,189.9902668,371.9971338
2024-08-10 06:55:20+00:00,85.0,19.903,1.0,81.4,,371.6204,-185.0435,20.0,1.8315,0.0,0.0,1.92,39.25,47.25,,10989.974,11669.958,20.0,0.0,47.853215,3.542981,205.0,,,259.981056,500.023134,259.981056,218.99358,469.920672,209.91157200000004,189.9902668,371.9971338
2024-08-10 06:55:21+00:00,85.0,19.903,1.0,81.46000000000001,,371.6578,-185.041,20.0,1.8315,0.0,0.0,1.92,39.25,47.5,,10989.974,11669.978,20.0,0.0,47.853215,3.542981,205.0,,,259.981056,500.023134,259.981056,217.89495,469.920672,209.91157200000004,188.964876,371.9971338
2024-08-10 06:55:22+00:00,85.0,19.903,1.0,81.5,,371.7425,-185.0715,20.0,1.8315,0.0,0.0,1.92,39.25,47.5,,10989.974,11669.998,20.0,0.0,47.853215,3.542981,205.0,,,259.981056,500.023134,259.981056,217.89495,469.920672,209.91157200000004,188.964876,371.9971338
2024-08-10 06:55:23+00:00,85.0,19.903,1.0,81.5,,371.7276,-185.074,20.0,1.8315,0.0,0.0,1.92,39.25,47.5,,10989.974,11670.016,20.0,0.0,47.853215,3.542981,205.0,,,259.981056,500.023134,259.981056,217.89495,469.920672,209.91157200000004,188.964876,371.9971338
2024-08-10 06:55:24+00:00,85.0,19.903,1.0,81.54,,371.724,-185.09,20.0,1.8315,0.0,0.0,1.92,39.25,47.5,,10989.974,11670.036,20.0,0.0,47.853215,3.542981,205.0,,,259.981056,500.023134,259.981056,217.89495,469.920672,209.91157200000004,188.964876,371.9971338
2024-08-10 06:55:25+00:00,85.0,19.903,1.0,81.60000000000001,,371.7252,-185.0595,20.0,1.8315,0.0,0.0,1.92,39.25,47.5,,10989.974,11670.054,20.0,0.0,47.853215,3.542981,205.0,,,259.981056,500.023134,259.981056,217.89495,469.920672,209.91157200000004,188.964876,371.9971338
2024-08-10 06:55:26+00:00,85.0,19.903,1.0,81.60000000000001,,371.7656,-184.721,20.0,1.8315,0.0,0.0,1.92,39.5,47.5,,10989.974,11670.074,20.0,0.0,47.853215,3.542981,205.0,2443.464,,259.981056,500.023134,259.981056,217.89495,469.920672,209.91157200000004,188.964876,371.9971338
2024-08-10 06:55:27+00:00,85.0,19.903,1.0,81.61000000000001,,371.6969,-184.5245,20.0,1.8315,0.0,0.0,1.92,39.5,47.5,,10989.974,11670.092,20.0,0.0,47.853215,3.542981,205.0,,9453.84,259.981056,500.023134,259.981056,217.89495,469.920672,209.91157200000004,188.964876,371.9971338
2024-08-10 06:55:28+00:00,85.0,19.903,1.0,81.7,,371.6813,-184.5205,20.0,1.8315,0.0,0.0,1.92,39.5,47.5,,10989.974,11670.112,20.0,0.0,47.853215,3.542981,205.0,,,259.981056,500.023134,259.981056,217.89495,469.920672,209.91157200000004,188.964876,371.9971338
2024-08-10 06:55:29+00:00,85.0,19.903,1.0,81.7,,371.6382,-184.2615,20.0,1.8315,0.0,0.0,1.92,39.5,47.5,,10989.974,11670.13,20.0,0.0,47.853215,3.542981,205.0,,,259.981056,500.023134,259.981056,217.89495,469.920672,209.91157200000004,188.964876,371.9971338
2024-08-10 06:55:30+00:00,85.0,19.903,1.0,81.7,,371.5995,-184.2705,20.0,1.8315,0.0,0.0,1.92,39.5,47.5,,10989.974,11670.15,20.0,0.0,47.853215,3.542981,205.0,,,259.981056,500.023134,259.981056,217.89495,469.920672,209.91157200000004,188.964876,371.9971338
2024-08-10 06:55:31+00:00,85.0,19.903,1.0,81.78,,371.6563,-184.254,20.0,1.82817,0.0,0.0,1.92,39.5,47.5,,10989.974,11670.168,20.0,0.0,47.853215,3.542981,205.0,,,259.981056,500.023134,259.981056,217.89495,469.920672,209.91157200000004,188.964876,371.9971338
2024-08-10 06:55:32+00:00,85.0,19.903,1.0,81.80000000000001,,371.6617,-184.234,20.0,1.8315,0.0,0.0,1.92,39.5,47.5,,10989.974,11670.188,20.0,0.0,47.853215,3.542981,205.0,,,259.981056,500.023134,259.981056,217.89495,469.920672,209.91157200000004,188.964876,371.9971338
2024-08-10 06:55:33+00:00,85.0,19.903,1.0,81.80000000000001,,371.6756,-184.242,20.0,1.8315,0.0,0.0,1.92,39.5,47.5,,10989.974,11670.206,20.0,0.0,47.853215,3.542981,205.0,,,259.981056,500.023134,259.981056,217.345635,469.920672,209.91157200000004,188.4888017,371.9971338
2024-08-10 06:55:34+00:00,85.0,19.903,1.0,81.86000000000001,,371.6201,-183.9745,20.0,1.82817,0.0,0.0,1.92,39.5,47.5,,10989.974,11670.226,20.0,0.0,47.853215,3.542981,205.0,,,259.981056,500.023134,259.981056,216.79632,469.920672,209.91157200000004,188.0127274,371.9971338
2024-08-10 06:55:35+00:00,85.0,19.903,1.0,81.9,,371.5905,-183.814,20.0,1.8315,0.0,0.0,1.92,39.5,47.5,,10989.974,11670.246,20.0,0.0,47.853215,3.542981,206.0,,,259.981056,500.023134,259.981056,217.345635,469.920672,209.91157200000004,188.4888017,371.9971338
2024-08-10 06:55:36+00:00,85.0,19.903,1.0,81.9,,371.5826,-183.8765,20.0,1.8315,0.0,0.0,1.92,39.5,47.5,,10989.974,11670.262,20.0,0.0,47.853215,3.542981,206.0,,,259.981056,500.023134,259.981056,217.345635,469.920672,209.91157200000004,188.4888017,371.9971338
2024-08-10 06:55:37+00:00,85.0,19.903,1.0,81.93,,371.6118,-183.47,20.0,1.8315,0.0,0.0,1.92,39.5,47.5,,10989.974,11670.282,20.0,0.0,47.853215,3.542981,206.0,,,259.981056,500.023134,259.981056,216.79632,469.920672,209.91157200000004,188.0127274,371.9971338
2024-08-10 06:55:38+00:00,85.0,19.903,1.0,82.0,,371.7143,-183.583,20.0,1.8315,0.0,0.0,1.92,39.5,47.5,,10989.974,11670.302,20.0,0.0,47.853215,3.542981,206.0,2443.464,,259.981056,500.023134,259.981056,216.79632,469.920672,209.91157200000004,188.0127274,371.9971338
2024-08-10 06:55:39+00:00,85.0,19.903,1.0,82.0,,371.6747,-183.437,20.0,1.8315,0.0,0.0,1.9,39.5,47.5,,10989.974,11670.32,20.0,0.0,47.853215,3.542981,206.0,,9453.84,259.981056,500.023134,259.981056,216.79632,469.920672,209.91157200000004,188.0127274,371.9971338
2024-08-10 06:55:40+00:00,85.0,19.903,1.0,82.0,,371.68050000000005,-183.469,20.0,1.83816,0.0,0.0,1.9,39.5,47.5,,10989.974,11670.338,20.0,0.0,47.853215,3.542981,206.0,,,259.981056,500.023134,259.981056,216.79632,469.920672,209.91157200000004,188.0127274,371.9971338
2024-08-10 06:55:41+00:00,85.0,19.903,1.0,82.10000000000001,,371.6833,-183.471,20.0,1.8315,0.0,0.0,1.9,39.5,47.5,,10989.974,11670.358,20.0,0.0,47.853215,3.542981,206.0,,,259.981056,500.023134,259.981056,216.79632,469.920672,209.91157200000004,188.0127274,371.9971338
2024-08-10 06:55:42+00:00,85.0,19.903,1.0,82.10000000000001,,371.7255,-183.486,20.0,1.8315,0.0,0.0,1.9,39.5,47.5,,10989.974,11670.376,20.0,0.0,47.853215,3.542981,206.0,,,259.981056,500.023134,259.981056,216.79632,469.920672,209.91157200000004,188.0127274,371.9971338
2024-08-10 06:55:43+00:00,85.0,19.903,1.0,82.10000000000001,,371.6869,-183.4705,20.0,1.8315,0.0,0.0,1.9,39.5,47.5,,10989.974,11670.396,20.0,0.0,47.853215,3.542981,206.0,,,259.981056,500.023134,259.981056,216.79632,469.920672,209.91157200000004,188.0127274,371.9971338
2024-08-10 06:55:44+00:00,85.0,19.8952,1.0,82.17,,371.6518,-183.4485,20.0,1.83483,0.0,0.0,1.9,39.75,47.75,,10989.974,11670.414,20.0,0.0,47.853215,3.542981,206.0,,,259.981056,500.023134,259.981056,216.79632,469.920672,209.91157200000004,188.0127274,371.9971338
2024-08-10 06:55:45+00:00,85.0,19.89,1.0,82.2,,371.6031,-182.958,20.0,1.8315,0.0,0.0,1.9,39.75,47.75,,10989.974,11670.434,20.0,0.0,47.853215,3.542981,207.0,,,259.981056,500.023134,259.981056,216.247005,469.920672,209.91157200000004,187.500032,371.9971338
2024-08-10 06:55:46+00:00,85.0,19.89,1.0,82.2,,371.5557,-182.6055,20.0,1.8315,0.0,0.0,1.9,39.75,47.75,,10989.974,11670.454,20.0,0.0,47.853215,3.542981,207.0,,,259.981056,500.023134,259.981056,215.69769,469.920672,209.91157200000004,186.9873366,371.9971338
2024-08-10 06:55:47+00:00,85.0,19.89,1.0,82.24000000000001,,371.6162000000001,-182.6185,20.0,1.8315,0.0,0.0,1.9,39.75,47.75,,10989.974,11670.47,20.0,0.0,47.853215,3.542981,207.0,,,259.981056,500.023134,259.981056,215.69769,469.920672,209.91157200000004,186.9873366,371.9971338
2024-08-10 06:55:48+00:00,85.0,19.89,1.0,82.30000000000001,,371.6164,-182.625,20.0,1.8315,0.0,0.0,1.9,39.75,47.75,,10989.974,11670.49,20.0,0.0,47.853215,3.542981,207.0,,,259.981056,500.023134,259.981056,215.69769,469.920672,209.91157200000004,186.9873366,371.9971338
2024-08-10 06:55:49+00:00,85.0,19.89,1.0,82.30000000000001,,371.6232,-182.6695,20.0,1.8315,0.0,0.0,1.9,39.75,47.75,,10989.974,11670.51,20.0,0.0,47.853215,3.542981,207.0,,,259.981056,500.023134,259.981056,215.69769,469.920672,209.91157200000004,186.9873366,371.9971338
2024-08-10 06:55:50+00:00,85.0,19.89,1.0,82.31000000000002,,371.5901,-182.6605,20.0,1.83483,0.0,0.0,1.9,39.75,47.75,,10989.974,11670.528,20.0,0.0,47.853215,3.542981,207.0,2443.464,,259.981056,500.023134,259.981056,215.69769,469.920672,209.91157200000004,186.9873366,371.9971338
2024-08-10 06:55:51+00:00,85.0,19.89,1.0,82.4,,371.5813,-182.68,20.0,1.83483,0.0,0.0,1.9,39.75,47.75,,10989.974,11670.546,20.0,0.0,47.853215,3.542981,207.0,,9453.84,259.981056,500.023134,259.981056,215.69769,469.920672,209.91157200000004,186.9873366,371.9971338
2024-08-10 06:55:52+00:00,85.0,19.89,1.0,82.4,,371.5501,-182.3595,20.0,1.82817,0.0,0.0,1.9,39.75,47.75,,10989.974,11670.566,20.0,0.0,47.853215,3.542981,207.0,,,259.981056,500.023134,259.981056,215.69769,469.920672,209.91157200000004,186.9873366,371.9971338
2024-08-10 06:55:53+00:00,85.0,19.89,1.0,82.4,,371.5906,-182.215,20.0,1.82817,0.0,0.0,1.9,39.75,47.75,,10989.974,11670.584,20.0,0.0,47.853215,3.542981,208.0,,,259.981056,500.023134,259.981056,215.148375,469.920672,209.91157200000004,186.4746412,371.9971338
2024-08-10 06:55:54+00:00,85.0,19.89,1.0,82.47999999999999,,371.68160000000006,-182.106,20.0,1.83483,0.0,0.0,1.9,39.75,47.75,,10989.974,11670.604,20.0,0.0,47.853215,3.542981,208.0,,,259.981056,500.023134,259.981056,215.148375,469.920672,209.91157200000004,186.4746412,371.9971338
2024-08-10 06:55:55+00:00,85.0,19.89,1.0,82.5,,371.6368,-181.8345,20.0,1.8315,0.0,0.0,1.9,39.75,47.75,,10989.974,11670.622,20.0,0.0,47.853215,3.542981,208.0,,,259.981056,500.023134,259.981056,215.148375,469.920672,209.91157200000004,186.4746412,371.9971338
2024-08-10 06:55:56+00:00,85.0,19.89,1.0,82.5,,371.635,-181.829,20.0,1.8315,0.0,0.0,1.9,39.75,47.75,,10989.974,11670.64,20.0,0.0,47.853215,3.542981,208.0,,,259.981056,500.023134,259.981056,214.59906,469.920672,209.91157200000004,185.9619458,371.9971338
2024-08-10 06:55:57+00:00,85.0,19.89,1.0,82.55,,371.6478,-181.853,20.0,1.8315,0.0,0.0,1.9,39.75,47.75,,10989.974,11670.66,20.0,0.0,47.853215,3.542981,208.0,,,259.981056,500.023134,259.981056,214.59906,469.920672,209.91157200000004,185.9619458,371.9971338
2024-08-10 06:55:58+00:00,85.0,19.89,1.0,82.60000000000001,,371.6868,-181.873,20.0,1.8315,0.0,0.0,1.9,39.75,47.75,,10989.974,11670.678,20.0,0.0,47.853215,3.542981,208.0,,,259.981056,500.023134,259.981056,214.59906,469.920672,209.91157200000004,185.9619458,371.9971338
2024-08-10 06:55:59+00:00,85.0,19.89,1.0,82.60000000000001,,371.6471,-181.885,20.0,1.8315,0.0,0.0,1.88,39.75,47.75,,10989.974,11670.698,20.0,0.0,47.853215,3.542981,208.0,,,259.981056,500.023134,259.981056,214.59906,469.920672,209.91157200000004,185.9619458,371.9971338
2024-08-10 06:56:00+00:00,85.0,19.89,1.0,82.62,,371.5948,-181.4115,20.0,1.8315,0.0,0.0,1.88,39.75,47.75,,10989.974,11670.716,20.0,0.0,47.853215,3.542981,208.0,,,259.981056,500.023134,259.981056,214.59906,469.920672,209.91157200000004,185.9619458,371.9971338
2024-08-10 06:56:01+00:00,85.0,19.89,1.0,82.7,,371.5547,-181.456,20.0,1.8315,0.0,0.0,1.88,39.75,47.75,,10989.974,11670.736,20.0,0.0,47.853215,3.542981,208.0,,,259.981056,500.023134,259.981056,214.59906,469.920672,209.91157200000004,185.9619458,371.9971338
2024-08-10 06:56:02+00:00,85.0,19.89,1.0,82.7,,371.5441,-181.4795,20.0,1.8315,0.0,0.0,1.88,39.75,47.75,,10989.974,11670.752,20.0,0.0,47.853215,3.542981,208.0,2443.464,,259.981056,500.023134,259.981056,214.59906,469.920672,209.91157200000004,185.9619458,371.9971338
2024-08-10 06:56:03+00:00,85.0,19.89,1.0,82.7,,371.5661,-181.0355,20.0,1.8315,0.0,0.0,1.88,40.0,47.75,,10989.974,11670.772,20.0,0.0,47.853215,3.542981,208.0,,9453.84,259.981056,500.023134,259.981056,214.049745,469.920672,209.91157200000004,185.4858715,371.9971338
2024-08-10 06:56:04+00:00,85.0,19.89,1.0,82.78,,371.5581,-180.449,20.0,1.83483,0.0,0.0,1.88,40.0,47.75,,10989.974,11670.79,20.0,0.0,47.853215,3.542981,208.0,,,259.981056,500.023134,259.981056,213.50043,469.920672,209.91157200000004,185.0097972,371.9971338
2024-08-10 06:56:05+00:00,85.0,19.89,1.0,82.80000000000001,,371.5759000000001,-180.895,20.0,1.8315,0.0,0.0,1.88,40.0,47.75,,10989.974,11670.808,20.0,0.0,47.853215,3.542981,208.0,,,259.981056,500.023134,259.981056,213.50043,469.920672,209.91157200000004,185.0097972,371.9971338
2024-08-10 06:56:06+00:00,85.0,19.89,1.0,82.80000000000001,,371.5222,-180.54,20.0,1.8315,0.0,0.0,1.88,40.0,47.75,,10989.974,11670.828,20.0,0.0,47.853215,3.542981,208.0,,,259.981056,500.023134,259.981056,213.50043,469.920672,209.91157200000004,185.0097972,371.9971338
2024-08-10 06:56:07+00:00,85.0,19.89,1.0,82.85000000000001,,371.5251,-180.847,20.0,1.83483,0.0,0.0,1.88,40.0,47.75,,10989.974,11670.846,20.0,0.0,47.853215,3.542981,208.0,,,259.981056,500.023134,259.981056,213.50043,469.920672,209.91157200000004,185.0097972,371.9971338
2024-08-10 06:56:08+00:00,85.0,19.89,1.0,82.9,,371.5114,-180.88,20.0,1.8315,0.0,0.0,1.88,40.0,48.0,,10989.974,11670.866,20.0,0.0,47.853215,3.542981,208.0,,,259.981056,500.023134,259.981056,214.049745,469.920672,209.91157200000004,185.4858715,371.9971338
2024-08-10 06:56:09+00:00,85.0,19.89,1.0,82.9,,371.5549,-180.8715,20.0,1.8315,0.0,0.0,1.88,40.0,48.0,,10989.974,11670.884,20.0,0.0,47.853215,3.542981,209.0,,,259.981056,500.023134,259.981056,214.59906,469.920672,209.91157200000004,185.9619458,371.9971338
2024-08-10 06:56:10+00:00,85.0,19.89,1.0,82.92,,371.6469,-180.866,20.0,1.8315,0.0,0.0,1.88,40.0,48.0,,10989.974,11670.902,20.0,0.0,47.853215,3.542981,209.0,,,259.981056,500.023134,259.981056,214.59906,469.920672,209.91157200000004,185.9619458,371.9971338
2024-08-10 06:56:11+00:00,85.0,19.89,1.0,83.0,,371.6073,-180.2565,20.0,1.8315,0.0,0.0,1.88,40.0,48.0,,10989.974,11670.922,20.0,0.0,47.853215,3.542981,209.0,,,259.981056,500.023134,259.981056,213.50043,469.920672,209.91157200000004,184.9731761,371.9971338
2024-08-10 06:56:12+00:00,85.0,19.89,1.0,83.0,,371.5922,-180.4475,20.0,1.8315,0.0,0.0,1.88,40.0,48.0,,10989.974,11670.94,20.0,0.0,47.853215,3.542981,209.0,,,259.981056,500.023134,259.981056,212.951115,469.920672,209.91157200000004,184.4971018,371.9971338
2024-08-10 06:56:13+00:00,85.0,19.89,1.0,83.0,,371.602,-180.449,20.0,1.8315,0.0,0.0,1.88,40.0,48.0,,10989.974,11670.958,20.0,0.0,47.853215,3.542981,209.0,,,259.981056,500.023134,259.981056,212.951115,469.920672,209.91157200000004,184.4971018,371.9971338
2024-08-10 06:56:14+00:00,85.0,19.89,1.0,83.08000000000001,,371.6401,-180.285,20.0,1.8315,0.0,0.0,1.88,40.0,48.0,,10989.974,11670.978,20.0,0.0,47.853215,3.542981,209.0,2443.464,,259.981056,500.023134,259.981056,212.951115,469.920672,209.91157200000004,184.4971018,371.9971338
2024-08-10 06:56:15+00:00,85.0,19.89,1.0,83.10000000000001,,371.5933,-180.259,20.0,1.8315,0.0,0.0,1.86,40.0,48.0,,10989.974,11670.996,20.0,0.0,47.853215,3.542981,209.0,,9453.84,259.981056,500.023134,259.981056,213.50043,469.920672,209.91157200000004,185.0097972,371.9971338
2024-08-10 06:56:16+00:00,85.0,19.89,1.0,83.10000000000001,,371.5636,-180.2425,20.0,1.82817,0.0,0.0,1.86,40.0,48.0,,10989.974,11671.014,20.0,0.0,47.853215,3.542981,209.0,,,259.981056,500.023134,259.981056,212.951115,469.920672,209.91157200000004,184.4971018,371.9971338
2024-08-10 06:56:17+00:00,85.0,19.89,1.0,83.15,,371.5391,-180.2285,20.0,1.8315,0.0,0.0,1.86,40.0,48.0,,10989.974,11671.034,20.0,0.0,47.853215,3.542981,209.0,,,259.981056,500.023134,259.981056,212.951115,469.920672,209.91157200000004,184.4971018,371.9971338
2024-08-10 06:56:18+00:00,85.0,19.89,1.0,83.2,,371.5038,-179.814,20.0,1.8315,0.0,0.0,1.86,40.0,48.0,,10989.974,11671.052,20.0,0.0,47.853215,3.542981,209.0,,,259.981056,500.023134,259.981056,212.951115,469.920672,209.91157200000004,184.4971018,371.9971338
2024-08-10 06:56:19+00:00,85.0,19.89,1.0,83.2,,371.5319,-179.508,20.0,1.8315,0.0,0.0,1.86,40.0,48.0,,10989.974,11671.07,20.0,0.0,47.853215,3.542981,210.0,,,259.981056,500.023134,259.981056,212.4018,469.920672,209.91157200000004,183.9844064,371.9971338
2024-08-10 06:56:20+00:00,85.0,19.89,1.0,83.21000000000001,,371.5321,-179.4745,20.0,1.8315,0.0,0.0,1.86,40.0,48.0,,10989.974,11671.088,20.0,0.0,47.853215,3.542981,210.0,,,259.981056,500.023134,259.981056,212.4018,469.920672,209.91157200000004,183.9844064,371.9971338
2024-08-10 06:56:21+00:00,85.0,19.89,1.0,83.30000000000001,,371.5448,-179.4645,20.0,1.83483,0.0,0.0,1.86,40.0,48.0,,10989.974,11671.108,20.0,0.0,47.853215,3.542981,210.0,,,259.981056,500.023134,259.981056,212.4018,469.920672,209.91157200000004,183.9844064,371.9971338
2024-08-10 06:56:22+00:00,85.0,19.89,1.0,83.30000000000001,,371.5105,-179.419,20.0,1.8315,0.0,0.0,1.86,40.0,48.0,,10989.974,11671.124,20.0,0.0,47.853215,3.542981,210.0,,,259.981056,500.023134,259.981056,212.4018,469.920672,209.91157200000004,183.9844064,371.9971338
2024-08-10 06:56:23+00:00,85.0,19.89,1.0,83.30000000000001,,371.4964,-179.406,20.0,1.8315,0.0,0.0,1.86,40.25,48.0,,10989.974,11671.144,20.0,0.0,47.853215,3.542981,210.0,,,259.981056,500.023134,259.981056,212.4018,469.920672,209.91157200000004,183.9844064,371.9971338
2024-08-10 06:56:24+00:00,85.0,19.89,1.0,83.38000000000001,,371.4827,-179.469,20.0,1.8315,0.0,0.0,1.86,40.25,48.0,,10989.974,11671.164,20.0,0.0,47.853215,3.542981,210.0,,,259.981056,500.023134,259.981056,212.4018,469.920672,209.91157200000004,183.9844064,371.9971338
2024-08-10 06:56:25+00:00,85.0,19.89,1.0,83.4,,371.5235,-179.3575,20.0,1.83483,0.0,0.0,1.86,40.25,48.0,,10989.974,11671.18,20.0,0.0,47.853215,3.542981,210.0,,,259.981056,500.023134,259.981056,212.4018,469.920672,209.91157200000004,183.9844064,371.9971338
2024-08-10 06:56:26+00:00,85.0,19.89,1.0,83.4,,371.5858,-178.833,20.0,1.8315,0.0,0.0,1.86,40.25,48.0,,10989.974,11671.2,20.0,0.0,47.853215,3.542981,210.0,2443.464,,259.981056,500.023134,259.981056,211.852485,469.920672,209.91157200000004,183.471711,371.9971338
2024-08-10 06:56:27+00:00,85.0,19.89,1.0,83.44000000000001,,371.5509,-178.6505,20.0,1.8315,0.0,0.0,1.86,40.25,48.0,,10989.974,11671.218,20.0,0.0,47.853215,3.542981,210.0,,9453.84,259.981056,500.023134,259.981056,211.30317,469.920672,209.91157200000004,182.9590156,371.9971338
2024-08-10 06:56:28+00:00,85.0,19.89,1.0,83.5,,371.555,-178.6215,20.0,1.83816,0.0,0.0,1.86,40.25,48.0,,10989.974,11671.238,20.0,0.0,47.853215,3.542981,210.0,,,259.981056,500.023134,259.981056,211.30317,469.920672,209.91157200000004,182.9590156,371.9971338
2024-08-10 06:56:29+00:00,85.0,19.89,1.0,83.5,,371.5557,-178.6245,20.0,1.8315,0.0,0.0,1.86,40.25,48.0,,10989.974,11671.254,20.0,0.0,47.853215,3.542981,210.0,,,259.981056,500.023134,259.981056,211.30317,469.920672,209.91157200000004,182.9590156,371.9971338
2024-08-10 06:56:30+00:00,85.0,19.89,1.0,83.5,,371.599,-178.58,20.0,1.8315,0.0,0.0,1.86,40.25,48.0,,10989.974,11671.274,20.0,0.0,47.853215,3.542981,210.0,,,259.981056,500.023134,259.981056,211.30317,469.920672,209.91157200000004,182.9590156,371.9971338
2024-08-10 06:56:31+00:00,85.0,19.89,1.0,83.60000000000001,,371.5481,-178.1915,20.0,1.8315,0.0,0.0,1.86,40.25,48.0,,10989.974,11671.292,20.0,0.0,47.853215,3.542981,210.0,,,259.981056,500.023134,259.981056,210.753855,469.920672,209.91157200000004,182.4829413,371.9971338
2024-08-10 06:56:32+00:00,85.0,19.89,1.0,83.60000000000001,,371.5146,-178.0005,20.0,1.8315,0.0,0.0,1.84,40.25,48.0,,10989.974,11671.31,20.0,0.0,47.853215,3.542981,210.0,,,259.981056,500.023134,259.981056,210.20454,469.920672,209.91157200000004,182.006867,371.9971338
2024-08-10 06:56:33+00:00,85.0,19.89,1.0,83.60000000000001,,371.4585,-177.8025,20.0,1.8315,0.0,0.0,1.84,40.25,48.0,,10989.974,11671.33,20.0,0.0,47.853215,3.542981,210.0,,,259.981056,500.023134,259.981056,210.20454,469.920672,209.91157200000004,182.006867,371.9971338
2024-08-10 06:56:34+00:00,85.0,19.89,1.0,83.66,,371.4346,-177.86,20.0,1.8315,0.0,0.0,1.84,40.25,48.25,,10989.974,11671.348,20.0,0.0,47.853215,3.542981,210.0,,,259.981056,500.023134,259.981056,210.20454,469.920672,209.91157200000004,182.006867,371.9971338
2024-08-10 06:56:35+00:00,85.0,19.89,1.0,83.7,,371.4844000000001,-177.8095,20.0,1.8315,0.0,0.0,1.84,40.25,48.25,,10989.974,11671.366,20.0,0.0,47.853215,3.542981,211.0,,,259.981056,500.023134,259.981056,210.20454,469.920672,209.91157200000004,182.006867,371.9971338
2024-08-10 06:56:36+00:00,85.0,19.89,1.0,83.7,,371.4955000000001,-177.8165,20.0,1.8315,0.0,0.0,1.84,40.25,48.25,,10989.974,11671.384,20.0,0.0,47.853215,3.542981,211.0,,,259.981056,500.023134,259.981056,210.20454,469.920672,209.91157200000004,182.006867,371.9971338
2024-08-10 06:56:37+00:00,85.0,19.89,1.0,83.72,,371.49520000000007,-177.789,20.0,1.8315,0.0,0.0,1.84,40.25,48.25,,10989.974,11671.402,20.0,0.0,47.853215,3.542981,211.0,,,259.981056,500.023134,259.981056,210.20454,469.920672,209.91157200000004,182.006867,371.9971338
2024-08-10 06:56:38+00:00,85.0,19.89,1.0,83.80000000000001,,371.4688,-177.8055,20.0,1.8414900000000003,0.0,0.0,1.84,40.25,48.25,,10989.974,11671.42,20.0,0.0,47.853215,3.542981,211.0,2443.464,,259.981056,500.023134,259.981056,210.20454,469.920672,209.91157200000004,182.006867,371.9971338
2024-08-10 06:56:39+00:00,85.0,19.89,1.0,83.80000000000001,,371.4429,-177.8265,20.0,1.83816,0.0,0.0,1.84,40.25,48.25,,10989.974,11671.44,20.0,0.0,47.853215,3.542981,211.0,,9453.84,259.981056,500.023134,259.981056,210.20454,469.920672,209.91157200000004,182.006867,371.9971338
2024-08-10 06:56:40+00:00,85.0,19.89,1.0,83.80000000000001,,371.4076,-177.0705,20.0,1.8315,0.0,0.0,1.84,40.25,48.25,,10989.974,11671.458,20.0,0.0,47.853215,3.542981,211.0,,,259.981056,500.023134,259.981056,210.20454,469.920672,209.91157200000004,182.006867,371.9971338
2024-08-10 06:56:41+00:00,85.0,19.89,1.0,83.88000000000001,,371.4768,-177.6885,20.0,1.8315,0.0,0.0,1.84,40.25,48.25,,10989.974,11671.476,20.0,0.0,47.853215,3.542981,211.0,,,259.981056,500.023134,259.981056,210.20454,469.920672,209.91157200000004,182.006867,371.9971338
2024-08-10 06:56:42+00:00,85.0,19.89,1.0,83.9,,371.5464,-177.131,20.0,1.8315,0.0,0.0,1.84,40.25,48.25,,10989.974,11671.494,20.0,0.0,47.853215,3.542981,211.0,,,259.981056,500.023134,259.981056,210.20454,469.920672,209.91157200000004,182.006867,371.9971338
2024-08-10 06:56:43+00:00,85.0,19.89,1.0,83.9,,371.5064,-177.0345,20.0,1.8315,0.0,0.0,1.84,40.5,48.25,,10989.974,11671.512,20.0,0.0,47.853215,3.542981,211.0,,,259.981056,500.023134,259.981056,209.65522500000003,469.920672,209.91157200000004,181.4941716,371.9971338
2024-08-10 06:56:44+00:00,85.0,19.89,1.0,83.94000000000001,,371.478,-176.2725,20.0,1.8315,0.0,0.0,1.84,40.5,48.25,,10989.974,11671.53,20.0,0.0,47.853215,3.542981,211.0,,,259.981056,500.023134,259.981056,209.10591,469.920672,209.91157200000004,180.9814762,371.9971338
2024-08-10 06:56:45+00:00,85.0,19.89,1.0,84.0,,371.49770000000007,-176.45,20.0,1.8315,0.0,0.0,1.84,40.5,48.25,,10989.974,11671.548,20.0,0.0,47.853215,3.542981,212.0,,,259.981056,500.023134,259.981056,208.556595,469.920672,209.91157200000004,180.4687808,371.9971338
2024-08-10 06:56:46+00:00,85.0,19.89,1.0,84.0,,371.542,-176.2295,20.0,1.83483,0.0,0.0,1.82,40.5,48.25,,10989.974,11671.566,20.0,0.0,47.853215,3.542981,212.0,,,259.981056,500.023134,259.981056,208.00728,469.920672,209.91157200000004,179.95608539999998,371.9971338
2024-08-10 06:56:47+00:00,85.0,19.89,1.0,84.0,,371.5078,-176.6425,20.0,1.8315,0.0,0.0,1.82,40.5,48.25,,10989.974,11671.584,20.0,0.0,47.853215,3.542981,212.0,,,259.981056,500.023134,259.981056,209.10591,469.920672,209.91157200000004,180.9814762,371.9971338
2024-08-10 06:56:48+00:00,85.0,19.89,1.0,84.10000000000001,,371.4835,-176.99,20.0,1.8315,0.0,0.0,1.82,40.5,48.25,,10989.974,11671.604,20.0,0.0,47.853215,3.542981,212.0,,,259.981056,500.023134,259.981056,210.20454,469.920672,209.91157200000004,182.006867,371.9971338
2024-08-10 06:56:49+00:00,85.0,19.89,1.0,84.10000000000001,,371.4423000000001,-176.7035,20.0,1.83483,0.0,0.0,1.82,40.5,48.25,,10989.974,11671.622,20.0,0.0,47.853215,3.542981,212.0,,,259.981056,500.023134,259.981056,209.65522500000003,469.920672,209.91157200000004,181.4941716,371.9971338
2024-08-10 06:56:50+00:00,85.0,19.89,1.0,84.10000000000001,,371.4011,-176.23,20.0,1.8315,0.0,0.0,1.82,40.5,48.25,,10989.974,11671.64,20.0,0.0,47.853215,3.542981,212.0,2443.464,,259.981056,500.023134,259.981056,209.10591,469.920672,209.91157200000004,180.9814762,371.9971338
2024-08-10 06:56:51+00:00,85.0,19.89,1.0,84.16,,371.4745,-176.727,20.0,1.8414900000000003,0.0,0.0,1.82,40.5,48.25,,10989.974,11671.658,20.0,0.0,47.853215,3.542981,212.0,,9453.84,259.981056,500.023134,259.981056,209.65522500000003,469.920672,209.91157200000004,181.4941716,371.9971338
2024-08-10 06:56:52+00:00,85.0,19.89,1.0,84.2,,371.4497,-176.231,20.0,1.8315,0.0,0.0,1.82,40.5,48.25,,10989.974,11671.676,20.0,0.0,47.853215,3.542981,212.0,,,259.981056,500.023134,259.981056,209.65522500000003,469.920672,209.91157200000004,181.4941716,371.9971338
2024-08-10 06:56:53+00:00,85.0,19.89,1.0,84.2,,371.4521,-176.201,20.0,1.8315,0.0,0.0,1.82,40.5,48.25,,10989.974,11671.694,20.0,0.0,47.853215,3.542981,212.0,,,259.981056,500.023134,259.981056,208.556595,469.920672,209.91157200000004,180.4687808,371.9971338
2024-08-10 06:56:54+00:00,85.0,19.89,1.0,84.22,,371.4234,-176.177,20.0,1.83483,0.0,0.0,1.82,40.5,48.25,,10989.974,11671.712,20.0,0.0,47.853215,3.542981,212.0,,,259.981056,500.023134,259.981056,208.556595,469.920672,209.91157200000004,180.4687808,371.9971338
2024-08-10 06:56:55+00:00,85.0,19.89,1.0,84.30000000000001,,371.4067,-176.153,20.0,1.8315,0.0,0.0,1.82,40.5,48.25,,10989.974,11671.73,20.0,0.0,47.853215,3.542981,212.0,,,259.981056,500.023134,259.981056,209.10591,469.920672,209.91157200000004,180.9814762,371.9971338
2024-08-10 06:56:56+00:00,85.0,19.89,1.0,84.30000000000001,,371.4071,-176.1585,20.0,1.8315,0.0,0.0,1.82,40.5,48.25,,10989.974,11671.748,20.0,0.0,47.853215,3.542981,212.0,,,259.981056,500.023134,259.981056,209.10591,469.920672,209.91157200000004,180.9814762,371.9971338
2024-08-10 06:56:57+00:00,85.0,19.89,1.0,84.30000000000001,,371.4494,-176.153,20.0,1.8315,0.0,0.0,1.82,40.5,48.25,,10989.974,11671.766,20.0,0.0,47.853215,3.542981,212.0,,,259.981056,500.023134,259.981056,209.10591,469.920672,209.91157200000004,180.9814762,371.9971338
2024-08-10 06:56:58+00:00,85.0,19.89,1.0,84.38000000000001,,371.529,-175.9545,20.0,1.83483,0.0,0.0,1.82,40.5,48.25,,10989.974,11671.786,20.0,0.0,47.853215,3.542981,212.0,,,259.981056,500.023134,259.981056,208.556595,469.920672,209.91157200000004,180.4687808,371.9971338
2024-08-10 06:56:59+00:00,85.0,19.89,1.0,84.4,,371.479,-175.4015,20.0,1.8315,0.0,0.0,1.82,40.5,48.25,,10989.974,11671.804,20.0,0.0,47.853215,3.542981,212.0,,,259.981056,500.023134,259.981056,208.00728,469.920672,209.91157200000004,179.95608539999998,371.9971338
2024-08-10 06:57:00+00:00,85.0,19.89,1.0,84.4,,371.4896,-175.464,20.0,1.8315,0.0,0.0,1.82,40.5,48.25,,10989.974,11671.822,20.0,0.0,47.853215,3.542981,212.0,,,259.981056,500.023134,259.981056,208.00728,469.920672,209.91157200000004,179.95608539999998,371.9971338
2024-08-10 06:57:01+00:00,85.0,19.89,1.0,84.43,,371.4731,-175.397,20.0,1.8315,0.0,0.0,1.82,40.5,48.5,,10989.974,11671.84,20.0,0.0,47.853215,3.542981,213.0,,,259.981056,500.023134,259.981056,208.00728,469.920672,209.91157200000004,179.95608539999998,371.9971338
2024-08-10 06:57:02+00:00,85.0,19.89,1.0,84.5,,371.5269,-175.3385,20.0,1.83483,0.0,0.0,1.8,40.75,48.5,,10989.974,11671.856,20.0,0.0,47.853215,3.542981,213.0,2443.464,,259.981056,500.023134,259.981056,208.00728,469.920672,209.91157200000004,179.95608539999998,371.9971338
2024-08-10 06:57:03+00:00,85.0,19.89,1.0,84.5,,371.4958,-175.3795,20.0,1.8315,0.0,0.0,1.8,40.75,48.5,,10989.974,11671.874,20.0,0.0,47.853215,3.542981,213.0,,9453.84,259.981056,500.023134,259.981056,208.00728,469.920672,209.91157200000004,179.95608539999998,371.9971338
2024-08-10 06:57:04+00:00,85.0,19.89,1.0,84.5,,371.4599,-175.398,20.0,1.8315,0.0,0.0,1.8,40.75,48.5,,10989.974,11671.894,20.0,0.0,47.853215,3.542981,213.0,,,259.981056,500.023134,259.981056,208.00728,469.920672,209.91157200000004,179.95608539999998,371.9971338
2024-08-10 06:57:05+00:00,85.0,19.89,1.0,84.59,,371.4193,-175.4105,20.0,1.8315,0.0,0.0,1.8,40.75,48.5,,10989.974,11671.912,20.0,0.0,47.853215,3.542981,213.0,,,259.981056,500.023134,259.981056,208.00728,469.920672,209.91157200000004,179.95608539999998,371.9971338
2024-08-10 06:57:06+00:00,85.0,19.89,1.0,84.60000000000001,,371.3918,-175.2615,20.0,1.83483,0.0,0.0,1.8,40.75,48.5,,10989.974,11671.93,20.0,0.0,47.853215,3.542981,213.0,,,259.981056,500.023134,259.981056,208.00728,469.920672,209.91157200000004,179.95608539999998,371.9971338
2024-08-10 06:57:07+00:00,85.0,19.89,1.0,84.60000000000001,,371.4263,-174.863,20.0,1.8315,0.0,0.0,1.8,40.75,48.5,,10989.974,11671.948,20.0,0.0,47.853215,3.542981,213.0,,,259.981056,500.023134,259.981056,207.457965,469.920672,209.91157200000004,179.48001109999998,371.9971338
2024-08-10 06:57:08+00:00,85.0,19.89,1.0,84.64000000000001,,371.4342,-174.5535,20.0,1.83483,0.0,0.0,1.8,40.75,48.5,,10989.974,11671.966,20.0,0.0,47.853215,3.542981,213.0,,,259.981056,500.023134,259.981056,206.90865,469.920672,209.91157200000004,179.0039368,371.9971338
2024-08-10 06:57:09+00:00,85.0,19.89,1.0,84.7,,371.4275,-174.568,20.0,1.8315,0.0,0.0,1.8,40.75,48.5,,10989.974,11671.984,20.0,0.0,47.853215,3.542981,213.0,,,259.981056,500.023134,259.981056,206.90865,469.920672,209.91157200000004,179.0039368,371.9971338
2024-08-10 06:57:10+00:00,85.0,19.89,1.0,84.7,,371.3953,-174.5935,20.0,1.83483,0.0,0.0,1.8,40.75,48.5,,10989.974,11672.0,20.0,0.0,47.853215,3.542981,213.0,,,259.981056,500.023134,259.981056,206.90865,469.920672,209.91157200000004,179.0039368,371.9971338
2024-08-10 06:57:11+00:00,85.0,19.89,1.0,84.7,,371.3629,-174.6165,20.0,1.8315,0.0,0.0,1.8,40.75,48.5,,10989.974,11672.02,20.0,0.0,47.853215,3.542981,214.0,,,259.981056,500.023134,259.981056,206.90865,469.920672,209.91157200000004,179.0039368,371.9971338
2024-08-10 06:57:12+00:00,85.0,19.89,1.0,84.80000000000001,,371.34,-173.967,20.0,1.8315,0.0,0.0,1.8,40.75,48.5,,10989.974,11672.038,20.0,0.0,47.853215,3.542981,214.0,,,259.981056,500.023134,259.981056,205.81002,469.920672,209.91157200000004,177.978546,371.9971338
2024-08-10 06:57:13+00:00,85.0,19.89,1.0,84.80000000000001,,371.3416,-172.861,20.0,1.8315,0.0,0.0,1.8,40.75,48.5,,10989.974,11672.056,20.0,0.0,47.853215,3.542981,214.0,,,259.981056,500.023134,259.981056,204.71139,469.920672,209.91157200000004,176.9531552,371.9971338
2024-08-10 06:57:14+00:00,85.0,19.89,1.0,84.80000000000001,,371.4677,-173.8535,20.0,1.8315,0.0,0.0,1.8,40.75,48.5,,10989.974,11672.074,20.0,0.0,47.853215,3.542981,214.0,2443.464,,259.981056,500.023134,259.981056,205.81002,469.920672,209.91157200000004,177.978546,371.9971338
2024-08-10 06:57:15+00:00,85.0,19.89,1.0,84.85000000000001,,371.4473,-173.909,20.0,1.8315,0.0,0.0,1.8,40.75,48.5,,10989.974,11672.09,20.0,0.0,47.853215,3.542981,214.0,,9453.84,259.981056,500.023134,259.981056,205.81002,469.920672,209.91157200000004,177.978546,371.9971338
2024-08-10 06:57:16+00:00,85.0,19.89,1.0,84.9,,371.4265,-173.3555,20.0,1.8315,0.0,0.0,1.8,40.75,48.5,,10989.974,11672.11,20.0,0.0,47.853215,3.542981,214.0,,,259.981056,500.023134,259.981056,204.71139,469.920672,209.91157200000004,176.9531552,371.9971338
2024-08-10 06:57:17+00:00,85.0,19.89,1.0,84.9,,371.4314,-173.813,20.0,1.8315,0.0,0.0,1.78,40.75,48.5,,10989.974,11672.128,20.0,0.0,47.853215,3.542981,214.0,,,259.981056,500.023134,259.981056,205.81002,469.920672,209.91157200000004,177.978546,371.9971338
2024-08-10 06:57:18+00:00,85.0,19.89,1.0,84.9,,371.4879,-173.8185,20.0,1.8315,0.0,0.0,1.78,40.75,48.5,,10989.974,11672.146,20.0,0.0,47.853215,3.542981,214.0,,,259.981056,500.023134,259.981056,206.90865,469.920672,209.91157200000004,179.0039368,371.9971338
2024-08-10 06:57:19+00:00,85.0,19.89,1.0,85.0,,371.4471,-173.8025,20.0,1.8315,0.0,0.0,1.78,40.75,48.5,,10989.974,11672.164,20.0,0.0,47.853215,3.542981,214.0,,,259.981056,500.023134,259.981056,206.90865,469.920672,209.91157200000004,179.0039368,371.9971338
2024-08-10 06:57:20+00:00,85.0,19.89,1.0,85.0,,371.4289,-173.771,20.0,1.8315,0.0,0.0,1.78,40.75,48.5,,10989.974,11672.182,20.0,0.0,47.853215,3.542981,214.0,,,259.981056,500.023134,259.981056,206.90865,469.920672,209.91157200000004,179.0039368,371.9971338
2024-08-10 06:57:21+00:00,85.0,19.89,1.0,85.0,,371.3803,-173.6105,20.0,1.83816,0.0,0.0,1.78,41.0,48.5,,10989.974,11672.2,20.0,0.0,47.853215,3.542981,214.0,,,259.981056,500.023134,259.981056,206.90865,469.920672,209.91157200000004,179.0039368,371.9971338
2024-08-10 06:57:22+00:00,85.0,19.89,1.0,85.06,,371.3447,-173.0655,20.0,1.83483,0.0,0.0,1.78,41.0,48.5,,10989.974,11672.218,20.0,0.0,47.853215,3.542981,214.0,,,259.981056,500.023134,259.981056,205.81002,469.920672,209.91157200000004,177.978546,371.9971338
2024-08-10 06:57:23+00:00,85.0,19.89,1.0,85.10000000000001,,371.3894,-172.8895,20.0,1.83816,0.0,0.0,1.78,41.0,48.5,,10989.974,11672.234,20.0,0.0,47.853215,3.542981,214.0,,,259.981056,500.023134,259.981056,204.162075,469.920672,209.91157200000004,176.47708089999998,371.9971338
2024-08-10 06:57:24+00:00,85.0,19.89,1.0,85.10000000000001,,371.3865,-172.97,20.0,1.84482,0.0,0.0,1.78,41.0,48.5,,10989.974,11672.252,20.0,0.0,47.853215,3.542981,214.0,,,259.981056,500.023134,259.981056,204.162075,469.920672,209.91157200000004,176.47708089999998,371.9971338
2024-08-10 06:57:25+00:00,85.0,19.89,1.0,85.11000000000001,,371.3835,-173.0225,20.0,1.84482,0.0,0.0,1.78,41.0,48.5,,10989.974,11672.272,20.0,0.0,47.853215,3.542981,214.0,,,259.981056,500.023134,259.981056,204.71139,469.920672,209.91157200000004,176.9531552,371.9971338
2024-08-10 06:57:26+00:00,85.0,19.89,1.0,85.2,,371.3455,-172.672,20.0,1.8315,0.0,0.0,1.78,41.0,48.5,,10989.974,11672.288,20.0,0.0,47.853215,3.542981,214.0,2443.464,,259.981056,500.023134,259.981056,204.162075,469.920672,209.91157200000004,176.47708089999998,371.9971338
2024-08-10 06:57:27+00:00,85.0,19.89,1.0,85.2,,371.3268,-172.546,20.0,1.8315,0.0,0.0,1.78,41.0,48.5,,10989.974,11672.306,20.0,0.0,47.853215,3.542981,215.0,,9453.84,259.981056,500.023134,259.981056,203.61276,469.920672,209.91157200000004,176.00100659999998,371.9971338
2024-08-10 06:57:28+00:00,85.0,19.89,1.0,85.2,,371.3075,-172.407,20.0,1.8315,0.0,0.0,1.78,41.0,48.5,,10989.974,11672.324,20.0,0.0,47.853215,3.542981,215.0,,,259.981056,500.023134,259.981056,203.61276,469.920672,209.91157200000004,176.00100659999998,371.9971338
2024-08-10 06:57:29+00:00,85.0,19.89,1.0,85.26000000000002,,371.3535,-172.37,20.0,1.8315,0.0,0.0,1.78,41.0,48.5,,10989.974,11672.342,20.0,0.0,47.853215,3.542981,215.0,,,259.981056,500.023134,259.981056,203.61276,469.920672,209.91157200000004,176.00100659999998,371.9971338
2024-08-10 06:57:30+00:00,85.0,19.89,1.0,85.30000000000001,,371.4314,-172.2085,20.0,1.8315,0.0,0.0,1.78,41.0,48.5,,10989.974,11672.36,20.0,0.0,47.853215,3.542981,215.0,,,259.981056,500.023134,259.981056,203.61276,469.920672,209.91157200000004,176.00100659999998,371.9971338
2024-08-10 06:57:31+00:00,85.0,19.89,1.0,85.30000000000001,,371.4073,-172.177,20.0,1.8315,0.0,0.0,1.78,41.0,48.75,,10989.974,11672.376,20.0,0.0,47.853215,3.542981,215.0,,,259.981056,500.023134,259.981056,203.61276,469.920672,209.91157200000004,176.00100659999998,371.9971338
2024-08-10 06:57:32+00:00,85.0,19.89,1.0,85.31000000000002,,371.4059,-172.117,20.0,1.83483,0.0,0.0,1.78,41.0,48.75,,10989.974,11672.396,20.0,0.0,47.853215,3.542981,215.0,,,259.981056,500.023134,259.981056,203.61276,469.920672,209.91157200000004,176.00100659999998,371.9971338
2024-08-10 06:57:33+00:00,85.0,19.89,1.0,85.4,,371.4052,-172.125,20.0,1.84815,0.0,0.0,1.76,41.0,48.75,,10989.974,11672.414,20.0,0.0,47.853215,3.542981,215.0,,,259.981056,500.023134,259.981056,203.61276,469.920672,209.91157200000004,176.00100659999998,371.9971338
2024-08-10 06:57:34+00:00,85.0,19.89,1.0,85.4,,371.4468,-172.123,20.0,1.85148,0.0,0.0,1.76,41.0,48.75,,10989.974,11672.43,20.0,0.0,47.853215,3.542981,215.0,,,259.981056,500.023134,259.981056,203.61276,469.920672,209.91157200000004,176.00100659999998,371.9971338
2024-08-10 06:57:35+00:00,85.0,19.89,1.0,85.4,,371.4186,-172.014,20.0,1.83483,0.0,0.0,1.76,41.0,48.75,,10989.974,11672.448,20.0,0.0,47.853215,3.542981,216.0,,,259.981056,500.023134,259.981056,203.61276,469.920672,209.91157200000004,176.00100659999998,371.9971338
2024-08-10 06:57:36+00:00,85.0,19.89,1.0,85.46000000000001,,371.3763,-171.5965,20.0,1.8315,0.0,0.0,1.76,41.0,48.75,,10989.974,11672.466,20.0,0.0,47.853215,3.542981,216.0,,,259.981056,500.023134,259.981056,203.61276,469.920672,209.91157200000004,176.00100659999998,371.9971338
2024-08-10 06:57:37+00:00,85.0,19.89,1.0,85.5,,371.329,-171.512,20.0,1.83483,0.0,0.0,1.76,41.0,48.75,,10989.974,11672.484,20.0,0.0,47.853215,3.542981,216.0,,,259.981056,500.023134,259.981056,203.61276,469.920672,209.91157200000004,176.00100659999998,371.9971338
2024-08-10 06:57:38+00:00,85.0,19.89,1.0,85.5,,371.3065,-171.3645,20.0,1.84815,0.0,0.0,1.76,41.0,48.75,,10989.974,11672.5,20.0,0.0,47.853215,3.542981,216.0,2443.464,,259.981056,500.023134,259.981056,203.61276,469.920672,209.91157200000004,176.00100659999998,371.9971338
2024-08-10 06:57:39+00:00,85.0,19.89,1.0,85.51,,371.3528,-171.313,20.0,1.83816,0.0,0.0,1.76,41.0,48.75,,10989.974,11672.52,20.0,0.0,47.853215,3.542981,216.0,,9453.84,259.981056,500.023134,259.981056,203.61276,469.920672,209.91157200000004,176.00100659999998,371.9971338
2024-08-10 06:57:40+00:00,85.0,19.89,1.0,85.60000000000001,,371.3565,-171.317,20.0,1.8315,0.0,0.0,1.76,41.0,48.75,,10989.974,11672.538,20.0,0.0,47.853215,3.542981,216.0,,,259.981056,500.023134,259.981056,203.61276,469.920672,209.91157200000004,176.00100659999998,371.9971338
2024-08-10 06:57:41+00:00,85.0,19.89,1.0,85.60000000000001,,371.362,-171.3245,20.0,1.8414900000000003,0.0,0.0,1.76,41.25,48.75,,10989.974,11672.554,20.0,0.0,47.853215,3.542981,216.0,,,259.981056,500.023134,259.981056,203.61276,469.920672,209.91157200000004,176.00100659999998,371.9971338
2024-08-10 06:57:42+00:00,85.0,19.89,1.0,85.60000000000001,,371.3239393939394,-171.2207071,20.0,1.83483,0.0,0.0,1.76,41.25,48.75,,10989.974,11672.572,20.0,0.0,47.853215,3.542981,216.0,,,259.981056,500.023134,259.981056,203.61276,469.920672,209.91157200000004,176.00100659999998,371.9971338
2024-08-10 06:57:43+00:00,85.0,19.89,1.0,85.65,,371.2873,-170.7085,20.0,1.82817,0.0,0.0,1.76,41.25,48.75,,10989.974,11672.59,20.0,0.0,47.853215,3.542981,216.0,,,259.981056,500.023134,259.981056,203.063445,469.920672,209.91157200000004,175.48831119999997,371.9971338
2024-08-10 06:57:44+00:00,85.0,19.89,1.0,85.7,,371.2704,-170.551,20.0,1.8315,0.0,0.0,1.76,41.25,48.75,,10989.974,11672.608,20.0,0.0,47.853215,3.542981,216.0,,,259.981056,500.023134,259.981056,202.51413,469.920672,209.91157200000004,174.9756158,371.9971338
2024-08-10 06:57:45+00:00,85.0,19.89,1.0,85.7,,371.3129,-170.5345,20.0,1.8315,0.0,0.0,1.76,41.25,48.75,,10989.974,11672.624,20.0,0.0,47.853215,3.542981,217.0,,,259.981056,500.023134,259.981056,202.51413,469.920672,209.91157200000004,174.9756158,371.9971338
2024-08-10 06:57:46+00:00,85.0,19.89,1.0,85.7,,371.402,-170.5125,20.0,1.8315,0.0,0.0,1.76,41.25,48.75,,10989.974,11672.642,20.0,0.0,47.853215,3.542981,217.0,,,259.981056,500.023134,259.981056,202.51413,469.920672,209.91157200000004,174.9756158,371.9971338
2024-08-10 06:57:47+00:00,85.0,19.89,1.0,85.80000000000001,,371.3786,-170.509,20.0,1.83816,0.0,0.0,1.76,41.25,48.75,,10989.974,11672.66,20.0,0.0,47.853215,3.542981,217.0,,,259.981056,500.023134,259.981056,202.51413,469.920672,209.91157200000004,174.9756158,371.9971338
2024-08-10 06:57:48+00:00,85.0,19.89,1.0,85.80000000000001,,371.3605,-170.1305,20.0,1.8315,0.0,0.0,1.74,41.25,48.75,,10989.974,11672.678,20.0,0.0,47.853215,3.542981,217.0,,,259.981056,500.023134,259.981056,202.51413,469.920672,209.91157200000004,174.9756158,371.9971338
2024-08-10 06:57:49+00:00,85.0,19.89,1.0,85.80000000000001,,371.3617,-170.017,20.0,1.8315,0.0,0.0,1.74,41.25,48.75,,10989.974,11672.696,20.0,0.0,47.853215,3.542981,217.0,,,259.981056,500.023134,259.981056,201.964815,469.920672,209.91157200000004,174.46292039999997,371.9971338
2024-08-10 06:57:50+00:00,85.0,19.89,1.0,85.85000000000001,,371.4083,-169.7405,20.0,1.83483,0.0,0.0,1.74,41.25,48.75,,10989.974,11672.712,20.0,0.0,47.853215,3.542981,217.0,2443.464,,259.981056,500.023134,259.981056,201.4155,469.920672,209.91157200000004,173.950225,371.9971338
2024-08-10 06:57:51+00:00,85.0,19.89,1.0,85.9,,371.3501,-169.7475,20.0,1.8315,0.0,0.0,1.74,41.25,48.75,,10989.974,11672.73,20.0,0.0,47.853215,3.542981,217.0,,9453.84,259.981056,500.023134,259.981056,201.4155,469.920672,209.91157200000004,173.950225,371.9971338
2024-08-10 06:57:52+00:00,85.0,19.89,1.0,85.9,,371.3305,-169.7495,20.0,1.8315,0.0,0.0,1.74,41.25,48.75,,10989.974,11672.748,20.0,0.0,47.853215,3.542981,217.0,,,259.981056,500.023134,259.981056,201.4155,469.920672,209.91157200000004,173.950225,371.9971338
2024-08-10 06:57:53+00:00,85.0,19.89,1.0,85.9,,371.2874,-169.691,20.0,1.83483,0.0,0.0,1.74,41.25,48.75,,10989.974,11672.764,20.0,0.0,47.853215,3.542981,217.0,,,259.981056,500.023134,259.981056,201.4155,469.920672,209.91157200000004,173.950225,371.9971338
2024-08-10 06:57:54+00:00,85.0,19.89,1.0,85.99,,371.2479,-168.8705,20.0,1.83483,0.0,0.0,1.74,41.25,48.75,,10989.974,11672.784,20.0,0.0,47.853215,3.542981,217.0,,,259.981056,500.023134,259.981056,200.31687,469.920672,209.91157200000004,172.96145529999998,371.9971338
2024-08-10 06:57:55+00:00,85.0,19.89,1.0,86.0,,371.2353,-167.7565,20.0,1.82817,0.0,0.0,1.74,41.25,48.75,,10989.974,11672.8,20.0,0.0,47.853215,3.542981,217.0,,,259.981056,500.023134,259.981056,198.668925,469.920672,209.91157200000004,171.45999019999996,371.9971338
2024-08-10 06:57:56+00:00,85.0,19.89,1.0,86.0,,371.2609000000001,-168.5425,20.0,1.8315,0.0,0.0,1.74,41.25,48.75,,10989.974,11672.818,20.0,0.0,47.853215,3.542981,217.0,,,259.981056,500.023134,259.981056,198.668925,469.920672,209.91157200000004,171.45999019999996,371.9971338
2024-08-10 06:57:57+00:00,85.0,19.89,1.0,86.03,,371.2659,-168.3735,20.0,1.84482,0.0,0.0,1.74,41.25,48.75,,10989.974,11672.834,20.0,0.0,47.853215,3.542981,217.0,,,259.981056,500.023134,259.981056,199.21824,469.920672,209.91157200000004,171.97268559999998,371.9971338
2024-08-10 06:57:58+00:00,85.0,19.89,1.0,86.10000000000001,,371.2667,-168.94,20.0,1.8315,0.0,0.0,1.74,41.25,48.75,,10989.974,11672.852,20.0,0.0,47.853215,3.542981,217.0,,,259.981056,500.023134,259.981056,200.31687,469.920672,209.91157200000004,172.96145529999998,371.9971338
2024-08-10 06:57:59+00:00,85.0,19.89,1.0,86.10000000000001,,371.2528,-169.0865,20.0,1.83483,0.0,0.0,1.74,41.25,48.75,,10989.974,11672.87,20.0,0.0,47.853215,3.542981,217.0,,,259.981056,500.023134,259.981056,201.4155,469.920672,209.91157200000004,173.950225,371.9971338
2024-08-10 06:58:00+00:00,85.0,19.89,1.0,86.10000000000001,,371.2324,-168.9015,20.0,1.8414900000000003,0.0,0.0,1.74,41.25,48.75,,10989.974,11672.886,20.0,0.0,47.853215,3.542981,217.0,,,259.981056,500.023134,259.981056,201.4155,469.920672,209.91157200000004,173.950225,371.9971338
2024-08-10 06:58:01+00:00,85.0,19.89,1.0,86.17,,371.2745000000001,-168.89,20.0,1.82817,0.0,0.0,1.72,41.5,48.75,,10989.974,11672.906,20.0,0.0,47.853215,3.542981,217.0,,,259.981056,500.023134,259.981056,201.4155,469.920672,209.91157200000004,173.950225,371.9971338
2024-08-10 06:58:02+00:00,85.0,19.89,1.0,86.2,,371.3681,-168.726,20.0,1.83816,0.0,0.0,1.72,41.5,48.75,,10989.974,11672.922,20.0,0.0,47.853215,3.542981,217.0,2443.464,,259.981056,500.023134,259.981056,201.4155,469.920672,209.91157200000004,173.950225,371.9971338
2024-08-10 06:58:03+00:00,85.0,19.89,1.0,86.2,,371.3375,-168.515,20.0,1.8315,0.0,0.0,1.72,41.5,49.0,,10989.974,11672.938,20.0,0.0,47.853215,3.542981,218.0,,9453.84,259.981056,500.023134,259.981056,200.31687,469.920672,209.91157200000004,172.96145529999998,371.9971338
2024-08-10 06:58:04+00:00,85.0,19.89,1.0,86.22,,371.2946,-167.7975,20.0,1.8315,0.0,0.0,1.72,41.5,49.0,,10989.974,11672.956,20.0,0.0,47.853215,3.542981,218.0,,,259.981056,500.023134,259.981056,198.668925,469.920672,209.91157200000004,171.45999019999996,371.9971338
2024-08-10 06:58:05+00:00,85.0,19.89,1.0,86.30000000000001,,371.3130000000001,-168.1535,20.0,1.8414900000000003,0.0,0.0,1.72,41.5,49.0,,10989.974,11672.974,20.0,0.0,47.853215,3.542981,218.0,,,259.981056,500.023134,259.981056,198.668925,469.920672,209.91157200000004,171.45999019999996,371.9971338
2024-08-10 06:58:06+00:00,85.0,19.89,1.0,86.30000000000001,,371.3585,-168.042,20.0,1.8414900000000003,0.0,0.0,1.72,41.5,49.0,,10989.974,11672.992,20.0,0.0,47.853215,3.542981,218.0,,,259.981056,500.023134,259.981056,199.21824,469.920672,209.91157200000004,171.97268559999998,371.9971338
2024-08-10 06:58:07+00:00,85.0,19.89,1.0,86.30000000000001,,371.2903,-167.7025,20.0,1.84815,0.0,0.0,1.72,41.5,49.0,,10989.974,11673.008,20.0,0.0,47.853215,3.542981,218.0,,,259.981056,500.023134,259.981056,198.668925,469.920672,209.91157200000004,171.45999019999996,371.9971338
2024-08-10 06:58:08+00:00,85.0,19.89,1.0,86.36000000000001,,371.2645,-167.6015,20.0,1.8315,0.0,0.0,1.72,41.5,49.0,,10989.974,11673.026,20.0,0.0,47.853215,3.542981,218.0,,,259.981056,500.023134,259.981056,198.668925,469.920672,209.91157200000004,171.45999019999996,371.9971338
2024-08-10 06:58:09+00:00,85.0,19.89,1.0,86.4,,371.235,-167.6335,20.0,1.8414900000000003,0.0,0.0,1.72,41.5,49.0,,10989.974,11673.044,20.0,0.0,47.853215,3.542981,218.0,,,259.981056,500.023134,259.981056,198.668925,469.920672,209.91157200000004,171.45999019999996,371.9971338
2024-08-10 06:58:10+00:00,85.0,19.89,1.0,86.4,,371.2031,-167.466,20.0,1.83483,0.0,0.0,1.72,41.5,49.0,,10989.974,11673.06,20.0,0.0,47.853215,3.542981,218.0,,,259.981056,500.023134,259.981056,198.668925,469.920672,209.91157200000004,171.45999019999996,371.9971338
2024-08-10 06:58:11+00:00,85.0,19.89,1.0,86.4,,371.24590000000006,-167.28,20.0,1.8315,0.0,0.0,1.72,41.5,49.0,,10989.974,11673.078,20.0,0.0,47.853215,3.542981,218.0,,,259.981056,500.023134,259.981056,199.21824,469.920672,209.91157200000004,171.97268559999998,371.9971338
2024-08-10 06:58:12+00:00,85.0,19.89,1.0,86.5,,371.2478,-167.2905,20.0,1.8315,0.0,0.0,1.72,41.5,49.0,,10989.974,11673.094,20.0,0.0,47.853215,3.542981,218.0,,,259.981056,500.023134,259.981056,199.21824,469.920672,209.91157200000004,171.97268559999998,371.9971338
2024-08-10 06:58:13+00:00,85.0,19.89,1.0,86.5,,371.2628,-167.2825,20.0,1.8315,0.0,0.0,1.72,41.5,49.0,,10989.974,11673.112,20.0,0.0,47.853215,3.542981,218.0,,,259.981056,500.023134,259.981056,199.21824,469.920672,209.91157200000004,171.97268559999998,371.9971338
2024-08-10 06:58:14+00:00,85.0,19.89,1.0,86.5,,371.233,-167.2835,20.0,1.8315,0.0,0.0,1.72,41.5,49.0,,10989.974,11673.128,20.0,0.0,47.853215,3.542981,218.0,2443.464,,259.981056,500.023134,259.981056,199.21824,469.920672,209.91157200000004,171.97268559999998,371.9971338
2024-08-10 06:58:15+00:00,85.0,19.89,1.0,86.54,,371.2265,-167.262,20.0,1.83483,0.0,0.0,1.7,41.5,49.0,,10989.974,11673.148,20.0,0.0,47.853215,3.542981,218.0,,9453.84,259.981056,500.023134,259.981056,199.21824,469.920672,209.91157200000004,171.97268559999998,371.9971338
2024-08-10 06:58:16+00:00,85.0,19.89,1.0,86.60000000000001,,371.1723,-166.747,20.0,1.85148,0.0,0.0,1.7,41.5,49.0,,10989.974,11673.164,20.0,0.0,47.853215,3.542981,218.0,,,259.981056,500.023134,259.981056,198.668925,469.920672,209.91157200000004,171.45999019999996,371.9971338
2024-08-10 06:58:17+00:00,85.0,19.89,1.0,86.60000000000001,,371.2147,-166.485,20.0,1.84815,0.0,0.0,1.7,41.5,49.0,,10989.974,11673.182,20.0,0.0,47.853215,3.542981,218.0,,,259.981056,500.023134,259.981056,198.11961,469.920672,209.91157200000004,170.94729479999998,371.9971338
2024-08-10 06:58:18+00:00,85.0,19.89,1.0,86.60000000000001,,371.3062000000001,-166.491,20.0,1.83483,0.0,0.0,1.7,41.5,49.0,,10989.974,11673.198,20.0,0.0,47.853215,3.542981,218.0,,,259.981056,500.023134,259.981056,198.11961,469.920672,209.91157200000004,170.94729479999998,371.9971338
2024-08-10 06:58:19+00:00,85.0,19.89,1.0,86.68,,371.2886,-166.513,20.0,1.83816,0.0,0.0,1.7,41.5,49.0,,10989.974,11673.216,20.0,0.0,47.853215,3.542981,218.0,,,259.981056,500.023134,259.981056,198.11961,469.920672,209.91157200000004,170.94729479999998,371.9971338
2024-08-10 06:58:20+00:00,85.0,19.89,1.0,86.7,,371.2756,-166.515,20.0,1.83816,0.0,0.0,1.7,41.5,49.0,,10989.974,11673.232,20.0,0.0,47.853215,3.542981,218.0,,,259.981056,500.023134,259.981056,198.11961,469.920672,209.91157200000004,170.94729479999998,371.9971338
2024-08-10 06:58:21+00:00,85.0,19.89,1.0,86.7,,371.2626,-165.8815,20.0,1.83483,0.0,0.0,1.7,41.75,49.0,,10989.974,11673.25,20.0,0.0,47.853215,3.542981,219.0,,,259.981056,500.023134,259.981056,198.11961,469.920672,209.91157200000004,170.94729479999998,371.9971338
2024-08-10 06:58:22+00:00,85.0,19.89,1.0,86.71000000000001,,371.3143,-165.9685,20.0,1.83483,0.0,0.0,1.7,41.75,49.0,,10989.974,11673.266,20.0,0.0,47.853215,3.542981,219.0,,,259.981056,500.023134,259.981056,198.11961,469.920672,209.91157200000004,170.94729479999998,371.9971338
2024-08-10 06:58:23+00:00,85.0,19.89,1.0,86.80000000000001,,371.2545,-165.7205,20.0,1.8315,0.0,0.0,1.7,41.75,49.0,,10989.974,11673.284,20.0,0.0,47.853215,3.542981,219.0,,,259.981056,500.023134,259.981056,198.11961,469.920672,209.91157200000004,170.94729479999998,371.9971338
2024-08-10 06:58:24+00:00,85.0,19.89,1.0,86.80000000000001,,371.2256,-165.7245,20.0,1.8315,0.0,0.0,1.7,41.75,49.0,,10989.974,11673.3,20.0,0.0,47.853215,3.542981,219.0,,,259.981056,500.023134,259.981056,198.11961,469.920672,209.91157200000004,170.94729479999998,371.9971338
2024-08-10 06:58:25+00:00,85.0,19.89,1.0,86.80000000000001,,371.1883,-165.72,20.0,1.8315,0.0,0.0,1.7,41.75,49.0,,10989.974,11673.318,20.0,0.0,47.853215,3.542981,219.0,,,259.981056,500.023134,259.981056,198.11961,469.920672,209.91157200000004,170.94729479999998,371.9971338
2024-08-10 06:58:26+00:00,85.0,19.89,1.0,86.85000000000001,,371.1407,-165.237,20.0,1.8315,0.0,0.0,1.7,41.75,49.0,,10989.974,11673.334,20.0,0.0,47.853215,3.542981,219.0,2443.464,,259.981056,500.023134,259.981056,197.02098,469.920672,209.91157200000004,169.9585251,371.9971338
2024-08-10 06:58:27+00:00,85.0,19.89,1.0,86.9,,371.1533,-164.253,20.0,1.8315,0.0,0.0,1.7,41.75,49.0,,10989.974,11673.352,20.0,0.0,47.853215,3.542981,219.0,,9453.84,259.981056,500.023134,259.981056,195.373035,469.920672,209.91157200000004,168.49368109999998,371.9971338
2024-08-10 06:58:28+00:00,85.0,19.89,1.0,86.9,,371.1932,-164.885,20.0,1.8315,0.0,0.0,1.68,41.75,49.0,,10989.974,11673.37,20.0,0.0,47.853215,3.542981,219.0,,,259.981056,500.023134,259.981056,195.373035,469.920672,209.91157200000004,168.49368109999998,371.9971338
2024-08-10 06:58:29+00:00,85.0,19.89,1.0,86.9,,371.19020000000006,-164.861,20.0,1.83483,0.0,0.0,1.68,41.75,49.0,,10989.974,11673.386,20.0,0.0,47.853215,3.542981,220.0,,,259.981056,500.023134,259.981056,195.92235,469.920672,209.91157200000004,168.9697554,371.9971338
2024-08-10 06:58:30+00:00,85.0,19.89,1.0,86.97999999999999,,371.1637,-164.8445,20.0,1.83483,0.0,0.0,1.68,41.75,49.0,,10989.974,11673.404,20.0,0.0,47.853215,3.542981,220.0,,,259.981056,500.023134,259.981056,195.92235,469.920672,209.91157200000004,168.9697554,371.9971338
2024-08-10 06:58:31+00:00,85.0,19.89,1.0,87.0,,371.149,-164.8325,20.0,1.83483,0.0,0.0,1.68,41.75,49.0,,10989.974,11673.42,20.0,0.0,47.853215,3.542981,220.0,,,259.981056,500.023134,259.981056,195.92235,469.920672,209.91157200000004,168.9697554,371.9971338
2024-08-10 06:58:32+00:00,85.0,19.89,1.0,87.0,,371.138,-164.877,20.0,1.83816,0.0,0.0,1.68,41.75,49.0,,10989.974,11673.438,20.0,0.0,47.853215,3.542981,220.0,,,259.981056,500.023134,259.981056,195.92235,469.920672,209.91157200000004,168.9697554,371.9971338
2024-08-10 06:58:33+00:00,85.0,19.89,1.0,87.02000000000001,,371.1702,-164.5975,20.0,1.83483,0.0,0.0,1.68,41.75,49.0,,10989.974,11673.454,20.0,0.0,47.853215,3.542981,220.0,,,259.981056,500.023134,259.981056,195.92235,469.920672,209.91157200000004,168.9697554,371.9971338
2024-08-10 06:58:34+00:00,85.0,19.89,1.0,87.10000000000001,,371.2549,-164.581,20.0,1.8315,0.0,0.0,1.68,41.75,49.0,,10989.974,11673.472,20.0,0.0,47.853215,3.542981,220.0,,,259.981056,500.023134,259.981056,195.92235,469.920672,209.91157200000004,168.9697554,371.9971338
2024-08-10 06:58:35+00:00,85.0,19.89,1.0,87.10000000000001,,371.2258,-164.3035,20.0,1.83816,0.0,0.0,1.68,41.75,49.0,,10989.974,11673.488,20.0,0.0,47.853215,3.542981,220.0,,,259.981056,500.023134,259.981056,195.92235,469.920672,209.91157200000004,168.9697554,371.9971338
2024-08-10 06:58:36+00:00,85.0,19.89,1.0,87.10000000000001,,371.2213,-164.187,20.0,1.83483,0.0,0.0,1.68,41.75,49.25,,10989.974,11673.504,20.0,0.0,47.853215,3.542981,220.0,,,259.981056,500.023134,259.981056,195.373035,469.920672,209.91157200000004,168.49368109999998,371.9971338
2024-08-10 06:58:37+00:00,85.0,19.89,1.0,87.15,,371.2214,-164.0525,20.0,1.83816,0.0,0.0,1.68,41.75,49.25,,10989.974,11673.522,20.0,0.0,47.853215,3.542981,220.0,,,259.981056,500.023134,259.981056,194.82372,469.920672,209.91157200000004,168.01760679999998,371.9971338
2024-08-10 06:58:38+00:00,85.0,19.89,1.0,87.2,,371.2535,-164.047,20.0,1.82817,0.0,0.0,1.68,41.75,49.25,,10989.974,11673.538,20.0,0.0,47.853215,3.542981,220.0,2443.464,,259.981056,500.023134,259.981056,194.82372,469.920672,209.91157200000004,168.01760679999998,371.9971338
2024-08-10 06:58:39+00:00,85.0,19.89,1.0,87.2,,371.2212,-164.086,20.0,1.83483,0.0,0.0,1.68,41.75,49.25,,10989.974,11673.556,20.0,0.0,47.853215,3.542981,221.0,,9453.84,259.981056,500.023134,259.981056,194.82372,469.920672,209.91157200000004,168.01760679999998,371.9971338
2024-08-10 06:58:40+00:00,85.0,19.89,1.0,87.2,,371.20200000000006,-164.018,20.1,1.8315,0.0,0.0,1.68,41.75,49.25,,10989.974,11673.572,20.0,0.0,47.853215,3.542981,221.0,,,259.981056,500.023134,259.981056,194.82372,469.920672,209.91157200000004,168.01760679999998,371.9971338
2024-08-10 06:58:41+00:00,85.0,19.89,1.0,87.28,,371.142,-163.471,20.0,1.8414900000000003,0.0,0.0,1.66,41.75,49.25,,10989.974,11673.59,20.0,0.0,47.853215,3.542981,221.0,,,259.981056,500.023134,259.981056,194.82372,469.920672,209.91157200000004,168.01760679999998,371.9971338
2024-08-10 06:58:42+00:00,85.0,19.89,1.0,87.30000000000001,,371.1036,-163.327,20.0,1.8315,0.0,0.0,1.66,42.0,49.25,,10989.974,11673.606,20.0,0.0,47.853215,3.542981,221.0,,,259.981056,500.023134,259.981056,194.82372,469.920672,209.91157200000004,168.01760679999998,371.9971338
2024-08-10 06:58:43+00:00,85.0,19.89,1.0,87.30000000000001,,371.1503,-163.2465,20.0,1.83816,0.0,0.0,1.66,42.0,49.25,,10989.974,11673.622,20.0,0.0,47.853215,3.542981,221.0,,,259.981056,500.023134,259.981056,194.82372,469.920672,209.91157200000004,168.01760679999998,371.9971338
2024-08-10 06:58:44+00:00,85.0,19.89,1.0,87.31000000000002,,371.163,-163.226,20.0,1.83816,0.0,0.0,1.66,42.0,49.25,,10989.974,11673.64,20.0,0.0,47.853215,3.542981,221.0,,,259.981056,500.023134,259.981056,194.82372,469.920672,209.91157200000004,168.01760679999998,371.9971338
2024-08-10 06:58:45+00:00,85.0,19.89,1.0,87.4,,371.1671,-163.2435,20.0,1.83816,0.0,0.0,1.66,42.0,49.25,,10989.974,11673.658,20.0,0.0,47.853215,3.542981,221.0,,,259.981056,500.023134,259.981056,194.82372,469.920672,209.91157200000004,168.01760679999998,371.9971338
2024-08-10 06:58:46+00:00,85.0,19.89,1.0,87.4,,371.1407,-163.2715,20.0,1.8414900000000003,0.0,0.0,1.66,42.0,49.25,,10989.974,11673.674,20.0,0.0,47.853215,3.542981,221.0,,,259.981056,500.023134,259.981056,194.82372,469.920672,209.91157200000004,168.01760679999998,371.9971338
2024-08-10 06:58:47+00:00,85.0,19.89,1.0,87.4,,371.1128,-162.9865,20.0,1.84482,0.0,0.0,1.66,42.0,49.25,,10989.974,11673.692,20.0,0.0,47.853215,3.542981,221.0,,,259.981056,500.023134,259.981056,194.82372,469.920672,209.91157200000004,168.01760679999998,371.9971338
2024-08-10 06:58:48+00:00,85.0,19.89,1.0,87.44000000000001,,371.0766,-162.4745,20.0,1.8414900000000003,0.0,0.0,1.66,42.0,49.25,,10989.974,11673.706,20.0,0.0,47.853215,3.542981,221.0,,,259.981056,500.023134,259.981056,194.274405,469.920672,209.91157200000004,167.5049114,371.9971338
2024-08-10 06:58:49+00:00,85.0,19.89,1.0,87.5,,371.1206,-162.497,20.0,1.83483,0.0,0.0,1.66,42.0,49.25,,10989.974,11673.724,20.0,0.0,47.853215,3.542981,221.0,,,259.981056,500.023134,259.981056,193.72509,469.920672,209.91157200000004,166.99221599999998,371.9971338
2024-08-10 06:58:50+00:00,85.0,19.89,1.0,87.5,,371.2209,-162.471,20.0,1.84815,0.0,0.0,1.66,42.0,49.25,,10989.974,11673.742,20.0,0.0,47.853215,3.542981,221.0,2443.464,,259.981056,500.023134,259.981056,193.72509,469.920672,209.91157200000004,166.99221599999998,371.9971338
2024-08-10 06:58:51+00:00,85.0,19.89,1.0,87.5,,371.1921,-162.479,20.0,1.83483,0.0,0.0,1.66,42.0,49.25,,10989.974,11673.756,20.0,0.0,47.853215,3.542981,221.0,,9453.84,259.981056,500.023134,259.981056,193.72509,469.920672,209.91157200000004,166.99221599999998,371.9971338
2024-08-10 06:58:52+00:00,85.0,19.89,1.0,87.57000000000001,,371.1668,-161.8815,20.0,1.83483,0.0,0.0,1.66,42.0,49.25,,10989.974,11673.774,20.0,0.0,47.853215,3.542981,221.0,,,259.981056,500.023134,259.981056,193.72509,469.920672,209.91157200000004,166.99221599999998,371.9971338
2024-08-10 06:58:53+00:00,85.0,19.89,1.0,87.60000000000001,,371.17800000000005,-161.9945,20.0,1.83483,0.0,0.0,1.66,42.0,49.25,,10989.974,11673.79,20.0,0.0,47.853215,3.542981,221.0,,,259.981056,500.023134,259.981056,193.72509,469.920672,209.91157200000004,166.99221599999998,371.9971338
2024-08-10 06:58:54+00:00,85.0,19.89,1.0,87.60000000000001,,371.2,-161.671,20.0,1.8315,0.0,0.0,1.64,42.0,49.25,,10989.974,11673.806,20.0,0.0,47.853215,3.542981,221.0,,,259.981056,500.023134,259.981056,193.72509,469.920672,209.91157200000004,166.99221599999998,371.9971338
2024-08-10 06:58:55+00:00,85.0,19.89,1.0,87.60000000000001,,371.1587,-161.6445,20.0,1.83816,0.0,0.0,1.64,42.0,49.25,,10989.974,11673.824,20.0,0.0,47.853215,3.542981,222.0,,,259.981056,500.023134,259.981056,193.72509,469.920672,209.91157200000004,166.99221599999998,371.9971338
2024-08-10 06:58:56+00:00,85.0,19.89,1.0,87.7,,371.1109,-160.981,20.0,1.83483,0.0,0.0,1.64,42.0,49.25,,10989.974,11673.84,20.0,0.0,47.853215,3.542981,222.0,,,259.981056,500.023134,259.981056,192.62646,469.920672,209.91157200000004,166.00344629999998,371.9971338
2024-08-10 06:58:57+00:00,85.0,19.89,1.0,87.7,,371.0667,-160.7275,20.0,1.8315,0.0,0.0,1.64,42.0,49.25,,10989.974,11673.858,20.0,0.0,47.853215,3.542981,222.0,,,259.981056,500.023134,259.981056,191.52783,469.920672,209.91157200000004,165.01467659999997,371.9971338
2024-08-10 06:58:58+00:00,85.0,19.89,1.0,87.7,,371.0417,-160.789,20.0,1.8315,0.0,0.0,1.64,42.0,49.25,,10989.974,11673.874,20.0,0.0,47.853215,3.542981,222.0,,,259.981056,500.023134,259.981056,191.52783,469.920672,209.91157200000004,165.01467659999997,371.9971338
2024-08-10 06:58:59+00:00,85.0,19.89,1.0,87.72,,371.099,-160.793,20.0,1.83483,0.0,0.0,1.64,42.0,49.25,,10989.974,11673.89,20.0,0.0,47.853215,3.542981,222.0,,,259.981056,500.023134,259.981056,191.52783,469.920672,209.91157200000004,165.01467659999997,371.9971338
2024-08-10 06:59:00+00:00,85.0,19.89,1.0,87.80000000000001,,371.0984,-160.786,20.0,1.8315,0.0,0.0,1.64,42.0,49.25,,10989.974,11673.908,20.0,0.0,47.853215,3.542981,222.0,,,259.981056,500.023134,259.981056,191.52783,469.920672,209.91157200000004,165.01467659999997,371.9971338
2024-08-10 06:59:01+00:00,85.0,19.89,1.0,87.80000000000001,,371.096,-160.789,20.0,1.8315,0.0,0.0,1.64,42.0,49.25,,10989.974,11673.924,20.0,0.0,47.853215,3.542981,222.0,,,259.981056,500.023134,259.981056,191.52783,469.920672,209.91157200000004,165.01467659999997,371.9971338
2024-08-10 06:59:02+00:00,85.0,19.89,1.0,87.80000000000001,,371.0787,-160.806,20.0,1.83483,0.0,0.0,1.64,42.25,49.25,,10989.974,11673.94,20.0,0.0,47.853215,3.542981,222.0,2443.464,,259.981056,500.023134,259.981056,191.52783,469.920672,209.91157200000004,165.01467659999997,371.9971338
2024-08-10 06:59:03+00:00,85.0,19.89,1.0,87.85000000000001,,371.0618,-160.8145,20.0,1.83483,0.0,0.0,1.64,42.25,49.25,,10989.974,11673.956,20.0,0.0,47.853215,3.542981,222.0,,9453.84,259.981056,500.023134,259.981056,191.52783,469.920672,209.91157200000004,165.01467659999997,371.9971338
2024-08-10 06:59:04+00:00,85.0,19.89,1.0,87.9,,371.0534,-160.8155,20.0,1.8315,0.0,0.0,1.64,42.25,49.25,,10989.974,11673.974,20.0,0.0,47.853215,3.542981,222.0,,,259.981056,500.023134,259.981056,191.52783,469.920672,209.91157200000004,165.01467659999997,371.9971338
2024-08-10 06:59:05+00:00,85.0,19.89,1.0,87.9,,371.0691000000001,-160.1885,20.0,1.8315,0.0,0.0,1.64,42.25,49.25,,10989.974,11673.99,20.0,0.0,47.853215,3.542981,222.0,,,259.981056,500.023134,259.981056,190.978515,469.920672,209.91157200000004,164.5019812,371.9971338
2024-08-10 06:59:06+00:00,85.0,19.89,1.0,87.9,,371.1594,-160.0985,20.0,1.83483,0.0,0.0,1.64,42.25,49.25,,10989.974,11674.006,20.0,0.0,47.853215,3.542981,222.0,,,259.981056,500.023134,259.981056,190.4292,469.920672,209.91157200000004,163.98928579999998,371.9971338
2024-08-10 06:59:07+00:00,85.0,19.89,1.0,87.97,,371.12770000000006,-160.0075,20.0,1.83483,0.0,0.0,1.62,42.25,49.25,,10989.974,11674.024,20.0,0.0,47.853215,3.542981,222.0,,,259.981056,500.023134,259.981056,190.4292,469.920672,209.91157200000004,163.98928579999998,371.9971338
2024-08-10 06:59:08+00:00,85.0,19.89,1.0,88.0,,371.1099,-160.0275,20.0,1.84482,0.0,0.0,1.62,42.25,49.25,,10989.974,11674.04,20.0,0.0,47.853215,3.542981,222.0,,,259.981056,500.023134,259.981056,190.4292,469.920672,209.91157200000004,163.98928579999998,371.9971338
2024-08-10 06:59:09+00:00,85.0,19.89,1.0,88.0,,371.13520000000005,-160.034,20.0,1.83816,0.0,0.0,1.62,42.25,49.25,,10989.974,11674.056,20.0,0.0,47.853215,3.542981,222.0,,,259.981056,500.023134,259.981056,190.4292,469.920672,209.91157200000004,163.98928579999998,371.9971338
2024-08-10 06:59:10+00:00,85.0,19.89,1.0,88.0,,371.1661,-159.976,20.0,1.8315,0.0,0.0,1.62,42.25,49.25,,10989.974,11674.072,20.0,0.0,47.853215,3.542981,222.0,,,259.981056,500.023134,259.981056,190.4292,469.920672,209.91157200000004,163.98928579999998,371.9971338
2024-08-10 06:59:11+00:00,85.0,19.89,1.0,88.10000000000001,,371.1167,-159.624,20.0,1.83816,0.0,0.0,1.62,42.25,49.25,,10989.974,11674.088,20.0,0.0,47.853215,3.542981,222.0,,,259.981056,500.023134,259.981056,190.4292,469.920672,209.91157200000004,163.98928579999998,371.9971338
2024-08-10 06:59:12+00:00,85.0,19.89,1.0,88.10000000000001,,371.0759000000001,-159.2695,20.0,1.8414900000000003,0.0,0.0,1.62,42.25,49.25,,10989.974,11674.106,20.0,0.0,47.853215,3.542981,222.0,,,259.981056,500.023134,259.981056,190.4292,469.920672,209.91157200000004,163.98928579999998,371.9971338
2024-08-10 06:59:13+00:00,85.0,19.89,1.0,88.10000000000001,,371.0351,-159.249,20.0,1.8315,0.0,0.0,1.62,42.25,49.5,,10989.974,11674.122,20.0,0.0,47.853215,3.542981,223.0,,,259.981056,500.023134,259.981056,190.4292,469.920672,209.91157200000004,163.98928579999998,371.9971338
2024-08-10 06:59:14+00:00,85.0,19.89,1.0,88.12,,371.0229,-159.245,20.0,1.8315,0.0,0.0,1.62,42.25,49.5,,10989.974,11674.138,20.0,0.0,47.853215,3.542981,223.0,2443.464,,259.981056,500.023134,259.981056,190.4292,469.920672,209.91157200000004,163.98928579999998,371.9971338
2024-08-10 06:59:15+00:00,85.0,19.89,1.0,88.2,,371.0657,-159.242,20.0,1.84482,0.0,0.0,1.62,42.25,49.5,,10989.974,11674.154,20.0,0.0,47.853215,3.542981,223.0,,9453.84,259.981056,500.023134,259.981056,189.879885,469.920672,209.91157200000004,163.4765904,371.9971338
2024-08-10 06:59:16+00:00,85.0,19.89,1.0,88.2,,371.0701,-159.2595,20.0,1.83483,0.0,0.0,1.62,42.25,49.5,,10989.974,11674.17,20.0,0.0,47.853215,3.542981,223.0,,,259.981056,500.023134,259.981056,189.879885,469.920672,209.91157200000004,163.4765904,371.9971338
2024-08-10 06:59:17+00:00,85.0,19.89,1.0,88.2,,371.0654,-158.8215,20.0,1.84482,0.0,0.0,1.62,42.25,49.5,,10989.974,11674.188,20.0,0.0,47.853215,3.542981,223.0,,,259.981056,500.023134,259.981056,189.879885,469.920672,209.91157200000004,163.4765904,371.9971338
2024-08-10 06:59:18+00:00,85.0,19.89,1.0,88.24000000000001,,371.0152000000001,-158.463,20.0,1.83816,0.0,0.0,1.62,42.25,49.5,,10989.974,11674.204,20.0,0.0,47.853215,3.542981,223.0,,,259.981056,500.023134,259.981056,189.33057,469.920672,209.91157200000004,162.96389499999998,371.9971338
2024-08-10 06:59:19+00:00,85.0,19.89,1.0,88.30000000000001,,370.9926,-158.438,20.0,1.84815,0.0,0.0,1.6,42.25,49.5,,10989.974,11674.22,20.0,0.0,47.853215,3.542981,223.0,,,259.981056,500.023134,259.981056,189.33057,469.920672,209.91157200000004,162.96389499999998,371.9971338
2024-08-10 06:59:20+00:00,85.0,19.89,1.0,88.30000000000001,,370.9979,-158.435,20.0,1.8315,0.0,0.0,1.6,42.25,49.5,,10989.974,11674.236,20.0,0.0,47.853215,3.542981,223.0,,,259.981056,500.023134,259.981056,189.33057,469.920672,209.91157200000004,162.96389499999998,371.9971338
2024-08-10 06:59:21+00:00,85.0,19.89,1.0,88.30000000000001,,371.0334,-158.441,20.0,1.83483,0.0,0.0,1.6,42.25,49.5,,10989.974,11674.252,20.0,0.0,47.853215,3.542981,223.0,,,259.981056,500.023134,259.981056,189.33057,469.920672,209.91157200000004,162.96389499999998,371.9971338
2024-08-10 06:59:22+00:00,85.0,19.89,1.0,88.36000000000001,,371.1244,-158.4205,20.0,1.8315,0.0,0.0,1.6,42.25,49.5,,10989.974,11674.268,20.0,0.0,47.853215,3.542981,223.0,,,259.981056,500.023134,259.981056,189.33057,469.920672,209.91157200000004,162.96389499999998,371.9971338
2024-08-10 06:59:23+00:00,85.0,19.89,1.0,88.4,,371.1138,-158.422,20.0,1.8315,0.0,0.0,1.6,42.5,49.5,,10989.974,11674.286,20.0,0.0,47.853215,3.542981,224.0,,,259.981056,500.023134,259.981056,189.33057,469.920672,209.91157200000004,162.96389499999998,371.9971338
2024-08-10 06:59:24+00:00,85.0,19.89,1.0,88.4,,371.0647,-157.612,20.0,1.8315,0.0,0.0,1.6,42.5,49.5,,10989.974,11674.302,20.0,0.0,47.853215,3.542981,224.0,,,259.981056,500.023134,259.981056,188.781255,469.920672,209.91157200000004,162.4878207,371.9971338
2024-08-10 06:59:25+00:00,85.0,19.89,1.0,88.4,,371.0751,-157.589,20.0,1.83483,0.0,0.0,1.6,42.5,49.5,,10989.974,11674.318,20.0,0.0,47.853215,3.542981,224.0,,,259.981056,500.023134,259.981056,188.23194,469.920672,209.91157200000004,162.0117464,371.9971338
2024-08-10 06:59:26+00:00,85.0,19.89,1.0,88.47999999999999,,371.1196,-157.5985,20.0,1.8315,0.0,0.0,1.6,42.5,49.5,,10989.974,11674.334,20.0,0.0,47.853215,3.542981,224.0,2443.464,,259.981056,500.023134,259.981056,188.23194,469.920672,209.91157200000004,162.0117464,371.9971338
2024-08-10 06:59:27+00:00,85.0,19.89,1.0,88.5,,371.0701,-157.5665,20.0,1.84815,0.0,0.0,1.6,42.5,49.5,,10989.974,11674.35,20.0,0.0,47.853215,3.542981,224.0,,9453.84,259.981056,500.023134,259.981056,188.23194,469.920672,209.91157200000004,162.0117464,371.9971338
2024-08-10 06:59:28+00:00,85.0,19.89,1.0,88.5,,371.0565,-157.576,20.0,1.84482,0.0,0.0,1.6,42.5,49.5,,10989.974,11674.368,20.0,0.0,47.853215,3.542981,224.0,,,259.981056,500.023134,259.981056,188.23194,469.920672,209.91157200000004,162.0117464,371.9971338
2024-08-10 06:59:29+00:00,85.0,19.89,1.0,88.5,,371.0112,-157.133,20.0,1.83483,0.0,0.0,1.6,42.5,49.5,,10989.974,11674.382,20.0,0.0,47.853215,3.542981,224.0,,,259.981056,500.023134,259.981056,188.23194,469.920672,209.91157200000004,162.0117464,371.9971338
2024-08-10 06:59:30+00:00,85.0,19.89,1.0,88.59,,370.9775,-157.097,20.0,1.8315,0.0,0.0,1.6,42.5,49.5,,10989.974,11674.398,20.0,0.0,47.853215,3.542981,224.0,,,259.981056,500.023134,259.981056,188.23194,469.920672,209.91157200000004,162.0117464,371.9971338
2024-08-10 06:59:31+00:00,85.0,19.89,1.0,88.60000000000001,,371.0112,-156.809,20.0,1.8315,0.0,0.0,1.6,42.5,49.5,,10989.974,11674.416,20.0,0.0,47.853215,3.542981,224.0,,,259.981056,500.023134,259.981056,188.23194,469.920672,209.91157200000004,162.0117464,371.9971338
2024-08-10 06:59:32+00:00,85.0,19.89,1.0,88.60000000000001,,371.0069,-156.287,20.0,1.84482,0.0,0.0,1.58,42.5,49.5,,10989.974,11674.432,20.0,0.0,47.853215,3.542981,224.0,,,259.981056,500.023134,259.981056,187.13331,469.920672,209.91157200000004,160.9863556,371.9971338
2024-08-10 06:59:33+00:00,85.0,19.89,1.0,88.61000000000001,,370.9791,-155.616,20.0,1.8315,0.0,0.0,1.58,42.5,49.5,,10989.974,11674.448,20.0,0.0,47.853215,3.542981,224.0,,,259.981056,500.023134,259.981056,185.485365,469.920672,209.91157200000004,159.48489049999998,371.9971338
2024-08-10 06:59:34+00:00,85.0,19.89,1.0,88.7,,370.9566,-156.015,20.0,1.83816,0.0,0.0,1.58,42.5,49.5,,10989.974,11674.464,20.0,0.0,47.853215,3.542981,224.0,,,259.981056,500.023134,259.981056,185.485365,469.920672,209.91157200000004,159.48489049999998,371.9971338
2024-08-10 06:59:35+00:00,85.0,19.89,1.0,88.7,,370.9441000000001,-156.0345,20.0,1.84482,0.0,0.0,1.58,42.5,49.5,,10989.974,11674.48,20.0,0.0,47.853215,3.542981,224.0,,,259.981056,500.023134,259.981056,186.03468,469.920672,209.91157200000004,159.9609648,371.9971338
2024-08-10 06:59:36+00:00,85.0,19.89,1.0,88.7,,370.9365,-156.038,20.0,1.84815,0.0,0.0,1.58,42.5,49.5,,10989.974,11674.496,20.0,0.0,47.853215,3.542981,224.0,,,259.981056,500.023134,259.981056,186.03468,469.920672,209.91157200000004,159.9609648,371.9971338
2024-08-10 06:59:37+00:00,85.0,19.89,1.0,88.72,,370.9803,-156.0175,20.0,1.84815,0.0,0.0,1.58,42.5,49.5,,10989.974,11674.512,20.0,0.0,47.853215,3.542981,224.0,,,259.981056,500.023134,259.981056,186.03468,469.920672,209.91157200000004,159.9609648,371.9971338
2024-08-10 06:59:38+00:00,85.0,19.89,1.0,88.80000000000001,,371.0719,-156.001,20.0,1.8414900000000003,0.0,0.0,1.58,42.5,49.5,,10989.974,11674.528,20.0,0.0,47.853215,3.542981,224.0,2443.464,,259.981056,500.023134,259.981056,186.03468,469.920672,209.91157200000004,159.9609648,371.9971338
2024-08-10 06:59:39+00:00,85.0,19.89,1.0,88.80000000000001,,371.0528,-155.9925,20.0,1.8315,0.0,0.0,1.58,42.5,49.5,,10989.974,11674.544,20.0,0.0,47.853215,3.542981,224.0,,9453.84,259.981056,500.023134,259.981056,186.03468,469.920672,209.91157200000004,159.9609648,371.9971338
2024-08-10 06:59:40+00:00,85.0,19.89,1.0,88.80000000000001,,371.0464,-155.9815,20.0,1.83483,0.0,0.0,1.58,42.5,49.5,,10989.974,11674.56,20.0,0.0,47.853215,3.542981,224.0,,,259.981056,500.023134,259.981056,186.03468,469.920672,209.91157200000004,159.9609648,371.9971338
2024-08-10 06:59:41+00:00,85.0,19.89,1.0,88.83000000000001,,371.0542,-155.958,20.0,1.83816,0.0,0.0,1.58,42.5,49.5,,10989.974,11674.576,20.0,0.0,47.853215,3.542981,225.0,,,259.981056,500.023134,259.981056,186.03468,469.920672,209.91157200000004,159.9609648,371.9971338
2024-08-10 06:59:42+00:00,85.0,19.89,1.0,88.9,,371.0603,-155.225,20.0,1.8315,0.0,0.0,1.58,42.5,49.5,,10989.974,11674.592,20.0,0.0,47.853215,3.542981,225.0,,,259.981056,500.023134,259.981056,185.485365,469.920672,209.91157200000004,159.48489049999998,371.9971338
2024-08-10 06:59:43+00:00,85.0,19.89,1.0,88.9,,371.0298,-155.2745,20.0,1.83816,0.0,0.0,1.58,42.5,49.5,,10989.974,11674.608,20.0,0.0,47.853215,3.542981,225.0,,,259.981056,500.023134,259.981056,185.485365,469.920672,209.91157200000004,159.48489049999998,371.9971338
2024-08-10 06:59:44+00:00,85.0,19.89,1.0,88.9,,370.9986,-155.2585,20.0,1.83816,0.0,0.0,1.56,42.5,49.5,,10989.974,11674.624,20.0,0.0,47.853215,3.542981,225.0,,,259.981056,500.023134,259.981056,185.485365,469.920672,209.91157200000004,159.48489049999998,371.9971338
2024-08-10 06:59:45+00:00,85.0,19.89,1.0,88.95,,370.9809,-155.7735,20.0,1.83483,0.0,0.0,1.56,42.75,49.5,,10989.974,11674.64,20.0,0.0,47.853215,3.542981,225.0,,,259.981056,500.023134,259.981056,184.93605,469.920672,209.91157200000004,159.00881619999998,371.9971338
2024-08-10 06:59:46+00:00,85.0,19.89,1.0,89.0,,370.9753,-156.015,20.0,1.8315,0.0,0.0,1.56,42.75,49.5,,10989.974,11674.656,20.0,0.0,47.853215,3.542981,225.0,,,259.981056,500.023134,259.981056,183.251484,469.920672,209.91157200000004,157.5073511,371.9971338
2024-08-10 06:59:47+00:00,85.0,19.89,1.0,89.0,,370.964,-154.4085,20.0,1.8315,0.0,0.0,1.56,42.75,49.5,,10989.974,11674.672,20.0,0.0,47.853215,3.542981,225.0,,,259.981056,500.023134,259.981056,181.566918,469.920672,209.91157200000004,156.00588599999998,371.9971338
2024-08-10 06:59:48+00:00,85.0,19.89,1.0,89.0,,370.9757,-154.235,20.0,1.85148,0.0,0.0,1.56,42.75,49.5,,10989.974,11674.688,20.0,0.0,47.853215,3.542981,225.0,,,259.981056,500.023134,259.981056,181.017603,469.920672,209.91157200000004,155.4931906,371.9971338
2024-08-10 06:59:49+00:00,85.0,19.89,1.0,89.06,,370.95630000000006,-153.9235,20.0,1.83816,0.0,0.0,1.56,42.75,49.5,,10989.974,11674.704,20.0,0.0,47.853215,3.542981,226.0,,,259.981056,500.023134,259.981056,180.468288,469.920672,209.91157200000004,154.98049519999998,371.9971338
2024-08-10 06:59:50+00:00,85.0,19.89,1.0,89.10000000000001,,370.9154,-153.9945,20.0,1.8315,0.0,0.0,1.56,42.75,49.5,,10989.974,11674.72,20.0,0.0,47.853215,3.542981,226.0,2443.464,,259.981056,500.023134,259.981056,180.468288,469.920672,209.91157200000004,154.98049519999998,371.9971338
2024-08-10 06:59:51+00:00,85.0,19.89,1.0,89.10000000000001,,370.8928,-154.0155,20.0,1.85148,0.0,0.0,1.56,42.5,49.5,,10989.974,11674.736,20.0,0.0,47.853215,3.542981,226.0,,9453.84,259.981056,500.023134,259.981056,180.468288,469.920672,209.91157200000004,154.98049519999998,371.9971338
2024-08-10 06:59:52+00:00,85.0,19.89,1.0,89.10000000000001,,370.8975,-154.0235,20.0,1.8414900000000003,0.0,0.0,1.56,42.5,49.75,,10989.974,11674.75,20.0,0.0,47.853215,3.542981,226.0,,,259.981056,500.023134,259.981056,180.468288,469.920672,209.91157200000004,154.98049519999998,371.9971338
2024-08-10 06:59:53+00:00,85.0,19.89,1.0,89.16,,370.9257,-153.711,20.0,1.83483,0.0,0.0,1.56,42.25,49.75,,10989.974,11674.768,20.0,0.0,47.853215,3.542981,226.0,,,259.981056,500.023134,259.981056,180.468288,469.920672,209.91157200000004,154.98049519999998,371.9971338
2024-08-10 06:59:54+00:00,85.0,19.89,1.0,89.2,,371.0072,-153.2045,20.0,1.83816,0.0,0.0,1.56,42.0,49.75,,10989.974,11674.784,20.0,0.0,47.853215,3.542981,226.0,,,259.981056,500.023134,259.981056,179.918973,469.920672,209.91157200000004,154.4677998,371.9971338
2024-08-10 06:59:55+00:00,85.0,19.89,1.0,89.2,,370.99050000000005,-153.1725,20.0,1.84815,0.0,0.0,1.56,42.0,49.75,,10989.974,11674.798,20.0,0.0,47.853215,3.542981,226.0,,,259.981056,500.023134,259.981056,179.36965800000002,469.920672,209.91157200000004,153.95510439999998,371.9971338
2024-08-10 06:59:56+00:00,85.0,19.89,1.0,89.2,,370.9738,-153.1625,20.0,1.85481,0.0,0.0,1.56,42.0,49.75,,10989.974,11674.816,20.0,0.0,47.853215,3.542981,226.0,,,259.981056,500.023134,259.981056,179.36965800000002,469.920672,209.91157200000004,153.95510439999998,371.9971338
2024-08-10 06:59:57+00:00,85.0,19.89,1.0,89.27000000000001,,370.9549,-152.7475,20.0,1.84482,0.0,0.0,1.54,42.0,49.75,,10989.974,11674.832,20.0,0.0,47.853215,3.542981,226.0,,,259.981056,500.023134,259.981056,179.36965800000002,469.920672,209.91157200000004,153.95510439999998,371.9971338
2024-08-10 06:59:58+00:00,85.0,19.89,1.0,89.30000000000001,,371.0003,-152.7005,20.0,1.8315,0.0,0.0,1.54,41.75,49.75,,10989.974,11674.846,20.0,0.0,47.853215,3.542981,226.0,,,259.981056,500.023134,259.981056,179.36965800000002,469.920672,209.91157200000004,153.95510439999998,371.9971338
2024-08-10 06:59:59+00:00,85.0,19.89,1.0,89.30000000000001,,370.9356,-152.401,20.0,1.8315,0.0,0.0,1.54,41.75,49.75,,10989.974,11674.862,20.0,0.0,47.853215,3.542981,226.0,,,259.981056,500.023134,259.981056,179.36965800000002,469.920672,209.91157200000004,153.95510439999998,371.9971338
2024-08-10 07:00:00+00:00,85.0,19.89,1.0,89.30000000000001,,370.9134,-152.4245,20.0,1.83816,0.0,0.0,1.54,41.75,49.75,,10989.974,11674.878,20.0,0.0,47.853215,3.542981,226.0,,,259.981056,500.023134,259.981056,179.36965800000002,469.920672,209.91157200000004,153.95510439999998,371.9971338
2024-08-10 07:00:01+00:00,85.0,19.89,1.0,89.38000000000001,,370.8682,-152.2645,20.0,1.83816,0.0,0.0,1.54,41.5,49.75,,10989.974,11674.894,20.0,0.0,47.853215,3.542981,226.0,,,259.981056,500.023134,259.981056,179.36965800000002,469.920672,209.91157200000004,153.95510439999998,371.9971338
2024-08-10 07:00:02+00:00,85.0,19.89,1.0,89.4,,370.86,-152.0155,20.0,1.8315,0.0,0.0,1.54,41.5,49.75,,10989.974,11674.91,20.0,0.0,47.853215,3.542981,226.0,2443.464,,259.981056,500.023134,259.981056,178.27102800000003,469.920672,209.91157200000004,152.9663347,371.48443839999993
2024-08-10 07:00:03+00:00,85.0,19.89,1.0,89.4,,370.8725,-151.3235,20.0,1.8414900000000003,0.0,0.0,1.54,41.25,49.75,,10989.974,11674.924,20.0,0.0,47.853215,3.542981,226.0,,9453.84,259.981056,500.023134,259.981056,177.17239800000002,469.920672,209.91157200000004,151.977565,370.971743
2024-08-10 07:00:04+00:00,85.0,19.89,1.0,89.4,,370.8919,-151.5655,20.0,1.84815,0.0,0.0,1.54,41.25,49.75,,10989.974,11674.94,20.0,0.0,47.853215,3.542981,226.0,,,259.981056,500.023134,259.981056,177.17239800000002,469.920672,209.91157200000004,151.977565,370.971743
2024-08-10 07:00:05+00:00,85.0,19.89,1.0,89.47999999999999,,370.894,-151.5855,20.0,1.83483,0.0,0.0,1.54,41.0,49.75,,10989.974,11674.956,20.0,0.0,47.853215,3.542981,226.0,,,259.981056,500.023134,259.981056,177.17239800000002,469.920672,209.91157200000004,151.977565,370.971743
2024-08-10 07:00:06+00:00,85.0,19.89,1.0,89.5,,370.8495,-151.6115,20.0,1.84815,0.0,0.0,1.54,41.0,49.75,,10989.974,11674.97,20.0,0.0,47.853215,3.542981,226.0,,,259.981056,500.023134,259.981056,177.17239800000002,469.920672,209.91157200000004,151.977565,370.971743
2024-08-10 07:00:07+00:00,85.0,19.89,1.0,89.5,,370.8347474747475,-151.4045455,20.0,1.83483,0.0,0.0,1.52,40.75,49.75,,10989.974,11674.988,20.0,0.0,47.853215,3.542981,227.0,,,259.981056,500.023134,259.981056,177.17239800000002,469.920672,209.91157200000004,151.977565,371.48443839999993
2024-08-10 07:00:08+00:00,85.0,19.89,1.0,89.5,,370.81380000000007,-151.2265,20.0,1.84815,0.0,0.0,1.52,40.75,49.75,,10989.974,11675.002,20.0,0.0,47.853215,3.542981,227.0,,,259.981056,500.023134,259.981056,177.17239800000002,469.920672,209.91157200000004,151.977565,371.48443839999993
2024-08-10 07:00:09+00:00,85.0,19.89,1.0,89.58000000000001,,370.8594000000001,-151.1545,20.0,1.8315,0.0,0.0,1.52,40.75,49.75,,10989.974,11675.018,20.0,0.0,47.853215,3.542981,227.0,,,259.981056,500.023134,259.981056,177.17239800000002,469.920672,209.91157200000004,151.977565,370.971743
2024-08-10 07:00:10+00:00,85.0,19.89,1.0,89.60000000000001,,370.9401,-150.8085,20.0,1.84482,0.0,0.0,1.52,40.5,49.75,,10989.974,11675.034,20.0,0.0,47.853215,3.542981,227.0,,,259.981056,500.023134,259.981056,177.17239800000002,469.920672,209.91157200000004,151.977565,370.971743
2024-08-10 07:00:11+00:00,85.0,19.89,1.0,89.60000000000001,,370.9101,-150.809,20.0,1.8315,0.0,0.0,1.52,40.5,49.75,,10989.974,11675.05,20.0,0.0,47.853215,3.542981,227.0,,,259.981056,500.023134,259.981056,177.17239800000002,469.920672,209.91157200000004,151.977565,370.971743
2024-08-10 07:00:12+00:00,85.0,19.89,1.0,89.60000000000001,,370.9066,-150.786,20.0,1.8414900000000003,0.0,0.0,1.52,40.5,49.75,,10989.974,11675.064,20.0,0.0,47.853215,3.542981,227.0,,,259.981056,500.023134,259.981056,177.17239800000002,469.920672,209.91157200000004,151.977565,370.971743
2024-08-10 07:00:13+00:00,85.0,19.89,1.0,89.68,,370.9161,-150.755,20.0,1.83483,0.0,0.0,1.52,40.5,49.75,,10989.974,11675.08,20.0,0.0,47.853215,3.542981,227.0,,,259.981056,500.023134,259.981056,177.17239800000002,469.920672,209.91157200000004,151.977565,370.971743
2024-08-10 07:00:14+00:00,85.0,19.89,1.0,89.7,,370.947,-150.4665,20.0,1.83483,0.0,0.0,1.52,40.5,49.75,,10989.974,11675.096,20.0,0.0,47.853215,3.542981,227.0,2443.464,,259.981056,500.023134,259.981056,177.17239800000002,469.920672,209.91157200000004,151.977565,370.971743
2024-08-10 07:00:15+00:00,85.0,19.89,1.0,89.7,,370.8957,-149.971,20.0,1.8414900000000003,0.0,0.0,1.52,40.5,49.75,,10989.974,11675.112,20.0,0.0,47.853215,3.542981,228.0,,9453.84,259.981056,500.023134,259.981056,176.623083,469.920672,209.91157200000004,151.4648696,370.971743
2024-08-10 07:00:16+00:00,85.0,19.89,1.0,89.7,,370.8467,-149.9785,20.0,1.8315,0.0,0.0,1.52,40.75,49.75,,10989.974,11675.126,20.0,0.0,47.853215,3.542981,228.0,,,259.981056,500.023134,259.981056,176.073768,469.920672,209.91157200000004,150.95217419999997,370.971743
2024-08-10 07:00:17+00:00,85.0,19.89,1.0,89.78,,370.8474,-149.9945,20.0,1.8315,0.0,0.0,1.52,40.75,49.75,,10989.974,11675.142,20.0,0.0,47.853215,3.542981,228.0,,,259.981056,500.023134,259.981056,176.073768,469.920672,209.91157200000004,150.95217419999997,370.971743
2024-08-10 07:00:18+00:00,85.0,19.89,1.0,89.80000000000001,,370.7984,-149.9945,20.0,1.83816,0.0,0.0,1.52,40.75,49.75,,10989.974,11675.158,20.0,0.0,47.853215,3.542981,228.0,,,259.981056,500.023134,259.981056,176.073768,469.920672,209.91157200000004,150.95217419999997,370.971743
2024-08-10 07:00:19+00:00,85.0,19.89,1.0,89.80000000000001,,370.8436,-149.266,20.0,1.83483,0.0,0.0,1.5,40.75,49.75,,10989.974,11675.174,20.0,0.0,47.853215,3.542981,228.0,,,259.981056,500.023134,259.981056,176.073768,469.920672,209.91157200000004,150.95217419999997,370.971743
2024-08-10 07:00:20+00:00,85.0,19.89,1.0,89.80000000000001,,370.8711,-149.6715,20.1,1.8315,0.0,0.0,1.5,41.0,49.75,,10989.974,11675.188,20.0,0.0,47.853215,3.542981,228.0,,,259.981056,500.023134,259.981056,176.073768,469.920672,209.91157200000004,150.95217419999997,370.971743
2024-08-10 07:00:21+00:00,85.0,19.89,1.0,89.88000000000001,,370.8459,-149.202,20.45,1.83816,0.0,0.0,1.5,41.0,49.75,,10989.974,11675.204,20.5,0.0,47.853215,3.542981,228.0,,,259.981056,500.023134,259.981056,176.073768,469.920672,209.91157200000004,150.95217419999997,370.971743
2024-08-10 07:00:22+00:00,85.0,19.89,1.0,89.9,,370.8197,-149.1995,20.5,1.83483,0.0,0.0,1.5,41.0,49.75,,10989.974,11675.218,20.5,0.0,47.853215,3.542981,228.0,,,259.981056,500.023134,259.981056,176.073768,469.920672,209.91157200000004,150.95217419999997,370.971743
2024-08-10 07:00:23+00:00,85.0,19.89,1.0,89.9,,370.76450000000006,-148.4015,20.5,1.83816,0.0,0.0,1.5,41.0,49.75,,10989.974,11675.236,20.5,0.0,47.853215,3.542981,228.0,,,259.981056,500.023134,259.981056,174.975138,469.920672,209.91157200000004,149.96340449999997,370.971743
2024-08-10 07:00:24+00:00,85.0,19.89,1.0,89.9,,370.7533,-148.386,20.5,1.83483,0.0,0.0,1.5,41.25,49.75,,10989.974,11675.25,20.5,0.0,47.853215,3.542981,228.0,,,259.981056,500.023134,259.981056,173.876508,469.920672,209.91157200000004,148.9746348,370.971743
2024-08-10 07:00:25+00:00,85.0,19.89,1.0,89.97,,370.7993,-148.391,20.5,1.8315,0.0,0.0,1.5,41.25,49.75,,10989.974,11675.266,20.5,0.0,47.853215,3.542981,228.0,,,259.981056,500.023134,259.981056,173.876508,469.920672,209.91157200000004,148.9746348,370.971743
2024-08-10 07:00:26+00:00,85.0,19.89,1.0,90.0,,370.8893,-148.382,20.5,1.83483,0.0,0.0,1.5,41.25,49.75,,10989.974,11675.28,20.5,0.0,47.853215,3.542981,228.0,2443.464,,259.981056,500.023134,259.981056,173.876508,469.920672,209.91157200000004,148.9746348,370.971743
2024-08-10 07:00:27+00:00,85.0,19.89,1.0,90.0,,370.8644000000001,-148.403,20.5,1.83816,0.0,0.0,1.5,41.25,49.75,,10989.974,11675.294,20.5,0.0,47.853215,3.542981,228.0,,9453.84,259.981056,500.023134,259.981056,173.876508,469.920672,209.91157200000004,148.9746348,370.971743
2024-08-10 07:00:28+00:00,85.0,19.89,1.0,90.0,,370.885,-148.385,20.5,1.83483,0.0,0.0,1.5,41.5,49.75,,10989.974,11675.312,20.5,0.0,47.853215,3.542981,228.0,,,259.981056,500.023134,259.981056,173.876508,469.920672,209.91157200000004,148.9746348,370.971743
2024-08-10 07:00:29+00:00,85.0,19.89,1.0,90.06,,370.878,-148.373,20.5,1.8414900000000003,0.0,0.0,1.5,41.5,49.75,,10989.974,11675.326,20.5,0.0,47.853215,3.542981,228.0,,,259.981056,500.023134,259.981056,173.876508,469.920672,209.91157200000004,148.9746348,370.971743
2024-08-10 07:00:30+00:00,85.0,19.89,1.0,90.1,,370.9056,-147.653,20.5,1.8414900000000003,0.0,0.0,1.48,41.5,49.75,,10989.974,11675.342,20.5,0.0,47.853215,3.542981,228.0,,,259.981056,500.023134,259.981056,173.32719300000002,469.920672,209.91157200000004,148.46193939999998,370.971743
2024-08-10 07:00:31+00:00,85.0,19.89,1.0,90.1,,370.8609,-147.531,20.5,1.83483,0.0,0.0,1.48,41.5,49.75,,10989.974,11675.356,20.5,0.0,47.853215,3.542981,228.0,,,259.981056,500.023134,259.981056,172.77787800000002,469.920672,209.91157200000004,147.949244,370.971743
2024-08-10 07:00:32+00:00,85.0,19.89,1.0,90.1,,370.82380000000006,-147.5535,20.5,1.8315,0.0,0.0,1.48,41.5,49.75,,10989.974,11675.372,20.5,0.0,47.853215,3.542981,228.0,,,259.981056,500.023134,259.981056,172.77787800000002,469.920672,209.91157200000004,147.949244,370.971743
2024-08-10 07:00:33+00:00,85.0,19.89,1.0,90.16,,370.8089,-147.5515,20.5,1.8315,0.0,0.0,1.48,41.5,49.75,,10989.974,11675.388,20.5,0.0,47.853215,3.542981,228.0,,,259.981056,500.023134,259.981056,172.77787800000002,469.920672,209.91157200000004,147.949244,370.971743
2024-08-10 07:00:34+00:00,85.0,19.89,1.0,90.2,,370.7666,-147.1145,20.5,1.83483,0.0,0.0,1.48,41.5,49.75,,10989.974,11675.402,20.5,0.0,47.853215,3.542981,228.0,,,259.981056,500.023134,259.981056,172.77787800000002,469.920672,209.91157200000004,147.949244,370.971743
2024-08-10 07:00:35+00:00,85.0,19.8965,1.0,90.2,,370.8072,-147.001,20.5,1.83816,0.0,0.0,1.48,41.75,49.75,,10989.974,11675.416,20.5,0.0,47.853215,3.542981,229.0,,,259.981056,500.023134,259.981056,172.77787800000002,469.920672,209.91157200000004,147.949244,370.971743
2024-08-10 07:00:36+00:00,85.0,19.903,1.0,90.2,,370.8179,-146.7825,20.5,1.85481,0.0,0.0,1.48,41.75,49.75,,10989.974,11675.432,20.5,0.0,47.853215,3.542981,229.0,,,259.981056,500.023134,259.981056,172.77787800000002,469.920672,209.91157200000004,147.949244,370.971743
2024-08-10 07:00:37+00:00,85.0,19.903,1.0,90.25,,370.8083,-146.7855,20.5,1.8414900000000003,0.0,0.0,1.48,41.75,49.75,,10989.974,11675.448,20.5,0.0,47.853215,3.542981,229.0,,,259.981056,500.023134,259.981056,172.77787800000002,469.920672,209.91157200000004,147.949244,370.971743
2024-08-10 07:00:38+00:00,85.0,19.903,1.0,90.3,,370.7883,-146.796,20.5,1.83483,0.0,0.0,1.48,41.75,49.75,,10989.974,11675.462,20.5,0.0,47.853215,3.542981,229.0,2443.464,,259.981056,500.023134,259.981056,172.77787800000002,469.920672,209.91157200000004,147.949244,370.971743
2024-08-10 07:00:39+00:00,85.0,19.903,1.0,90.3,,370.7802,-146.788,20.5,1.83816,0.0,0.0,1.48,41.75,49.75,,10989.974,11675.478,20.5,0.0,47.853215,3.542981,229.0,,9453.84,259.981056,500.023134,259.981056,172.77787800000002,469.920672,209.91157200000004,147.949244,370.971743
2024-08-10 07:00:40+00:00,85.0,19.903,1.0,90.3,,370.747,-146.3265,20.5,1.8315,0.0,0.0,1.48,41.75,49.75,,10989.974,11675.494,20.5,0.0,47.853215,3.542981,229.0,,,259.981056,500.023134,259.981056,172.228563,469.920672,209.91157200000004,147.4731697,370.971743
2024-08-10 07:00:41+00:00,85.0,19.903,1.0,90.33,,370.7831,-145.961,20.5,1.84482,0.0,0.0,1.46,41.75,49.75,,10989.974,11675.508,20.5,0.0,47.853215,3.542981,229.0,,,259.981056,500.023134,259.981056,171.679248,469.920672,209.91157200000004,146.99709539999998,370.971743
2024-08-10 07:00:42+00:00,85.0,19.903,1.0,90.4,,370.869,-145.965,20.5,1.84815,0.0,0.0,1.46,41.75,49.75,,10989.974,11675.522,20.5,0.0,47.853215,3.542981,229.0,,,259.981056,500.023134,259.981056,171.679248,469.920672,209.91157200000004,146.99709539999998,370.971743
2024-08-10 07:00:43+00:00,85.0,19.903,1.0,90.4,,370.8474,-145.956,20.5,1.84815,0.0,0.0,1.46,41.75,49.75,,10989.974,11675.538,20.5,0.0,47.853215,3.542981,229.0,,,259.981056,500.023134,259.981056,171.679248,469.920672,209.91157200000004,146.99709539999998,370.971743
2024-08-10 07:00:44+00:00,85.0,19.903,1.0,90.4,,370.8579,-145.9325,20.5,1.83483,0.0,0.0,1.46,41.75,49.75,,10989.974,11675.554,20.5,0.0,47.853215,3.542981,229.0,,,259.981056,500.023134,259.981056,171.679248,469.920672,209.91157200000004,146.99709539999998,370.971743
2024-08-10 07:00:45+00:00,85.0,19.903,1.0,90.42,,370.8432,-145.2975,20.5,1.8315,0.0,0.0,1.46,41.75,49.75,,10989.974,11675.568,20.5,0.0,47.853215,3.542981,229.0,,,259.981056,500.023134,259.981056,171.679248,469.920672,209.91157200000004,146.99709539999998,370.971743
2024-08-10 07:00:46+00:00,85.0,19.903,1.0,90.5,,370.8585,-144.8615,20.5,1.8414900000000003,0.0,0.0,1.46,41.75,49.75,,10989.974,11675.582,20.5,0.0,47.853215,3.542981,229.0,,,259.981056,500.023134,259.981056,170.58061800000002,469.920672,209.91157200000004,145.97170459999998,370.971743
2024-08-10 07:00:47+00:00,85.0,19.903,1.0,90.5,,370.7895,-144.088,20.5,1.83816,0.0,0.0,1.46,41.75,49.75,,10989.974,11675.598,20.5,0.0,47.853215,3.542981,229.0,,,259.981056,500.023134,259.981056,169.481988,469.920672,209.91157200000004,144.94631379999998,370.971743
2024-08-10 07:00:48+00:00,85.0,19.903,1.0,90.5,,370.7742,-144.3265,20.5,1.83483,0.0,0.0,1.46,42.0,49.75,,10989.974,11675.612,20.5,0.0,47.853215,3.542981,229.0,,,259.981056,500.023134,259.981056,169.481988,469.920672,209.91157200000004,144.94631379999998,370.971743
2024-08-10 07:00:49+00:00,85.0,19.903,1.0,90.5,,370.75770000000006,-144.348,20.5,1.84815,0.0,0.0,1.46,42.0,49.75,,10989.974,11675.628,20.5,0.0,47.853215,3.542982,229.0,,,259.981056,500.023134,259.981056,169.481988,469.920672,209.91157200000004,144.94631379999998,370.971743
2024-08-10 07:00:50+00:00,85.0,19.903,1.0,90.6,,370.7318,-144.3425,20.5,1.8414900000000003,0.0,0.0,1.46,42.0,49.75,,10989.974,11675.642,20.5,0.0,47.853215,3.542982,229.0,2443.464,,259.981056,500.023134,259.981056,169.481988,469.920672,209.91157200000004,144.94631379999998,370.971743
2024-08-10 07:00:51+00:00,85.0,19.903,1.0,90.6,,370.7805,-144.3395,20.75,1.8414900000000003,0.0,0.0,1.46,42.0,49.75,,10989.974,11675.658,20.5,0.0,47.853215,3.542982,229.0,,9453.84,259.981056,500.023134,259.981056,169.481988,469.920672,209.91157200000004,144.94631379999998,370.971743
2024-08-10 07:00:52+00:00,85.0,19.903,1.0,90.6,,370.7909,-144.351,21.0,1.84815,0.0,0.0,1.44,42.0,49.75,,10989.974,11675.672,21.0,0.0,47.853215,3.542982,229.0,,,259.981056,500.023134,259.981056,169.481988,469.920672,209.91157200000004,144.94631379999998,370.971743
2024-08-10 07:00:53+00:00,85.0,19.903,1.0,90.6,,370.8013,-144.3305,21.0,1.8414900000000003,0.0,0.0,1.44,42.0,49.75,,10989.974,11675.686,21.0,0.0,47.853215,3.542982,230.0,,,259.981056,500.023134,259.981056,169.481988,469.920672,209.91157200000004,144.94631379999998,370.971743
2024-08-10 07:00:54+00:00,85.0,19.903,1.0,90.68,,370.7497,-143.88,21.0,1.84482,0.0,0.0,1.44,42.0,49.75,,10989.974,11675.702,21.0,0.0,47.853215,3.542982,230.0,,,259.981056,500.023134,259.981056,168.932673,469.920672,209.91157200000004,144.4702395,370.971743
2024-08-10 07:00:55+00:00,85.0,19.913400000000003,1.0,90.7,,370.7118,-143.5225,21.0,1.85148,0.0,0.0,1.44,42.0,49.75,,10989.974,11675.718,21.0,0.0,47.853215,3.542982,230.0,,,259.981056,500.023134,259.981056,168.38335800000002,469.920672,209.91157200000004,143.9941652,370.971743
2024-08-10 07:00:56+00:00,85.0,19.916,1.0,90.7,,370.717,-143.5005,21.0,1.83816,0.0,0.0,1.44,42.0,49.75,,10989.974,11675.732,21.0,0.0,47.853215,3.542982,230.0,,,259.981056,500.023134,259.981056,168.38335800000002,469.920672,209.91157200000004,143.9941652,370.971743
2024-08-10 07:00:57+00:00,85.0,19.916,1.0,90.7,,370.7664,-143.526,21.0,1.8414900000000003,0.0,0.0,1.44,42.0,49.75,,10989.974,11675.746,21.0,0.0,47.853215,3.542982,230.0,,,259.981056,500.023134,259.981056,168.38335800000002,469.920672,209.91157200000004,143.9941652,370.971743
2024-08-10 07:00:58+00:00,85.0,19.916,1.0,90.76000000000002,,370.8339,-142.9035,21.0,1.8414900000000003,0.0,0.0,1.44,42.0,49.75,,10989.974,11675.76,21.0,0.0,47.853215,3.542982,230.0,,,259.981056,500.023134,259.981056,167.834043,469.920672,209.91157200000004,143.4814698,370.971743
2024-08-10 07:00:59+00:00,85.0,19.916,1.0,90.8,,370.8111,-142.7285,21.0,1.83483,0.0,0.0,1.44,42.0,49.75,,10989.974,11675.776,21.0,0.0,47.853215,3.542982,230.0,,,259.981056,500.023134,259.981056,167.834043,469.920672,209.91157200000004,143.4814698,370.971743
2024-08-10 07:01:00+00:00,85.0,19.916,1.0,90.8,,370.8,-142.7075,21.0,1.84815,0.0,0.0,1.44,42.0,49.75,,10989.974,11675.79,21.0,0.0,47.853215,3.542982,230.0,,,259.981056,500.023134,259.981056,168.38335800000002,469.920672,209.91157200000004,143.9941652,370.971743
2024-08-10 07:01:01+00:00,85.0,19.916,1.0,90.8,,370.8236,-142.7415,21.0,1.84482,0.0,0.0,1.44,42.0,49.75,,10989.974,11675.804,21.0,0.0,47.853215,3.542982,230.0,,,259.981056,500.023134,259.981056,168.38335800000002,469.920672,209.91157200000004,143.9941652,370.971743
2024-08-10 07:01:02+00:00,85.0,19.916,1.0,90.84,,370.819,-141.942,21.0,1.83816,0.0,0.0,1.44,42.0,49.75,,10989.974,11675.82,21.0,0.0,47.853215,3.542982,230.0,2443.464,,259.981056,500.023134,259.981056,167.834043,469.920672,209.91157200000004,143.4814698,370.971743
2024-08-10 07:01:03+00:00,85.0,19.916,1.0,90.9,,370.7958,-141.9395,21.0,1.85814,0.0,0.0,1.44,42.0,49.75,,10989.974,11675.834,21.0,0.0,47.853215,3.542982,230.0,,9453.84,259.981056,500.023134,259.981056,167.284728,469.920672,209.91157200000004,142.9687744,370.971743
2024-08-10 07:01:04+00:00,85.0,19.916,1.0,90.9,,370.7541000000001,-141.929,21.0,1.85814,0.0,0.0,1.42,42.25,49.75,,10989.974,11675.85,21.0,0.0,47.853215,3.542982,230.0,,,259.981056,500.023134,259.981056,167.284728,469.920672,209.91157200000004,142.9687744,370.971743
2024-08-10 07:01:05+00:00,85.0,19.916,1.0,90.9,,370.7375,-141.916,21.0,1.83483,0.0,0.0,1.42,42.25,49.75,,10989.974,11675.864,21.0,0.0,47.853215,3.542982,230.0,,,259.981056,500.023134,259.981056,167.284728,469.920672,209.91157200000004,142.9687744,370.971743
2024-08-10 07:01:06+00:00,85.0,19.916,1.0,90.92,,370.6922,-141.5615,21.0,1.83483,0.0,0.0,1.42,42.25,49.75,,10989.974,11675.878,21.0,0.0,47.853215,3.542982,230.0,,,259.981056,500.023134,259.981056,167.284728,469.920672,209.91157200000004,142.9687744,370.971743
2024-08-10 07:01:07+00:00,85.0,19.916,1.0,91.0,,370.7208,-141.1135,21.0,1.83483,0.0,0.0,1.42,42.25,49.75,,10989.974,11675.892,21.0,0.0,47.853215,3.542982,230.0,,,259.981056,500.023134,259.981056,166.73541300000002,469.920672,209.91157200000004,142.4927001,370.971743
2024-08-10 07:01:08+00:00,85.0,19.916,1.0,91.0,,370.7347,-141.1025,21.0,1.84815,0.0,0.0,1.42,42.25,49.75,,10989.974,11675.908,21.0,0.0,47.853215,3.542982,230.0,,,259.981056,500.023134,259.981056,166.18609800000002,469.920672,209.91157200000004,142.0166258,370.971743
2024-08-10 07:01:09+00:00,85.0,19.9173,1.0,91.0,,370.7374,-141.113,21.0,1.8315,0.0,0.0,1.42,42.25,49.75,,10989.974,11675.922,21.0,0.0,47.853215,3.542982,230.0,,,259.981056,500.023134,259.981056,166.18609800000002,469.920672,209.91157200000004,142.0166258,370.971743
2024-08-10 07:01:10+00:00,85.0,19.929,1.0,91.0,,370.667,-140.0455,21.0,1.8414900000000003,0.0,0.0,1.42,42.25,49.75,,10989.974,11675.936,21.0,0.0,47.853215,3.542982,230.0,,,259.981056,500.023134,259.981056,165.087468,469.920672,209.91157200000004,140.991235,370.971743
2024-08-10 07:01:11+00:00,85.0,19.929,1.0,91.09,,370.63270000000006,-139.5275,21.0,1.85148,0.0,0.0,1.42,42.25,49.75,,10989.974,11675.95,21.0,0.0,47.853215,3.542982,231.0,,,259.981056,500.023134,259.981056,163.98883800000002,469.920672,209.91157200000004,139.9658442,370.971743
2024-08-10 07:01:12+00:00,85.0,19.929,1.0,91.1,,370.6354,-139.9935,21.0,1.84482,0.0,0.0,1.42,42.25,49.75,,10989.974,11675.966,21.0,0.0,47.853215,3.542982,231.0,,,259.981056,500.023134,259.981056,165.087468,469.920672,209.91157200000004,140.991235,370.971743
2024-08-10 07:01:13+00:00,85.0,19.929,1.0,91.1,,370.7033,-140.169,21.0,1.83816,0.0,0.0,1.42,42.25,49.75,,10989.974,11675.98,21.0,0.0,47.853215,3.542982,231.0,,,259.981056,500.023134,259.981056,166.18609800000002,469.920672,209.91157200000004,142.0166258,370.971743
2024-08-10 07:01:14+00:00,85.0,19.929,1.0,91.1,,370.7772,-139.6805,21.0,1.83483,0.0,0.0,1.4,42.25,49.75,,10989.974,11675.994,21.0,0.0,47.853215,3.542982,231.0,2443.464,,259.981056,500.023134,259.981056,165.087468,469.920672,209.91157200000004,140.991235,370.971743
2024-08-10 07:01:15+00:00,85.0,19.929,1.0,91.16,,370.7349,-139.5185,21.0,1.83816,0.0,0.0,1.4,42.25,49.75,,10989.974,11676.008,21.0,0.0,47.853215,3.542982,231.0,,9453.84,259.981056,500.023134,259.981056,163.98883800000002,469.920672,209.91157200000004,139.9658442,370.971743
2024-08-10 07:01:16+00:00,85.0,19.929,1.0,91.2,,370.754,-139.4945,21.0,1.8315,0.0,0.0,1.4,42.25,49.75,,10989.974,11676.022,21.0,0.0,47.853215,3.542982,231.0,,,259.981056,500.023134,259.981056,163.98883800000002,469.920672,209.91157200000004,139.9658442,370.971743
2024-08-10 07:01:17+00:00,85.0,19.929,1.0,91.2,,370.7505000000001,-139.5015,21.0,1.8648,0.0,0.0,1.4,42.25,49.75,,10989.974,11676.038,21.0,0.0,47.853215,3.542982,231.0,,,259.981056,500.023134,259.981056,163.98883800000002,469.920672,209.91157200000004,139.9658442,370.971743
2024-08-10 07:01:18+00:00,85.0,19.929,1.0,91.2,,370.7846,-139.026,21.0,1.84815,0.0,0.0,1.4,42.25,49.75,,10989.974,11676.052,21.0,0.0,47.853215,3.542982,231.0,,,259.981056,500.023134,259.981056,163.98883800000002,469.920672,209.91157200000004,139.9658442,370.971743
2024-08-10 07:01:19+00:00,85.0,19.929,1.0,91.22,,370.7417,-138.8375,21.0,1.83483,0.0,0.0,1.4,42.25,49.75,,10989.974,11676.066,21.0,0.0,47.853215,3.542982,231.0,,,259.981056,500.023134,259.981056,163.98883800000002,469.920672,209.91157200000004,139.9658442,370.971743
2024-08-10 07:01:20+00:00,85.0,19.929,1.0,91.3,,370.6785,-138.671,21.0,1.83483,0.0,0.0,1.4,42.25,49.75,,10989.974,11676.08,21.0,0.0,47.853215,3.542982,231.0,,,259.981056,500.023134,259.981056,163.98883800000002,469.920672,209.91157200000004,139.9658442,370.971743
2024-08-10 07:01:21+00:00,85.0,19.929,1.0,91.3,,370.6658,-138.68,21.0,1.83816,0.0,0.0,1.4,42.25,49.75,,10989.974,11676.094,21.0,0.0,47.853215,3.542982,232.0,,,259.981056,500.023134,259.981056,163.98883800000002,469.920672,209.91157200000004,139.9658442,370.971743
2024-08-10 07:01:22+00:00,85.0,19.929,1.0,91.3,,370.6470000000001,-138.669,21.0,1.83816,0.0,0.0,1.4,42.25,49.75,,10989.974,11676.108,21.0,0.0,47.853215,3.542982,232.0,,,259.981056,500.023134,259.981056,163.98883800000002,469.920672,209.91157200000004,139.9658442,370.971743
2024-08-10 07:01:23+00:00,85.0,19.9342,1.0,91.3,,370.6796,-138.217,21.0,1.83483,0.0,0.0,1.4,42.25,49.75,,10989.974,11676.122,21.0,0.0,47.853215,3.542982,232.0,,,259.981056,500.023134,259.981056,163.439523,469.920672,209.91157200000004,139.4897699,370.971743
2024-08-10 07:01:24+00:00,85.0,19.942,1.0,91.39,,370.6681,-137.855,21.0,1.8315,0.0,0.0,1.38,42.25,49.75,,10989.974,11676.138,21.0,0.0,47.853215,3.542982,232.0,,,259.981056,500.023134,259.981056,162.890208,469.920672,209.91157200000004,139.01369559999998,370.971743
2024-08-10 07:01:25+00:00,85.0,19.942,1.0,91.4,,370.68160000000006,-137.8745,21.0,1.8315,0.0,0.0,1.38,42.25,49.75,,10989.974,11676.152,21.0,0.0,47.853215,3.542982,232.0,,,259.981056,500.023134,259.981056,162.890208,469.920672,209.91157200000004,139.01369559999998,370.971743
2024-08-10 07:01:26+00:00,85.0,19.942,1.0,91.4,,370.6406,-137.868,21.0,1.8315,0.0,0.0,1.38,42.25,49.75,,10989.974,11676.166,21.0,0.0,47.853215,3.542982,232.0,2443.464,,259.981056,500.023134,259.981056,162.890208,469.920672,209.91157200000004,139.01369559999998,370.971743
2024-08-10 07:01:27+00:00,85.0,19.942,1.0,91.4,,370.6004,-136.963,21.0,1.83483,0.0,0.0,1.38,42.25,49.75,,10989.974,11676.18,21.0,0.0,47.853215,3.542982,232.0,,9453.84,259.981056,500.023134,259.981056,161.79157800000002,469.920672,209.91157200000004,137.98830479999998,370.971743
2024-08-10 07:01:28+00:00,85.0,19.942,1.0,91.45,,370.5526,-136.27,21.0,1.8414900000000003,0.0,0.0,1.38,42.25,49.75,,10989.974,11676.194,21.0,0.0,47.853215,3.542982,232.0,,,259.981056,500.023134,259.981056,160.692948,469.920672,209.91157200000004,136.96291399999998,370.971743
2024-08-10 07:01:29+00:00,85.0,19.942,1.0,91.5,,370.6199,-136.5555,21.0,1.84482,0.0,0.0,1.38,42.25,49.75,,10989.974,11676.208,21.0,0.0,47.853215,3.542982,232.0,,,259.981056,500.023134,259.981056,160.692948,469.920672,209.91157200000004,136.96291399999998,370.971743
2024-08-10 07:01:30+00:00,85.0,19.942,1.0,91.5,,370.71,-136.476,21.0,1.8315,0.0,0.0,1.38,42.25,49.75,,10989.974,11676.222,21.0,0.0,47.853215,3.542982,232.0,,,259.981056,500.023134,259.981056,160.692948,469.920672,209.91157200000004,136.96291399999998,370.971743
2024-08-10 07:01:31+00:00,85.0,19.942,1.0,91.5,,370.6674,-136.424,21.0,1.8315,0.0,0.0,1.38,42.25,49.75,,10989.974,11676.236,21.0,0.0,47.853215,3.542982,232.0,,,259.981056,500.023134,259.981056,161.79157800000002,469.920672,209.91157200000004,137.98830479999998,370.971743
2024-08-10 07:01:32+00:00,85.0,19.942,1.0,91.51,,370.6931,-136.8925,21.0,1.8315,0.0,0.0,1.38,42.25,49.75,,10989.974,11676.25,21.0,0.0,47.853215,3.542982,232.0,,,259.981056,500.023134,259.981056,162.890208,469.920672,209.91157200000004,139.01369559999998,370.971743
2024-08-10 07:01:33+00:00,85.0,19.942,1.0,91.6,,370.6956,-136.2375,21.0,1.8315,0.0,0.0,1.38,42.25,49.75,,10989.974,11676.264,21.0,0.0,47.853215,3.542982,232.0,,,259.981056,500.023134,259.981056,161.79157800000002,469.920672,209.91157200000004,137.98830479999998,370.971743
2024-08-10 07:01:34+00:00,85.0,19.942,1.0,91.6,,370.7258,-136.2385,21.0,1.84815,0.0,0.0,1.36,42.25,49.75,,10989.974,11676.278,21.0,0.0,47.853215,3.542982,232.0,,,259.981056,500.023134,259.981056,160.692948,469.920672,209.91157200000004,136.96291399999998,370.971743
2024-08-10 07:01:35+00:00,85.0,19.942,1.0,91.6,,370.6945,-136.2295,21.0,1.83816,0.0,0.0,1.36,42.25,49.75,,10989.974,11676.292,21.0,0.0,47.853215,3.542982,232.0,,,259.981056,500.023134,259.981056,160.692948,469.920672,209.91157200000004,136.96291399999998,370.971743
2024-08-10 07:01:36+00:00,85.0,19.942,1.0,91.6,,370.6238000000001,-135.4445,21.0,1.8315,0.0,0.0,1.36,42.25,49.75,,10989.974,11676.306,21.0,0.0,47.853215,3.542982,232.0,,,259.981056,500.023134,259.981056,160.143633,469.920672,209.91157200000004,136.4868397,370.971743
2024-08-10 07:01:37+00:00,85.0,19.9524,1.0,91.67,,370.6225,-135.455,21.0,1.8315,0.0,0.0,1.36,42.25,49.75,,10989.974,11676.32,21.0,0.0,47.853215,3.542982,232.0,,,259.981056,500.023134,259.981056,159.59431800000002,469.920672,209.91157200000004,136.0107654,370.971743
2024-08-10 07:01:38+00:00,85.0,19.955,1.0,91.7,,370.5746,-135.4575,21.0,1.8315,0.0,0.0,1.36,42.25,49.75,,10989.974,11676.334,21.0,0.0,47.853215,3.542982,232.0,2443.464,,259.981056,500.023134,259.981056,159.59431800000002,469.920672,209.91157200000004,136.0107654,370.971743
2024-08-10 07:01:39+00:00,85.0,19.955,1.0,91.7,,370.6199,-135.4725,21.0,1.8315,0.0,0.0,1.36,42.25,49.75,,10989.974,11676.348,21.0,0.0,47.853215,3.542982,233.0,,9453.84,259.981056,500.023134,259.981056,159.59431800000002,469.920672,209.91157200000004,136.0107654,370.971743
2024-08-10 07:01:40+00:00,85.0,19.955,1.0,91.7,,370.6388,-135.0825,21.0,1.83483,0.0,0.0,1.36,42.25,49.75,,10989.974,11676.362,21.0,0.0,47.853215,3.542981,233.0,,,259.981056,500.023134,259.981056,159.59431800000002,469.920672,209.91157200000004,136.0107654,370.971743
2024-08-10 07:01:41+00:00,85.0,19.955,1.0,91.72,,370.6081,-134.66,21.0,1.83483,0.0,0.0,1.36,42.25,49.75,,10989.974,11676.376,21.0,0.0,47.853215,3.542981,233.0,,,259.981056,500.023134,259.981056,159.59431800000002,469.920672,209.91157200000004,136.0107654,370.971743
2024-08-10 07:01:42+00:00,85.0,19.955,1.0,91.8,,370.5871,-134.668,21.0,1.8315,0.0,0.0,1.36,42.25,49.5,,10989.974,11676.39,21.0,0.0,47.853215,3.54298,233.0,,,259.981056,500.023134,259.981056,159.59431800000002,469.920672,209.91157200000004,136.0107654,370.971743
2024-08-10 07:01:43+00:00,85.0,19.955,1.0,91.8,,370.5732,-134.6545,21.0,1.83483,0.0,0.0,1.36,42.25,49.5,,10989.974,11676.404,21.0,0.0,47.853215,3.54298,233.0,,,259.981056,500.023134,259.981056,159.59431800000002,469.920672,209.91157200000004,136.0107654,370.971743
2024-08-10 07:01:44+00:00,85.0,19.955,1.0,91.8,,370.57,-134.65,21.0,1.8315,0.0,0.0,1.34,42.25,49.5,,10989.974,11676.416,21.0,0.0,47.853215,3.542979,233.0,,,259.981056,500.023134,259.981056,159.59431800000002,469.920672,209.91157200000004,136.0107654,370.971743
2024-08-10 07:01:45+00:00,85.0,19.955,1.0,91.8,,370.5957,-134.0125,21.0,1.83483,0.0,0.0,1.34,42.25,49.5,,10989.974,11676.43,21.0,0.0,47.853215,3.542979,233.0,,,259.981056,500.023134,259.981056,159.045003,469.920672,209.91157200000004,135.49807,370.971743
2024-08-10 07:01:46+00:00,85.0,19.955,1.0,91.87,,370.6776,-133.8305,21.0,1.83816,0.0,0.0,1.34,42.25,49.5,,10989.974,11676.444,21.0,0.0,47.853215,3.542979,233.0,,,259.981056,500.023134,259.981056,158.495688,469.920672,209.91157200000004,134.9853746,370.971743
2024-08-10 07:01:47+00:00,85.0,19.955,1.0,91.9,,370.6519,-133.8265,21.05,1.83483,0.0,0.0,1.34,42.25,49.5,,10989.974,11676.458,21.0,0.0,47.853215,3.542979,233.0,,,259.981056,500.023134,259.981056,158.495688,469.920672,209.91157200000004,134.9853746,370.971743
2024-08-10 07:01:48+00:00,85.0,19.955,1.0,91.9,,370.6499,-133.678,21.25,1.85148,0.0,0.0,1.34,42.25,49.5,,10989.974,11676.472,21.0,0.0,47.853215,3.542979,233.0,,,259.981056,500.023134,259.981056,158.495688,469.920672,209.91157200000004,134.9853746,370.971743
2024-08-10 07:01:49+00:00,85.0,19.955,1.0,91.9,,370.6199,-133.0095,21.45,1.83816,0.0,0.0,1.34,42.25,49.5,,10989.974,11676.486,21.5,0.0,47.853215,3.542979,233.0,,,259.981056,500.023134,259.981056,157.94637300000002,469.920672,209.91157200000004,134.4726792,370.971743
2024-08-10 07:01:50+00:00,85.0,19.955,1.0,91.92,,370.6634,-133.013,21.5,1.8315,0.0,0.0,1.34,42.25,49.5,,10989.974,11676.5,21.5,0.0,47.853215,3.542979,233.0,2443.464,,259.981056,500.023134,259.981056,157.39705800000002,469.920672,209.91157200000004,133.95998379999995,370.971743
2024-08-10 07:01:51+00:00,85.0,19.968,1.0,92.0,,370.6182,-133.0075,21.5,1.8315,0.0,0.0,1.34,42.25,49.5,,10989.974,11676.514,21.5,0.0,47.853215,3.542979,233.0,,9453.84,259.981056,500.023134,259.981056,157.39705800000002,469.920672,209.91157200000004,133.95998379999995,370.971743
2024-08-10 07:01:52+00:00,85.0,19.968,1.0,92.0,,370.5939,-132.88,21.5,1.8315,0.0,0.0,1.34,42.25,49.5,,10989.974,11676.528,21.5,0.0,47.853215,3.542979,233.0,,,259.981056,500.023134,259.981056,157.39705800000002,469.920672,209.91157200000004,133.95998379999995,370.971743
2024-08-10 07:01:53+00:00,85.0,19.968,1.0,92.0,,370.5499,-132.3035,21.5,1.8315,0.0,0.0,1.34,42.25,49.5,,10989.974,11676.54,21.5,0.0,47.853215,3.542979,233.0,,,259.981056,500.023134,259.981056,157.39705800000002,469.920672,209.91157200000004,133.95998379999995,370.971743
2024-08-10 07:01:54+00:00,85.0,19.968,1.0,92.0,,370.5024,-131.9185,21.5,1.83483,0.0,0.0,1.32,42.25,49.5,,10989.974,11676.554,21.5,0.0,47.853215,3.542979,233.0,,,259.981056,500.023134,259.981056,156.298428,469.920672,209.91157200000004,132.97121409999997,370.971743
2024-08-10 07:01:55+00:00,85.0,19.968,1.0,92.06,,370.5186,-131.1395,21.5,1.83483,0.0,0.0,1.32,42.25,49.5,,10989.974,11676.568,21.5,0.0,47.853215,3.542979,233.0,,,259.981056,500.023134,259.981056,155.19979800000002,469.920672,209.91157200000004,131.9824444,370.971743
2024-08-10 07:01:56+00:00,85.0,19.968,1.0,92.1,,370.5522,-131.384,21.5,1.8315,0.0,0.0,1.32,42.5,49.5,,10989.974,11676.582,21.5,0.0,47.853215,3.542979,233.0,,,259.981056,500.023134,259.981056,155.19979800000002,469.920672,209.91157200000004,131.9824444,370.971743
2024-08-10 07:01:57+00:00,85.0,19.968,1.0,92.1,,370.5286,-131.3785,21.5,1.8315,0.0,0.0,1.32,42.5,49.5,,10989.974,11676.594,21.5,0.0,47.853215,3.542979,234.0,,,259.981056,500.023134,259.981056,155.19979800000002,469.920672,209.91157200000004,131.9824444,370.971743
2024-08-10 07:01:58+00:00,85.0,19.968,1.0,92.1,,370.519,-131.3835,21.5,1.83483,0.0,0.0,1.32,42.5,49.5,,10989.974,11676.608,21.5,0.0,47.853215,3.542979,234.0,,,259.981056,500.023134,259.981056,155.19979800000002,469.920672,209.91157200000004,131.9824444,370.971743
2024-08-10 07:01:59+00:00,85.0,19.968,1.0,92.1,,370.502,-131.397,21.5,1.8315,0.0,0.0,1.32,42.5,49.5,,10989.974,11676.622,21.5,0.0,47.853215,3.542979,234.0,,,259.981056,500.023134,259.981056,155.19979800000002,469.920672,209.91157200000004,131.9824444,370.971743
2024-08-10 07:02:00+00:00,85.0,19.968,1.0,92.2,,370.50340000000006,-131.407,21.5,1.8315,0.0,0.0,1.32,42.5,49.5,,10989.974,11676.636,21.5,0.0,47.853215,3.542979,234.0,,,259.981056,500.023134,259.981056,155.19979800000002,469.920672,209.91157200000004,131.9824444,370.971743
2024-08-10 07:02:01+00:00,85.0,19.968,1.0,92.2,,370.5257,-130.806,21.5,1.8315,0.0,0.0,1.32,42.5,49.5,,10989.974,11676.65,21.5,0.0,47.853215,3.542979,234.0,,,259.981056,500.023134,259.981056,154.650483,469.920672,209.91157200000004,131.469749,370.971743
2024-08-10 07:02:02+00:00,85.0,19.968,1.0,92.2,,370.6025,-130.6795,21.5,1.8315,0.0,0.0,1.32,42.5,49.5,,10989.974,11676.664,21.5,0.0,47.853215,3.542979,234.0,2443.464,,259.981056,500.023134,259.981056,154.101168,469.920672,209.91157200000004,130.9570536,370.971743
2024-08-10 07:02:03+00:00,85.0,19.968,1.0,92.2,,370.5809,-130.594,21.5,1.8315,0.0,0.0,1.3,42.5,49.5,,10989.974,11676.676,21.5,0.0,47.853215,3.542979,234.0,,9453.84,259.981056,500.023134,259.981056,154.101168,469.920672,209.91157200000004,130.9570536,370.971743
2024-08-10 07:02:04+00:00,85.0,19.968,1.0,92.24,,370.5831,-130.4335,21.5,1.8315,0.0,0.0,1.3,42.5,49.5,,10989.974,11676.69,21.5,0.0,47.853215,3.542979,234.0,,,259.981056,500.023134,259.981056,154.650483,469.920672,209.91157200000004,131.469749,370.971743
2024-08-10 07:02:05+00:00,85.0,19.9797,1.0,92.3,,370.5654,-130.1735,21.5,1.8315,0.0,0.0,1.3,42.5,49.5,,10989.974,11676.704,21.5,0.0,47.853215,3.542978,234.0,,,259.981056,500.023134,259.981056,154.650483,469.920672,209.91157200000004,131.469749,370.971743
2024-08-10 07:02:06+00:00,85.0,19.981,1.0,92.3,,370.6115,-129.7595,21.5,1.83483,0.0,0.0,1.3,42.5,49.5,,10989.974,11676.716,21.5,0.0,47.853215,3.542978,234.0,,,259.981056,500.023134,259.981056,154.101168,469.920672,209.91157200000004,130.9570536,370.971743
2024-08-10 07:02:07+00:00,85.0,19.981,1.0,92.3,,370.5673000000001,-129.7595,21.5,1.83483,0.0,0.0,1.3,42.5,49.5,,10989.974,11676.73,21.5,0.0,47.853215,3.542978,234.0,,,259.981056,500.023134,259.981056,154.101168,469.920672,209.91157200000004,130.9570536,370.971743
2024-08-10 07:02:08+00:00,85.0,19.981,1.0,92.3,,370.5353,-129.754,21.5,1.82817,0.0,0.0,1.3,42.5,49.5,,10989.974,11676.742,21.5,0.0,47.853215,3.542978,234.0,,,259.981056,500.023134,259.981056,154.101168,469.920672,209.91157200000004,130.9570536,370.971743
2024-08-10 07:02:09+00:00,85.0,19.981,1.0,92.38,,370.5144,-129.538,21.5,1.82817,0.0,0.0,1.3,42.5,49.5,,10989.974,11676.756,21.5,0.0,47.853215,3.542978,234.0,,,259.981056,500.023134,259.981056,154.101168,469.920672,209.91157200000004,130.9570536,370.971743
2024-08-10 07:02:10+00:00,85.0,19.981,1.0,92.4,,370.4579,-128.9615,21.5,1.82817,0.0,0.0,1.3,42.5,49.5,,10989.974,11676.77,21.5,0.0,47.853215,3.542978,234.0,,,259.981056,500.023134,259.981056,153.551853,469.920672,209.91157200000004,130.4809793,370.971743
2024-08-10 07:02:11+00:00,85.0,19.981,1.0,92.4,,370.5161,-128.964,21.5,1.8315,0.0,0.0,1.3,42.5,49.5,,10989.974,11676.782,21.5,0.0,47.853215,3.542978,234.0,,,259.981056,500.023134,259.981056,153.00253800000002,469.920672,209.91157200000004,130.00490499999998,370.971743
2024-08-10 07:02:12+00:00,85.0,19.981,1.0,92.4,,370.5196,-128.9785,21.5,1.8315,0.0,0.0,1.3,42.5,49.5,,10989.974,11676.796,21.5,0.0,47.853215,3.542978,234.0,,,259.981056,500.023134,259.981056,153.00253800000002,469.920672,209.91157200000004,130.00490499999998,370.971743
2024-08-10 07:02:13+00:00,85.0,19.981,1.0,92.41,,370.4861,-128.3705,21.5,1.83816,0.0,0.0,1.28,42.5,49.5,,10989.974,11676.81,21.5,0.0,47.853215,3.542978,234.0,,,259.981056,500.023134,259.981056,153.00253800000002,469.920672,209.91157200000004,130.00490499999998,370.971743
2024-08-10 07:02:14+00:00,85.0,19.981,1.0,92.5,,370.4583,-128.1615,21.5,1.8315,0.0,0.0,1.28,42.5,49.5,,10989.974,11676.822,21.5,0.0,47.853215,3.542978,234.0,2443.464,,259.981056,500.023134,259.981056,153.00253800000002,469.920672,209.91157200000004,130.00490499999998,370.971743
2024-08-10 07:02:15+00:00,85.0,19.981,1.0,92.5,,370.1094000000001,-119.1895,21.5,1.83483,0.0,0.0,1.28,42.5,49.5,,10989.974,11676.836,21.5,0.0,47.853215,3.542978,235.0,,9453.84,259.981056,500.023134,259.981056,153.00253800000002,469.920672,209.91157200000004,130.00490499999998,370.971743
2024-08-10 07:02:16+00:00,85.0,19.981,1.0,92.5,,365.1947,1.2634999999999434,21.5,1.8315,0.0,0.0,1.26,42.5,49.5,,10989.974,11676.838,21.5,0.0,47.853215,3.542978,235.0,,,259.981056,500.023134,259.981056,81.51834600000001,469.920672,209.91157200000004,65.00245249999999,185.4858715
